fov,cellID,rep,dbscan_ldp_nbr_allele,chr19-g15,chr19-g16,chr19-g17,chr19-g18,chr19-g19,chr19-g20,chr19-g21,chr19-g22,chr19-g23,chr19-g24,chr19-g25,chr19-g26,chr19-g27,chr19-g28,chr19-g29,chr19-g30,chr19-g31,chr19-g32,chr19-g33,chr19-g34,chr19-g35,chr19-g36,chr19-g37,chr19-g38,chr19-g39,chr19-g40,chr19-g41,chr19-g42,chr19-g43,chr19-g44,chr19-g45,chr19-g46,chr19-g47,chr19-g48,chr19-g49,chr19-g50,chr19-g51,chr19-g52,chr19-g53,chr19-g54,chr19-g55,chr19-g56,chr19-g57,chr19-g58,chr19-g59,chr19-g60,chr19-g61,chr19-g62,chr19-g63,chr19-g64,chr19-g65,chr19-g66,chr19-g67,chr19-g68,chr19-g69,chr19-g70,chr19-g71,chr19-g72,chr19-g73,chr19-g74,chr19-g75,chr19-g76,chr19-g77,chr19-g78
1,13,1,1,,,,,,,,,,,,,-1.3628333333333333,-1.1769,,-1.0929,,,,,,,,,,-0.3976099999999999,,,,,,,,,,,,,,,,1.8486,,,,,,,,,,,,,,,,,1.2145,,,,,
2,10,2,2,,,,,,,,,,,,,,,,,,,,,,,,,1.9157,1.9157,,,-2.4307,,,,,,,,,,,,,,,,,,,,,,,,,,,,,,,,,,,
1,53,1,3,,,,,,,,,,,,,,,,,,,,,-0.95354,,,,,-1.5005,,-1.2065,,,,,,,,,,,,,,,,,,,,-1.268,-1.1381,,,,,,,,,,,,,,,
2,566,1,3,,,,,,,,,,,,,,,,,,,,,,,,,,,,,,,,,,,,,,-0.78487,,,0.038813,,-0.2232699999999999,,,-0.5727099999999999,,-0.085987,,,0.13865,,,0.088733,,,,,,,0.33833,,,-0.43543
1,94,1,4,,,,,,,,,,,,,,,,,,,,,,,,,,,,,,,,,,,,,,,1.5485,,,,,,,,,,,,,,,,,,,,,,,,,
2,210,2,2,,,,,,,,,,,,,,,,,,,,,,,,,,,,-1.0074,,,,-0.6159100000000001,,,,-0.20207,,-0.31392,,,,,,,,,1.80565,,,0.68155,1.1066,,,,,,,,,,,,,
2,1229,1,1,,,-0.63326,,,,-0.427415,1.1436,,,,,,-1.2833,,,,,-0.5465899999999999,,,,,,,,,,0.6885100000000001,,,,,,,,,,,,,,,,,,,,,0.99187,,0.21181,,,,,,,,,,,,
1,94,1,2,,,,-0.92636,-0.6896399999999999,-0.39910999999999996,,,,,,,,,,,,,,,,,,,,,,-0.8402799999999999,,-1.1487,-1.09855,,,,-0.46726,,,,,,,,,,,,,,,,,,,,-0.78289,,-1.0985,,,,-1.0268,,,
2,117,1,1,,,,,,,,,-0.5249199999999999,-0.32147000000000003,0.24716,-0.22235,,-0.5736233333333333,-0.8066300000000001,,-0.984,,-0.84836,,-0.93183,,,,-0.3684199999999999,,,,,,,0.5114806666666666,-0.02411,-0.24322,0.2576,,,1.4679,,,,,,,,,,-0.0188935,-0.65013,,-0.02758733333333327,0.5914699999999999,0.059359,,0.059359999999999996,,,-0.56666,-0.47275,,,0.05935999999999997,-0.49362,
2,1001,1,2,,,,,,,,,,,,,,,,,,-0.54183,,,,,,-0.83401,,,,,,,,,,,,,,,,,,,,,-1.2284,,,,,,,,,,,,,,,,,,,
1,94,1,3,,,,,,,,-0.2951,,,,0.72354,,,0.296715,,,,,,,,,,,-0.27358,,,-0.0798919999999999,0.099445,,,,,,,,,,,,,,,0.46887999999999996,0.2429199999999999,0.44018633333333335,,0.7378899999999999,-0.026090999999999955,0.58724,,,,,,,,,,,,,
0,158,2,1,,,,,,,,,-1.2159499999999999,-1.0509,-1.0898,-1.1027333333333333,-1.3033,-1.2321,,-1.1868,,,,,,,,,-1.0574,-0.27442,,,-0.66915,,,,,,,,,,,,,,,,-0.66268,,,,-1.3551,,,,,,-0.5953839999999999,,,0.07501,,,,,,
2,841,2,1,,,-1.4242,,,,,,,,,,,,,-0.7802399999999999,,,,,-0.5002300000000001,,0.85073,,1.4597,,,,3.1887,,,1.347715,,,,,,-0.61224,-0.29025,0.5637300000000001,,,,,,,1.5577,1.3057100000000001,1.5717,,1.0257,,,0.78773,,0.24173999999999998,,,,,0.64773,0.63373,,
2,603,2,1,-0.99231,-1.0868,-0.94506,-0.9788266666666668,-0.77639,-0.67517,,,,0.10082,-1.2622,-1.36345,,-1.1947,,-0.587445,-0.76289,,,-0.84386,,-0.8933393333333334,,0.10981933333333334,-0.75388,-0.803375,,-0.5908225,-0.25683000000000006,0.8430799999999999,,,-0.37151999999999996,,-0.30404,0.55967,-0.74939,-0.26355,,-0.00714,0.691248,,-0.13310033333333335,,0.26277,-0.47948,0.43821,-0.2568065,0.65413,-0.034132,-0.024009749999999976,0.350491,-0.18258133333333335,,1.37841,-0.39176,0.1683,1.1265,0.35724,1.2524333333333333,0.7047425,,,
0,116,1,1,,-1.2172,-0.9109,-1.1615,-0.6324,,-1.1893500000000001,,,,,,,,-0.4374699999999999,,,,,,,,-1.1986,-1.1012,-1.078,,,,,,,,,,,,,,,,,,,,,,,,,,,,,,,,,,,,,,,
1,144,1,2,,,,,,,,,,,,,,,,,,,,,,,,,-1.0761,,,,,,,,,,,,,,,,,,,,,,,,,,,,,-0.81952,,,,,,,,,,
3,937,2,1,,,,,,,,,,,,,,,,,,,,,,,,,,,,0.25196666666666667,-0.14257,,,,,,,,,,,,,,,,,,,,,,,,,,-0.49328,-0.34715,,,0.697655,,,,,
3,157,2,3,,,,,,,,-0.50981,,-0.33208,-0.088869,,-0.5877566666666667,,,-0.5986750000000001,-1.0804,-0.20580000000000004,,,,,0.24788,0.2011099999999999,,,-0.20112,1.043,,-0.20112,,,0.51915,0.34142,2.8811,,,,,,,-0.3882033333333333,-0.088869,,,,0.738955,,0.9276166666666666,0.18863666666666667,0.8372,,0.9027000000000001,0.25723333333333337,0.21982,,,0.69688,,0.74365,1.0149,,,-0.1169299999999999
1,142,2,1,,,,-0.31701999999999997,0.18575499999999995,,-0.4155399999999999,,-0.92511,,,0.0023050000000000015,-0.50047,-0.25926899999999997,,,,-0.8164000000000001,-0.8503700000000001,-0.54463,-0.48348,-0.772918,-0.62616,-0.5514233333333333,-0.574526,-0.6284266666666666,-0.52085,-0.21001124999999998,-0.666925,-0.21001375,-0.44271666666666665,-0.64654,-0.461395,-0.52017,-0.548025,-0.23662400000000003,0.2299199999999999,-0.66693,0.93652,0.40656499999999995,0.47451,0.21293,0.67155,-0.16415,,0.40657,-0.26607,0.31484799999999996,-0.1369755,0.55604,0.18915119999999996,0.46262000000000003,0.59001,0.41608,-0.15056,0.35124257142857146,0.33863999999999994,-0.469895,-0.19812,-0.13697399999999998,0.07591166666666667,0.5968100000000001,-0.31815333333333334,-0.170945
1,98,1,1,,-0.99253,-0.80793,,-0.7653399999999999,-1.0635,,,-0.89313,,-0.24706,,-1.2268,,,,,,,,,-0.71563,-1.1913,-0.6375339999999999,0.7398,,-1.1629,-1.1274,,,,-0.20090999999999998,,,-0.34645,,,,,,0.7114199999999999,1.314855,,-0.38195,0.29610000000000003,0.86759,-1.3191,0.17182,0.46291,,,,,,,1.7196,,1.55979,2.5218,,3.9489,1.8828,,
0,610,2,1,,0.42716,0.1883100000000001,0.27831,-0.06438524999999999,,-0.3153425,0.26793,,,,-0.54208,,,,,-0.099,,-0.1509255,,-0.099,-0.22361666666666657,-0.2097699999999999,,,,,,-0.61131,,,,-1.0544,-0.2236199999999999,-0.95055,,-0.822455,-0.60439,-0.8813200000000001,-0.50054,,0.61755,,-0.61131,,2.0749,,2.3449,0.6140899999999999,-0.91593,1.8463999999999998,1.6941,,-0.45552500000000007,1.3756,-1.0959,,2.1129499999999997,-1.2275,,,,,
3,823,2,1,,-0.3054199999999999,-0.56224,-0.6392899999999999,,-0.2711823333333333,,,-0.087129,,,,-0.31826,,,,,,,,,,,1.88395,,0.73468,0.5934425,0.73468,0.59343,,,0.0284405,-0.0486065,-0.035767749999999994,-0.13849,-0.0100845,,0.0027559999999999,,,-0.27974,,,-0.318265,-0.34395,,0.7218399999999999,0.56775,0.23817,0.477865,0.15685,-0.12565,0.15685,,,0.6351675,,,0.69616,,0.298094,0.41366,0.2981,
0,275,1,2,,,,,,,,,,,,,,,,,,,,,,,,,,,,,,,,,,,1.8911333333333333,,,,,,,4.68375,3.5872,,,2.9709,2.10014,4.7984,4.2143,,2.6183,2.6269,3.3651,,,2.3331,,,3.1644,2.9279,1.53045,,1.68805,2.35815
2,80,2,2,,,0.4613899999999999,-0.53325,0.1825875,-0.23937999999999998,-0.759305,,-0.60106,,,,,-0.52571,-0.51064,,-0.23184,,-0.024624999999999994,-0.3448699999999999,-0.4805,,,0.98131,-0.058535,0.02435,,-0.51818,-0.35994,0.009281,,,,,,,,,,,,,,,,,,-3.0123,,,-3.0123,,,-3.0123,,-0.20924,,0.99638,,,,,0.250406,
3,157,2,4,,,,,,,,,,,,,,,,,,,,,,,,,,-0.35079,,-0.73431,,,,,,,,,,,,,,,,,,,,,,,,,,,-0.96349,1.5762,-1.1833,-0.5472265,-0.1169299999999999,,-0.6532399999999999,,0.6454375,0.99155
0,352,1,1,,,,,,-0.51874,,-0.64612,-0.86449,,,-0.55877,,-0.23849,,0.45302,,,,,,-0.27125,-0.74803,-0.43503,-0.28945,-0.3331199999999999,0.32198499999999997,0.47486,0.4991066666666666,-0.4641399999999999,,0.033259999999999956,-0.35058999999999996,0.47486,-0.6242800000000001,-0.3840699999999999,0.038111,,,,1.4211,1.9016,,1.1275533333333334,0.35838,,,0.60588,-0.5078199999999999,0.45058333333333334,-0.23970666666666665,-0.234855,-1.2466499999999998,2.7023,0.321997,,,0.067228,-0.25305,0.27104,0.7077899999999999,,-0.67524,0.7708699999999999
3,718,2,1,,,,-1.144,-0.90098,,-0.951025,-0.81519,,,-0.57212,0.97207,,0.04269000000000006,-0.3648,,,-1.0011,,,-0.20037,-0.8723799999999999,-0.6150074999999999,-0.8723799999999999,,-0.7151,,-0.34335,-0.472035,-0.5482913333333334,-0.7294,-0.82949,-0.7437,-0.6960500000000001,-1.0797,-0.7008,,,1.3867,0.014098,-0.24327,,-0.5435300000000001,0.27146,-0.48633,,,0.0569919999999999,0.014098,-0.3290599999999999,-0.36479999999999996,-0.7008,-0.60072,-0.65791,-0.686505,-0.18607,-0.3290599999999999,,0.10345500000000005,0.18567,-0.20037,-0.2289699999999999,0.14278,0.11418499999999995
0,37,1,1,,,,2.5724,,,,,,,,,,,,,,,,,,,,,,,,,,,-1.1269,,-0.9537800000000001,-1.1405,-0.48205,-0.8531133333333333,,,-0.8282299999999999,,,-1.0862,-0.7399849999999999,,,,,,,,,,,,,,,,,,,,,
2,636,2,1,-0.8611233333333335,-0.61206,-0.6120599999999999,-0.35168,,-0.8271700000000001,-0.28658949999999994,-0.012061,-0.34036,-0.17055,-0.091307,,-0.6347066666666666,,,,,-0.15923499999999996,,-0.5894199999999999,0.38415999999999995,-0.5554600000000001,-0.5781,-0.67999,-0.872445,-0.53282,-0.623405,,0.28794,0.18039000000000002,-1.0989,-0.72527,-0.80452,-0.20451,-0.38565000000000005,,0.0105799999999999,-0.7479100000000001,-1.2573,,-0.8611200000000001,-0.9177233333333333,-0.79886,-0.53282,-0.6460250000000001,-0.7932,-0.3479126666666667,,-0.17055,,-0.4762135,-0.3714975,-0.26394925,-0.6347,-0.5837600000000001,-0.5215,-0.5866100000000001,-0.8554625,-1.0649,-0.45548000000000005,-0.6082933333333335,-0.14413966666666667,,
0,407,1,1,,,,,-0.56843,,,,0.007214,-0.60841,-0.35256,-0.44584,,-0.38054999999999994,-0.38854500000000003,0.93464,1.0546,,,,,,,,,0.59885,,0.8786799999999999,,,,1.1905,1.1905,1.1905,0.55887,,,,0.85469,,,0.42296,,,,,1.0546,0.25506,0.39497499999999997,,1.0412533333333334,0.8946700000000001,,,,,,,,,,,1.9420000000000002,
2,172,2,2,,,,,,,,-0.39394,-0.46536333333333335,-0.37354,-0.5163800000000001,-0.11846,,-0.33612666666666663,,,,,,,,,,-0.47047,-0.3327233333333333,,-0.41435,-0.34293,-0.27661,-0.71024,,,,,,,,,,,,,,,,,,,,,,,,,,,,,,,0.16723,,,
2,875,2,1,,-1.3424,,,,,-1.3424,-1.3885,,,-1.123475,,-1.1964966666666668,-1.3885,,-0.74321,,-0.42055,,,-0.76626,,,,,,,,,,,,,,,-0.92759,-0.69712,,,,,,,,,,-0.4666399999999999,-1.0889,,,,,,,-0.85845,-0.097884,-0.65102,-0.69712,-1.0659,-0.6510199999999999,-0.8815,,,
0,620,2,2,,,,,,,,,,0.99695,,,1.4063,,,,,,,,,,,,,,,,,,-0.026376,0.075957,,-0.59097,-0.5556800000000001,,,,0.044198,-0.132236,,,,,0.015969,-0.22398,-0.4215899999999999,,-0.29456,0.55233,,0.15006,-0.347485,-0.033433,,,-0.1251799999999999,-0.34396,-0.269855,,-0.16752,,,
0,275,1,1,,,,,,,,-0.84172,-1.14985,-0.84172,-0.58372,-0.68406,-0.5574466666666666,,,,,,,,,,0.14487799999999998,-0.12506,,,,,,,,0.24043,0.24043,,,-0.39023,0.40526,,,,,,,,,,0.7851,,0.1221835,,,,,,1.5519,,,,,0.79943,,0.84243,,
3,62,2,1,,,,,,,,,,,,,,,,,,,,,,3.6417,3.07735,,1.211345,1.4997,2.29475,1.1949,,,3.5841,3.64175,2.027,3.93835,3.5429,3.6335,,,1.9446,,,0.6016699999999999,0.53576,1.36376,,2.2741333333333333,,,,,1.1372,,,,,,1.1454,,,,,2.0846,,
2,1001,1,1,,,-0.42496,,,,-0.31783,-0.74635,,,0.20322,,0.3347,-0.42496,-0.74635,,-0.162,-0.35922,-0.11818,-0.08895999999999998,,,-0.41035,-0.41035333333333335,-0.22044,-0.4395699999999999,,-0.001307,,0.18861,,,-0.001307,-0.62218,-0.42496,,-0.9801,,0.97748,,,-0.68792,-0.68792,-0.74635,,-0.33731,0.0023452500000000036,-0.20583,0.2287825,0.43696,0.56844,0.6414799999999999,0.44061999999999996,0.62689,1.4498133333333334,1.54725,,,-0.20583,1.4206,0.32010500000000003,0.81679,1.6641,0.04252
3,91,2,2,,,,,,,,,,,,,,,,,,,,,,,,0.229263,-1.343945,,,,,-3.4608,-3.4608,,,,0.65745,,,,,0.3784099999999999,,,,,,,1.2444000000000002,,,,0.34954,-3.4608,,,,,,,,,,0.44576,,
1,189,2,1,,,,0.115,0.98164,0.72245,-0.26837666666666665,0.017802,0.23649,0.14739,-0.16039,,,,,-0.70305,-0.3952699999999999,-0.30617900000000003,-0.50866,-0.68685,-0.3952699999999999,,-0.04091949999999995,-0.46007,-0.43172,-0.44387,-0.33048,-0.20088,-0.22113,-0.28188,-0.42605079999999995,-0.6868500000000001,-0.6848275,-0.67335,-0.43577000000000005,,,0.7265,0.4632699999999999,-0.20088,,,,,-0.5815600000000001,-0.33047499999999996,-0.33857,0.5199699999999999,-0.5714325,-0.3628699999999999,-0.04294500000000001,,-0.010544999999999999,0.1392928333333333,-0.030795,-0.06724500000000001,0.96544,0.25269,2.0751,0.136593,0.8169343333333333,-0.16039,0.098796,
3,455,2,1,,,,,,,0.41366,,,,,,,,1.4286,,,,,1.5923,,,,0.11535333333333335,0.31543999999999994,,,0.10808,0.080795,,0.89386,0.00985799999999995,0.11899,,,,,,0.5228,-0.4266899999999999,,,0.053515000000000035,,,,-0.4376,0.3590966666666667,,,,,0.56645,,,,,,,,,-0.372115,,0.26087
0,884,1,1,,,,,,,,0.038051,,,,-0.43692,-0.574125,-0.28914766666666664,-0.278591,,,,,,,,,,,,,,,,,,,,-0.50024,-0.54246,,,,,-0.9541,-0.98576,-0.79578,-0.8802200000000001,,,,,,,,-0.98576,,,-0.9118550000000001,,,,-1.0596,-0.93299,,,,
2,730,2,1,-1.0754,-0.8848600000000001,,0.19029,,-0.71472,-0.7850366666666666,,,,,-0.98012,,-0.76237,-0.41533,-0.53101,0.4760899999999999,-0.58545,,,0.13585,-0.72154,,-0.46296499999999996,-0.1227299999999999,,-0.6535,-0.78959,0.1494599999999999,-0.14995,-0.21799,-0.94837,-1.1026,,,-0.73515,,-1.1026,-0.2452099999999999,,,,-0.38131,,-0.38131,,0.25153375,0.17668000000000006,0.32639,-0.02746,0.809525,0.8843799999999999,-0.06828499999999998,0.27195,-0.6058650000000001,-0.6262800000000001,-0.8032,1.0477,-0.46296,,0.285535,1.2382,-0.531015,
1,826,1,1,,,-0.28744,-0.97349,,,-0.6209399999999999,,1.4563,,-0.39226,-0.222652,,0.13496666666666668,,,,,,0.37954,,-0.22551,,,,-0.211217,,,,-0.31603,,-0.36367,-0.1969255,0.04128499999999996,-0.4375175,,,,-0.91632,,-0.7066899999999999,,,,0.51294,,,,,,-0.46848,,,-0.60188,,0.5463100000000001,-0.27792,0.074634,0.34617499999999995,0.39860500000000004,1.8279,-0.16358,,
0,89,2,2,,,-0.33944,,,-0.577415,,,,,,,,,,,,,,,,,,,,,,,-1.0005,,-0.92116,-1.0587,,,,,,,,,,,,,,,,,,,,,,,,-0.78366,,,,-0.75722,,,,
3,741,2,1,,-0.65466,-1.0875,-0.56941,,-0.64155,,,0.13226,,-0.96943,-0.99566,,,,,-0.844835,,,,-1.0088,,,-1.0306533333333332,-1.0088,-0.47433775,0.43391,,0.10603,-0.1169299999999999,-0.0972579999999999,-0.51038,-0.61532,-1.2513999999999998,0.1716,-0.28087,,,-0.35301,,-0.72024,-0.76614,-0.52351,-0.6022,,-0.35301,,,-0.7727,0.7617933333333333,0.2503,1.0241,,,0.43390999999999996,-0.65466,1.1815,-1.3367,0.02733700000000005,-0.5934543333333333,-0.5103949999999999,,1.010976,
1,820,1,1,-0.18095,,0.073044,0.11212,,-0.43006500000000003,,,,,,0.5810350000000001,,,,0.77642,,,,,,0.85457,,,0.61035,0.80084,,0.31727,,,,,0.2782,,0.22446350000000004,0.8057300000000001,,0.17074,,,,,,,,,0.6591899999999999,,,1.6556,1.1818,0.77642,0.6591899999999999,,0.62011,,,,,,,2.613,0.74711,
0,844,1,1,,,,,,,,,,,,-0.07467,,,0.0929379999999999,0.36949,0.36949,,,,,,,,0.65442,0.2312135,,,0.31502,,0.33597,0.084557,0.1683599999999999,,0.20188,0.6292800000000001,0.40301,0.1599799999999999,,,,,,1.8109,,1.4757,,,,,,,,,0.81365,,0.72147,0.71309,1.0343433333333334,,,,,0.32759
3,455,2,2,,,,,,,,,0.26087,-0.30664,-0.40486,,,,-0.36121,,,,,,,,,,,,,,,,,,,-0.68861,,-0.3448375,,,-0.83412,-0.7031666666666667,-0.73227,-0.31755,-0.14293,-0.7541,,-0.23297225,0.2827,,-0.361205,0.78473,0.48460000000000003,,-0.80866,,,0.17901999999999996,,0.42458,0.6446649999999999,-0.001056,,,-0.61222,
0,89,2,1,,,-0.1173299999999999,,,-0.014202499999999979,0.58603,,0.3692,0.94563,0.3692,0.38506666666666667,,,,-0.1186495,,0.18411,,,,,,,0.90333,,,0.30045,0.06600333333333334,-0.39232000000000006,,,,0.06247466666666666,0.464395,0.36744,,,0.59131,,0.23434999999999997,0.05190000000000006,0.155025,0.64949,,0.9191875,1.1122,0.18675499999999998,0.7830075,1.0197,0.572805,1.1698879999999998,1.19683,1.5247199999999999,1.23123,0.92448,,0.69179,,1.6913,1.2788000000000002,1.6543,,0.7076600000000001
1,53,1,1,,-0.92619,,,,,,,,,,,-0.53647,-0.96721,-0.60484,,,,,-0.61852,,,,-0.98772,0.3079115,-0.44075,,-0.7279100000000001,,,-0.48177,-0.03736033333333333,-0.21513,-0.07838000000000003,,,,-0.12624,,,,,,,,-1.3569,-0.820205,,-0.10573266666666668,-0.57066,-1.0903,-1.0629,,-0.8886,-1.1979525,,,,,,,,,
1,831,1,1,,,,,,,,,,,,,,,,,,,,,-0.6898850000000001,,,,,,,,,,,,,,-0.90954,-0.7358600000000001,,,,,,,,,,,,,,,,,,,-0.18416,-0.21992,,,,,,,,
0,55,2,1,,-0.251193,-0.4847399999999999,,,-0.22783666666666666,-0.5840000000000001,,-0.610275,,-0.837985,-0.9810399999999999,,-0.9012533333333334,,0.8026949999999999,-1.0161,1.6522,,-0.57816,-0.40884,-0.78252,,1.3603,0.53704,0.48449,0.68593,1.0430566666666667,,,,,1.372,1.0771350000000002,,,,1.027495,0.8173,,,3.2734666666666663,2.0668,1.42452,,1.6727,0.09038000000000002,1.36908,0.43194499999999997,-0.7066100000000001,,-0.385485,,,,1.407,0.70053,,0.29181,-0.040996000000000005,,0.408588,0.33852,0.5925100000000001
0,646,2,1,0.46252,,0.022811,,,,,,0.90223,,,0.21468,0.46252,0.61442,-0.44088,,,-0.16906,,,,,-0.44088,,-0.73669,,-0.68072,,,,,-0.68072,-0.717498,-0.7047100000000001,,,,,,,,,,,,,,,,,,,,,,,,,,,,,,
1,612,2,1,,,,,,,,,,-0.4906523333333333,,,-0.42695,,,,,-0.40958,,,,,,,,-0.61805,-0.54856,-0.51381,,,,-0.37483,,,-0.51381,,-0.9741850000000001,,,,,,-0.6267400000000001,,,,-0.539875,-0.9134,-0.531207,-0.8265299999999999,-0.89602,,,,-0.0013074999999999996,,-0.739665,,,,-0.122917,-0.98289,,
2,566,1,1,,,,,,0.26345,,,,,,,,0.38825,,,,-0.85975,,0.088733,-0.94711,0.73769,-0.47287,0.088733,0.5879300000000001,,,0.15113,,,-0.4603899999999999,,-0.68087,-0.53527,,-0.67255,,,,,,,,,,,,,2.3601,,,1.7527666666666668,1.6737,,,,1.0372,-0.12343,,,-0.27319,-0.44791,,
2,792,2,1,,0.5786100000000001,0.2323,,1.3058599999999998,,-0.554097,,,,,,0.7229,,,,,,,0.2323,-0.93648,-1.1241,-0.44588,-0.93648,,-1.1096,-0.958115,,-0.936475,-0.503605,,,-0.8787706666666667,,,,0.40545,-0.099577,,,,-0.0707179999999999,,,,,-0.6984,,-0.7633300000000001,-0.59018,,,-0.57575,-0.86434,,-0.44588,-0.027429499999999954,-0.79219,,,-0.14286633333333332,,-0.27273,
3,353,2,1,-0.19555,,-0.87615,-0.38238,,0.6229533333333334,,-1.05633,,-1.2765,-0.11548,,,-0.71601,,-1.26315,,,,,,0.344935,-0.86948,-0.7382533333333333,-0.7026699999999999,-0.909535,-0.8427849999999999,-0.812106,-1.232033333333333,-0.342345,,-1.1764350000000001,-0.78274,-1.53675,,,,-0.9562499999999999,,-0.24893,-1.2632,-0.602557,,-0.6003533333333333,-1.3165,,,,-0.19821799999999998,-0.485805,-0.8895,-0.8094399999999999,-0.71601,-0.50249,-0.782735,-0.75605,,1.8662800000000002,-0.35569,0.0313209999999999,0.92545,-0.782735,-0.87615,-0.70267
2,578,2,1,,,,,,,,-1.1945,-0.7788233333333333,-1.122,-0.8827449999999999,-1.034995,,,-0.6724899999999999,,,-1.673,,-1.47,,-1.354,,-1.0204966666666666,-1.0059900000000002,,-1.39025,,,-1.6295000000000002,,-1.2525,,-0.8078233333333333,-1.30325,-1.035,,-1.3105,-1.5135,-1.6585,0.21203,,-0.7449899999999999,-1.1945,-0.91899,,-1.1365,-1.3685,-1.216245,-0.77399,,-0.75949,-1.0495,0.038023,-0.94799,-0.8174899999999999,-0.7413624999999999,,-0.51298,,,,,
1,713,1,1,,,-0.3513699999999999,-0.1001799999999999,,0.1614799999999999,-0.372305,,-0.536275,-0.696755,-0.72816,,-0.047847,-0.7386199999999999,,0.54873,,-0.14204,-0.14204,,,,,,,,0.5278,0.6534,,,,,,,,,,,,,0.119615,,,-0.1891415,0.78946,2.6211,2.1640133333333336,1.4488,1.4749800000000002,2.1709666666666667,,1.7733,,,1.3929966666666669,1.9512,1.3023,0.4964,0.5068699999999999,,,0.616765,0.37081,
2,172,2,1,-0.5878066666666667,,-0.2459975,-0.15671749999999998,,-0.3276255,-0.450065,-0.38374,,,-0.047034,-0.38374,-0.28171,-0.17457550000000005,-0.2409,-0.25109899999999996,,,,-0.42455,,-0.71024,-0.83268,-0.73065,-0.661266,-0.6235200000000001,,-0.72045,,-0.434755,-0.53169,-0.77146,,-0.46944800000000003,-0.71024,-0.530666,,-0.18988,-0.48236999999999997,-0.46537,-0.274906,-0.38373999999999997,-0.44240949999999996,,-0.36333499999999996,-0.85309,-0.94492,,,-0.91431,-0.6974925000000001,0.64679,-0.75786,-0.9041049999999999,0.027789999999999964,-0.43986000000000003,-0.49597499999999994,-0.46537,,-0.10825,-0.189878,0.06520100000000001,-0.057237,0.46820500000000004
0,406,1,1,,,-0.44185,,,-0.7055600000000001,-0.1982166666666667,0.49244,-0.47199,0.14585,,,,,,,1.4192,0.7034100000000001,,0.28147,,-0.69803,-0.86379,-0.81104,0.8842399999999999,,-0.261015,,,-1.1275,0.20613,-1.0936,,0.49998,0.09310866666666669,-0.65532,0.7184966666666667,1.2760449999999999,-0.96174,,0.93699,1.2534,1.05,,1.811,,-0.20074,-0.29116,0.2664,,0.040367,-0.21581,0.26640666666666674,-0.20074,0.15714999999999996,-0.64528,-0.07767333333333337,-0.144235,0.22684900000000002,-0.04251333333333333,-0.25725,,,-0.69803
2,516,2,1,-0.708345,0.29051,,-0.91891,-0.28180025,-0.44378000000000006,-0.19181666666666666,-0.90811,,-0.19541350000000002,,0.2257199999999999,,-0.5841566666666668,,-0.65975,,-0.15222,,,-0.72454,-0.6057600000000001,,0.12854,1.068,,,-0.54097,-0.5931566666666667,-0.78933,-0.18462,-0.16302,,,-0.34659,0.2365199999999999,0.74945,-0.14142,0.42369666666666667,0.37152,,0.079945,0.23651500000000003,,0.3283075,0.18253500000000006,1.1814,0.6484142857142857,-0.1090265,-0.7137399999999999,0.4920866666666666,1.227295,0.970805,0.8277399999999999,0.71165,0.618786,0.843392,0.33371,0.16093233333333332,-0.1846155,,-0.6057600000000001,0.70085,1.29475
2,770,2,1,,0.0952635,-0.13986,,,-0.088248,,,,,,-1.0976,-1.0976,,-0.053839,,,,,-1.01728,,-0.77642,-0.62732,,,,,-1.2008,,,,,,,,,,,,,,,-1.0173,-1.0173,-1.0173,,-0.56997,,,,,,,,,,,,,,,,,
2,68,1,1,,,,,,,,,,,,,,,,,,,,,,,,,,,,,,,,,,,,-0.81162,,,0.068323,,,0.98417,0.853975,-0.33573,0.33769,0.98418,,0.49931,0.67889,,1.5588,,,,,1.5378800000000001,0.4903399999999999,,3.9943750000000002,3.4354,,0.0593455,1.7654,
3,157,2,1,,,0.21982000000000002,,,0.11692,0.17305,-0.056127500000000004,-0.22606266666666666,-0.53787,,,,,,,,,,,,,1.0336,0.35078,0.92138,0.7343,,,,,,0.7623596666666668,0.53786,-0.10757999999999995,,,,,,,1.10379,,-0.10758,0.2104675,,,,,,0.2011099999999999,,,,,,,,,,,1.1646,,,
2,230,2,1,,,-1.0604,,-0.92377,-0.85544,-0.8066300000000001,,-0.81152,-0.782225,-0.40637,-0.586975,,-1.0507,-0.27946,,-0.7317933333333334,-0.58209,,,0.98963,-0.49423,-0.9107566666666668,-0.8261466666666667,-0.831035,0.21841,-0.562565,,-0.81641,,-0.52352,-0.58209,-0.2892245,-0.2355354999999999,-0.45192866666666665,-0.56257,-0.47471,-0.15255,,0.176925,-0.09885999999999999,,,,-0.015882,,,,2.3612,,0.37461,2.0049,1.3118,,-0.55281,,-0.10374,-0.29899,1.7706,,0.37135333333333337,-0.45518,,-0.0500495
0,215,1,1,,,-0.093641,-0.29528,,-0.2448699999999999,-0.54732,,,,-0.36729,,-0.42489999999999994,,-0.050433,,,-0.15125,-0.64094,-0.59053,-0.59053,-0.633735,,,,,,0.1296,,,,-1.2770666666666666,-1.10185,,,-0.2736699999999999,-0.61214,,,-0.18245666666666668,,-0.80297,0.583285,,-0.64094,-0.78497,1.4762,0.51847,0.586885,,,0.31683500000000003,0.1224005,0.13199666666666665,0.27723,0.050385,0.09539249999999999,0.51127,-0.18005999999999994,-0.10084,-0.28088,0.35044000000000003,0.770525,0.54728
0,27,2,1,-1.0000533333333335,-1.0222375000000001,,,,,,,,,,,,,,-0.43668,-0.36059,-0.5743533333333333,,,,-0.6051449999999999,-0.75732,,-0.8134800000000001,,,-1.0236,-0.89861,-0.56167,,,,-0.4910199999999999,,,-0.95839,-0.95839,,,,,,,,,,,,,,,,,,,,,,,,,,
2,210,2,1,,0.46903,,-0.25799,,,-0.11818,0.08874249999999999,,1.9678,0.50259,0.68714,-0.011924999999999991,,0.35718,,,-0.7911466666666667,-1.0186,-0.95708,-0.532025,-0.9738466666666667,,-0.49288,-0.246806,-0.42578,,,-0.44814,,-0.90672,,,-0.13496,-0.056660000000000044,,,,,,,0.692735,1.64905,0.99473,0.08501466666666664,,,-0.06783,0.91644,,2.8291,,,,,,,,,,,,,0.9947333333333334
2,199,2,1,,,-0.35912,-0.48635,,-0.554215,,,-0.257328,,-0.168265,-0.39305,-0.17674600000000001,0.1074099999999999,-0.42698,-0.08768250000000001,,,0.327955,,,-0.82565,-0.2912599999999999,0.48063749999999994,-0.17371857142857142,0.10458333333333332,0.12437833333333333,0.16961749999999998,0.09610266666666667,-0.333668,-0.09051033333333332,0.49760499999999996,0.171882,0.45518333333333333,-0.5485566666666667,-0.58814,,,0.4976,0.616355,,3.8481,,,,3.1441,,,,,2.0159,0.78601,,,,,-3.2686,,,,-3.2686,0.6587813333333333,1.278,
1,843,2,1,,,-0.08667,,-0.98878,0.072526,-0.28301,-0.2034099999999999,-0.15035,,1.4841,0.86851,,,,-0.81897,,,,,,-0.61732,-0.41567,,,,,,-0.61732,,,,,,,,,,,,,-0.352,-0.23525,0.68808,0.7836,0.4546,0.3237,,,1.7812,0.019461,0.37323866666666666,-0.22464,,2.0943500000000004,1.6963,,1.9404,0.52889,2.7895,,,,
2,947,1,1,,,,,,,,,,,,,,-0.54038,,,,,,,,,,,-0.35715,,,,,,,,,,,,,,,,,-0.15356,,,,,,,,,,0.070385,,,,,-1.5176,-1.6397,-1.2122,,-1.1715,,,
1,53,1,2,,,,-0.98772,,-1.0356,,,,-0.2857766666666667,-0.44075,,,,,1.0189599999999999,,,1.2002,-0.5159600000000001,0.31817,,0.44465000000000005,,,,,,,,-0.33136,-0.3279385,-0.79628,,-0.33819333333333335,,,,,0.5677395,,,-0.3758,,-0.2835,-0.80996,-0.80996,-0.8031200000000001,-0.7518400000000001,-0.6048399999999999,-0.35871999999999993,-0.93302,-0.69372,-1.0151,-0.72107,-0.59117,-0.91251,,-0.83047,-0.6435833333333334,-0.8509766666666666,-0.65954,,-0.64586
2,569,2,1,0.04481533333333335,,-0.6793750000000001,0.032644,,,-0.56375,-0.95323,-1.1844999999999999,-0.7787700000000001,-0.7098,-0.58809,-0.35277000000000003,-0.98975,,-1.1723,0.40995,-0.51912,,,0.11784,,-0.38929333333333344,,-0.60026,0.016403333333333325,-0.478545,0.57427,-0.702496,-1.2088,,,,,0.37344,,,-0.5028833333333333,,-1.4157,-0.78283,-1.19665,,-0.75849,,,1.6514,,1.65755,,-0.81934,,1.4567,0.483,0.40587999999999996,1.0104,0.5722166666666667,-0.60026,-0.7179166666666666,1.2254,-0.94106,-0.77066,0.0021999999999999797,
2,181,2,1,,0.8608349999999999,0.43922999999999995,,,-0.030264000000000048,0.0128539999999999,0.8656200000000001,,,-1.3573,,,0.76981,,,,,-0.92615,,-0.70577,-0.724935,-0.7632666666666666,-0.75368,,-0.015891,0.16137,,-0.00631,,,,,0.53985,,,-0.12129,0.019243333333333317,,,,0.24600666666666668,0.9326813333333334,0.24600666666666662,,,0.044789999999999996,0.4024933333333333,0.4248699999999999,0.6787799999999999,0.07992675,0.13422833333333337,-0.3225099999999999,-0.01588999999999992,0.32426,0.4903283333333333,0.8253640000000001,2.2166,-0.09733649999999995,,0.04798333333333332,0.17893699999999998,-0.325701,-0.09734000000000001
1,36,1,1,,,,,1.0916649999999999,-0.32567633333333335,-0.6463,,,,,,-0.18807,,-0.501812,-0.77428,-0.6421633333333333,,,,-0.1715576666666666,-0.4330066666666666,-0.44401999999999997,-0.6628125,-0.8417,-0.7440000000000001,-0.6229106666666666,-0.34494,-0.8568374999999999,-0.60502,,-0.94764,-1.1954,-0.962528,-0.7379439999999999,-0.5183300000000001,-1.1912500000000001,-1.3109,-0.65869,,1.2403,-0.064222,0.1070975,0.018340000000000044,,,,-0.62566,-0.8485849999999999,-0.57612,-0.79698,-0.2706335,-0.8651,-0.53897,-0.19632499999999997,0.5302399999999999,-0.02294999999999997,-0.75776,-0.12202,-0.10825466666666665,0.16283000000000003,-0.6008899999999999,,-1.1045500000000001
2,641,2,1,,,-0.87169,,,,,,-1.4716,-0.75581,-0.7762600000000001,,-1.6488,-1.1444,,,,,-1.34885,-0.96713,,,,,,,,,,,,0.000837,-0.65356,-0.605845,,0.8052,-0.33999,0.58707,,,,,0.028104,,,,,1.9368,0.512085,0.30077,-0.012796,,0.2326,,1.2278,,,,,1.3414333333333335,1.4051,,,1.555
0,158,2,2,,,,,,,,,,1.10821,0.663875,1.641,,0.18178149999999998,0.8968299999999999,,,-0.17736,,-0.29384,,0.068539,,-0.10618,-0.96682,-0.72739,,-0.59797,-0.5623883333333334,-0.92152,-0.81152,,,-0.8276950000000001,,-0.5332600000000001,-0.52032,-0.32619,0.39209999999999995,0.13325,-0.16441999999999996,,,0.036184,,0.27560999999999997,-0.2571683333333333,-0.17951400000000003,-0.37149000000000004,0.46974,0.19148566666666667,-0.11696333333333335,-0.26148,-0.10078666666666668,-0.11265,-0.627095,-0.25501,0.30149,0.314436,-0.42972575,-0.0479389999999999,-0.497675,-0.510615,0.46974333333333335
0,613,1,1,,,,,-1.0578,-1.0399625000000001,,-0.883575,,,,,,,,,,,-0.18674,,-0.71728,,-1.034,,,,-0.37679,-0.37679,0.24086000000000002,,-0.5114,-0.44805,-1.2795,,,,,,0.92977,1.05648,,,,-0.40054,,,0.97729,,-0.9271450000000001,-0.10359499999999999,-1.1766,0.0746,0.27253,-0.18278000000000005,,2.466,1.6662,2.1096,2.1492,,1.6662,,,
1,339,2,1,,,,,,,,,-1.002,-0.27416,-0.5678566666666666,-0.21030739999999998,,,,,-0.33801,-0.1592299999999999,,0.1791605,0.3260099999999999,-0.10176799999999994,-0.60617,0.019542,,-0.031536,-0.4657,,0.24939,,,-1.2319,-0.172,,-0.60617,,,-0.6764,-0.63171,-0.78494,,-0.47208500000000003,-0.47081,-0.15604249999999997,,-0.682785,,,,,,,,-0.3124699999999999,-0.33162,-0.267774,,,,,,,,
0,99,2,1,0.98705,0.6975600000000001,-0.046848,0.6975600000000001,-0.5183,0.8257650000000001,1.0201,-0.927705,-0.70027,-0.617558,,-0.5431199999999999,-0.72922,-0.95667,0.35017,-0.61342,,,,-1.17585,0.507335,1.8555,2.0292,,,0.15164333333333332,,-0.6837300000000001,,0.35568333333333335,-0.96495,,,-0.013763,-0.04684500000000001,,-0.5376033333333333,1.40888,-0.50176,,-0.53485,-0.5679299999999999,-0.77471,,0.35844,-0.5513899999999999,,,0.5817599999999999,-0.11577333333333334,0.67274,0.61898,-0.12129,0.92915,0.13098299999999996,1.1607,0.17978339999999998,,1.1525,0.031730000000000036,0.413569,,-0.19021333333333335,-0.07993
2,555,1,1,,,-0.991725,-1.23062,-1.502,,-1.2994,-0.81399,,,,,,,,-0.6649166666666666,-0.555985,-0.35531,,,-0.97453,,-0.57318,-0.613315,-0.74519,,,,-1.1236,-1.2268,,-1.3185666666666667,,-1.3185333333333333,-1.2268,-1.3759,,0.60792,-0.8713200000000001,,,-0.733705,-1.3071,,-1.2727,-0.53878,-0.6649149999999999,0.18364,0.14924,,,-1.3071,0.14924,-0.4585159999999999,-0.8120716666666666,,-0.7490193333333334,-0.705032,-0.9538820000000001,,-0.6419750000000001,,,-1.3931
1,81,1,2,,,,1.2885,,,,,-0.7884399999999999,-0.69509,-0.94401,,,,,-0.0105659999999999,,,,,,,,-0.93623,-0.85068,0.362811,-0.43062,,-0.671755,-0.64842,-0.5110033333333334,,-1.16765,,,0.92288,,,-0.64842,-1.0503,,-0.4383899999999999,,,-0.6173,,-0.7469666666666667,-0.51618,-0.566745,-0.58619,-0.64064,-0.6717550000000001,-0.434504,-0.1350299999999999,-0.44616999999999996,-0.3450515,-0.50581,-0.201145,-0.33986333333333335,-0.60564,-0.29059866666666667,,,
0,544,1,1,,,,0.1411599999999999,,,0.44547,,,-0.5218,,1.8692,-0.380515,-0.44573,0.16289,,,,,,-0.6196200000000001,,-0.000129,-0.81525,,,,-0.42399,,0.29875,,,-0.467465,-0.90219,-0.000129,,,,,-0.23923,,,,,,-0.5218,-1.32065,,-1.3043,-0.97828,-1.4456,-1.1522,-1.1956,-1.4239,-1.0923500000000002,,-1.2717,,,-0.77177,,,,
0,190,1,1,,,,,-0.03479,,-0.66469,,,0.621,,,,,,,,-0.7941199999999999,-0.785495,,1.10854,-0.77687,,-0.02616,,,,0.30173,,,,0.09895750000000003,,,-0.54389,-0.518,0.16367,,,,,,,,2.9939,0.06444499999999997,-0.75961,-0.50937,,-0.0693039999999999,-0.751005,-0.44681499999999996,-0.46191499999999996,,,,-0.457602,-0.40582333333333337,-1.0875,-1.0702,-0.74235,-0.30228,,-0.3885700000000001
0,407,1,2,,,,,,,,,,,,,,,,,,,,,,,-0.352566,,,,,,,,,0.32702,,,0.015209,,,,-0.000782,1.0706,,,,,,,,0.231075,0.42296,,1.5982,,,1.5742,1.0146,,,-0.50447,,-0.65638,,,,
1,144,1,1,,,,,,-0.27373,-0.7371233333333334,,,,-0.19909,,,0.3358166666666667,,,,,,,,,,,-0.6655800000000001,-0.41367,,,,-0.24574,-0.60027,-1.0247975,-1.160075,-0.9983400000000001,-1.2534,,-0.012494,-0.012494,0.30472,-0.2892776666666666,,,,-0.33904,,-0.4976399999999999,,-0.10113300000000003,,-0.30172,-0.30171749999999997,0.6265750000000001,-0.24574,,-0.6313666666666666,-0.57228,,,-0.3141583333333333,-0.040483,,-0.80553,-0.0591429999999999,-0.390355
0,750,1,1,0.11999749999999999,,,,0.009295,,0.6243,-0.36791,-0.335109,-0.5401100000000001,,,-0.56881,,,,,0.1733,-0.35971,-0.0563059999999999,0.849797,-0.26950999999999997,-0.26131,,,-0.77791,,,,-1.0649,,,,,,,,,,,,,,,,,,,,,,,,,,,,,,,,,0.5669,
0,18,2,1,0.91442,,,,-0.1476299999999999,0.0025603333333333324,0.135585,,,,1.1461,-0.083262,,-0.12832,,,,,,,-0.614285,-0.36004,,,,,,-0.92646,-0.8814,-0.48233,-0.45658666666666664,-0.3428716666666667,-0.39651,-0.4458566666666666,-0.736575,,,,-0.64969,-0.95864,,,,,,,-0.022111500000000006,0.624765,,0.3608699999999999,0.3093845,-0.24417499999999995,-0.18624866666666665,,0.64408,0.72132,0.4906716666666667,-0.027478,-0.48877,0.12056666666666664,0.19351,,,
2,80,2,1,-0.42776,,,,,-0.69902,,,,,,,,,,-0.67642,-0.78191,,,,,,,-0.06795349999999997,-0.2559536,-0.52571,-0.26198,-0.493685,-0.14142000000000005,-0.6161350000000001,-0.31473,,-0.830885,-0.7492533333333333,,-0.62367,,,,,,,-0.30719,,,,,0.34836,0.28808,0.33329,-0.27705,,0.062027,,-0.19039999999999996,-0.167795,-0.31473,-0.37500999999999995,-0.42776,0.370965,0.099702,0.30315,0.30315,-0.2243099999999999
0,116,1,2,,,,,,,,-0.51173,-0.3477333333333334,,,,1.19625,,,,-0.5210100000000001,,,0.2680099999999999,,,,,,,,,,,-0.60455,-0.66025,-0.46531,0.073073,,-0.53957,-0.40961499999999995,-0.15898999999999994,,,0.56505,-0.2611,,,0.2680099999999999,-1.375,-0.7128366666666667,0.24944,0.10092,-0.33536,,,-1.245,-0.24253,-1.017635,-0.8644699999999998,,-0.50244,,,0.045226,,,
0,353,1,1,,-0.1788,,,,,-0.91505,-0.77069,,-0.21489,,,,-0.68407,,0.5574549999999999,-0.50723,,,,-0.12828,,-1.3987,,-1.1749,,,,-1.04856,-0.94392,,-1.2735333333333332,-0.9962575,-1.3193,-0.8121925,-1.1966,-0.846455,-0.48918,-1.2687,,-1.0522,-1.0811,,-0.9655900000000001,,,-0.51084,,-0.85912,-0.91504,-0.8717300000000001,-1.3457333333333334,-0.45850500000000005,-0.3448199999999999,-0.756275,,-0.58663,0.107514,,,,,,0.37699
2,63,1,1,,,,,,,,-0.48789,,,-0.51166,-0.8206899999999999,-0.8206899999999999,-0.51166,,-0.48789,-0.23829,-0.25018,-0.47601,,,,,,-0.60675,,,0.16582,-0.30960666666666664,,,0.29656,-0.000579,-0.000579,-0.35715,,,,,1.5683,,1.0335,,,1.4138,,1.27119,,,0.85519,1.3306,,0.6977025,,,-0.61863,-0.74938,,-0.1947093333333334,0.07073499999999996,,,,
0,27,2,2,-0.89861,,,,,,,-0.029082,,,,-0.4022533333333333,,,,,,-0.14864,,-0.14864,-0.099732,,0.26438,0.7480600000000001,,1.21,0.715455,1.6420649999999999,0.234495,0.1665599999999999,0.041567,0.15569200000000002,0.35496333333333335,0.28884,0.38395,0.29156,0.4926399999999999,0.41112,0.23178,,,0.91653,,,,-0.07799,1.006195,0.83775,0.6108425,0.75893,0.5216233333333333,0.28069,0.7833925,0.9138050000000001,,1.0442550000000002,1.2915,0.95593,0.81599,0.9110925,0.75893,,,0.2571383333333333
2,648,2,1,,-0.6741199999999999,,0.5656399999999999,,,-1.25485,,,,,-1.0134,,-1.060402,,,,,,,,,,,-1.0526,-1.1439,-1.0004,-1.0395400000000001,,-1.2091666666666665,,-0.4566233333333334,,,-0.33917066666666656,,,,,-0.4653199999999999,-1.1048,,,-0.4914199999999999,,,-1.006915,-0.8894599999999999,-0.7176333333333332,-1.1048,-1.4702,,-0.980785,-1.3266,,-0.92208,,,-0.33482,-1.0265,,,,
1,233,1,1,,,,-0.6613,0.14098,-0.12099,-0.8905200000000001,,,,0.14098,0.52575,,0.742695,-0.74316,,,-0.30928,0.8695799999999999,0.74679,,,,-0.65311,-1.0597066666666668,-0.91508,-0.55487,-0.57124,,3.7267,,,,,,,-1.2998,-0.87005,,,,,-1.0788,-1.1034,,-0.12917,-1.1443,,,,-1.072675,,-0.73498,-1.2425,,1.02104,-0.44845,-1.3326,,,,,,
2,244,2,1,,,,0.12814,,,,,,,,-0.7918066666666667,-0.83834,,,,,,,-0.23698,,-0.84908,-0.97794,-0.74169,-0.75243,-0.43564499999999995,,-0.011464499999999996,-0.4839699999999999,-0.70948,-0.81686,-0.301405,,-0.7739050000000001,0.07981500000000001,,,,,0.1066599999999999,0.36439,0.65435,,0.52547,1.28792,2.5264666666666664,1.6887999999999999,,,,,0.074444,1.2986525,0.17109,2.4852550000000004,3.135,1.24496,,0.99261,1.9322,0.879822,0.0314889999999999,3.4213,
1,208,2,1,0.804425,,-0.27380499999999997,-0.7510833333333333,,0.9921525,2.2145,-0.3087275,0.2806199999999999,0.74769,,,,-0.57065,-0.71907,0.45958,0.20857199999999998,-0.23888,0.10744033333333329,0.031773,,0.30243,0.225596,0.1758315,0.14963949999999998,0.4072,0.210755,0.2820563333333333,0.5789,,,1.4177760000000001,1.7109666666666667,0.23258,1.5116225,0.99217,0.6123675,1.4112500000000001,-0.33927999999999997,0.59927,0.5169537142857142,1.6557,0.8131674999999999,0.765142,0.20639,0.5163485,0.37081499999999995,0.8240875,0.96377575,0.28995128571428574,0.04341233333333333,-0.2679833333333333,0.632442,1.6265966666666667,2.4022,3.071818,2.939114,2.42835,2.5746,1.9907374999999998,1.8128475,1.836123333333333,1.4985,1.08385
0,250,1,2,,,-0.39982,,,,,,,-0.41565,,,,,-0.44732,,,,,,-1.1678,,,,,,,,,,-1.3974,-1.3974,-1.3974,,,-1.3657,-1.2113,,,,,,,-1.3182,,,,,,,-0.7560899999999999,,,,-0.73234,,,-0.52649,-0.5528833333333333,-0.58191,,,,
1,468,1,1,,,,,,,,,0.19322,,,-0.11559,,-0.21852500000000005,0.32704,,-0.26999,0.188075,,,-0.52733,-0.91849,0.13146,0.19322,,,,-1.042,,-1.3199,-0.4295445,-0.517054,-1.4023,-0.63027,,-0.16706,,,,0.16234,,,-0.851585,,,,,,,,1.0991,0.21381,0.96525,3.1475,-1.1758,-0.68174,,0.291011,,,,0.62556,,
2,852,2,1,,,,-0.20221,-0.20221,,,,,-0.76552,,,,,,,,,,,,,,,,,,,,,,-0.33365,,,,,-0.20221,,,,,,0.88687,,,1.5441,3.234,,,3.4781,3.2716,,,,6.2947,,3.1965,0.79298,1.6943,,1.54405,,-1.1223,
1,137,1,2,,,,,0.254935,-0.02011999999999999,,,-0.6029,-0.096371,,,,,-0.13722,,,,,,,,0.68794,,,-1.0522,,,,-0.88885,-0.57839,,,,-0.80715,,,0.76964,,,,,-0.17807,,,,0.20591333333333325,-0.2025799999999999,-0.25977,,-0.62741,0.15281499999999998,0.1589365,-0.18624,,,,0.07928000000000002,,0.16506499999999996,-0.0841155,0.92486,,
0,620,2,1,,0.17829,,,0.5770299999999999,,,0.8487399999999999,,1.2016,0.5358633333333334,0.7711100000000001,0.22769,0.6793600000000001,,,,,,,,,-0.72506,-0.46393,,-0.46393,,0.086542,,0.39707,,,,,,,,,,,,,,,,-1.085,,,,,,,,,,,-1.1308500000000001,-0.926195,,-0.97207,,,,
2,711,2,1,,,0.8733,,,-0.4565,-0.59613,,,-1.0815,,-0.823526,,-1.0283,,,,,,-1.2677,,-1.0815,-1.0017,-1.148,,,-1.0815,,-0.5806166666666667,,-1.0682,-0.5495899999999999,,,,,-0.7158125,,,,-0.503045,-0.323524,-0.057561,,-0.5362899999999999,,-0.3900099999999999,-0.24373,0.22834975000000005,0.31745,0.34579999999999994,0.44114,0.492986,0.6818161999999999,0.15520999999999996,0.44333,0.079854,-0.27033,0.457743,0.235,,,1.79085,0.5585733333333334
2,260,1,1,,-0.78241,,,,-0.486934,-0.4717766666666667,-0.11188,,,-0.22553,-0.46419,,0.8712000000000001,,-1.1915,-0.7483275,,,1.0473,0.20634,,0.7215333333333334,-0.145971,-0.702855,-0.38464,,-0.44146,-0.33918,,-1.1802,-1.237,-0.93015,-0.75968,,,,,,0.746165,0.96779,0.041549999999999976,0.01314000000000004,-0.4869199999999999,-0.6725499999999999,,-1.1290499999999999,,-0.56648,-0.23689,-0.7104333333333334,-0.57785,-0.82217,-0.15355,-0.8392299999999999,-0.37327000000000005,-1.1234,-0.61574,-0.77483,-0.7331605,-0.7966025,,-0.032325000000000007,-0.4301
3,86,2,1,,-0.24605,0.5697399999999999,,-0.85788,,-0.41452,-0.547535,,,,-0.64507,-0.7448275,,,,0.34806,,,,,,,,-0.26378,0.07612666666666659,-0.37905,0.028837,0.39239,1.0486,-1.589425,0.36283333333333334,,0.8889600000000001,-0.5652699999999999,,,,,-0.45886,,-0.15737325000000002,,,-0.16624,,,,,0.08204,-1.6293250000000001,,,,,,1.1816,,,0.791415,0.17071,,,
1,84,1,1,,,0.15538,,-0.43951,-0.18601,0.87197,,-0.29755,,-0.6017600000000001,0.391991,-0.64232,-0.40571,-0.75048,,,,,,,,,,,-0.29079,-0.53754,-0.70992,-0.50712,-0.5172549999999999,-0.081223,0.4798699999999999,-0.10150333333333329,-0.25699,-0.020381,,,,,,,0.1418599999999999,,,0.18919,,0.25003,0.6849333333333333,0.31763,,0.1351,-0.5611999999999999,-0.19952999999999999,,-0.192767,-0.08798500000000005,-0.202905,-0.34825,-0.0812255,-0.35163,0.1080599999999999,,0.36495,0.31087
0,250,1,1,,,-0.25731,,,,-0.585875,,,,,-0.38398,-0.8511,-0.86693,,,,,,-0.44732,,-0.11479899999999996,-0.17022,,,,,-0.926295,,,,,,,,,,,,,,0.6056600000000001,,-0.58983,-0.09105,,,,0.669,-0.015835000000000002,2.8779,1.9568633333333334,0.5607966666666666,-0.083132,,,,0.72442,0.85901,0.8986,,2.197,,2.1099
2,591,2,1,,,,-0.6581100000000001,-0.701625,-0.91335,,-0.87854,0.0264009999999999,,,0.242969,,0.71091,,,-0.49568,-0.33326,,-0.29845,-0.10702,0.096012,0.200426,,-0.85534,-0.53049,-0.55949,-0.7199833333333334,,,,-0.71612,-0.71612,-0.92495,,,-0.6581100000000001,,,,,-0.43767,-0.26364,,1.4882,0.096014,0.19752500000000006,-0.32165,,,-0.35646,1.4418,-0.69291,1.8131,0.59199,0.35511999999999994,0.37446,-0.53049,-0.8901399999999999,0.68771275,-0.263645,0.6761,2.37,0.7979400000000001
1,1034,2,1,,,,,,-0.697,,,,,,,,,,,,,,,,-0.73583,-0.73583,-0.66302,,,,-0.90087,,-1.0659,,,,-0.66787,,,,,,,,,-0.095085,,-0.046543,,0.147625,-0.046543,-0.49312,,-0.43001999999999996,-0.27954,-0.49312,-0.036835,-0.09023049999999999,-0.10964599999999994,,-0.13715399999999991,0.176748,,,,,
0,885,1,1,,,-0.38095,,,,-0.39628,-0.44995,,,,,,,,,,,,,,,,,,,,,,,0.6923555,-0.15095,,,-0.42695,,-0.43461,0.1787099999999999,1.436,,,0.8329133333333333,,,1.436,,,,,,,,,,,,,,,,,,,
3,28,2,1,,,,,,,,,,,,-0.940245,0.19312,,,-0.23938500000000001,0.5172566666666666,-0.38776666666666665,,-0.29305499999999995,-0.2678,-0.242545,0.07736666666666667,-0.33094,-0.15415,-0.097322,,,-0.24254,,,-0.084693,-0.22044249999999999,0.20785333333333333,,-0.17309,,-0.37514,-0.065752,1.1844,0.40148,-0.36566499999999996,-0.32463,-0.26359,0.265731,-2.5661,-0.8192240000000001,1.3991,,,,0.43305,0.95712,0.17418,0.5403899999999999,,,-0.04681,-0.24886,-0.26149,0.066842,,,0.9129
2,198,2,1,-0.4661899999999999,,-0.030231,0.09123033333333334,,0.01965333333333334,,-0.22543,0.08038499999999998,0.1346066666666667,-0.25146,0.09340000000000001,-0.319785,-0.24821000000000001,0.01206500000000002,-0.14735,,,,,-0.0172175,,0.43826,0.69853,,,,,,,-0.4336549999999999,,0.58141,,,,0.1064099999999999,1.3883,-0.069272,-0.010711,,,-0.1603645,,,,,,,,,,-0.34256,0.13895,-0.23519612499999998,-0.44015999999999994,-0.16037,-0.599575,-0.36858,-0.25146,0.14545,-0.7720100000000001,,
1,718,1,1,,,,,,,-1.0056,,,,,,-0.8474700000000001,,,,,1.3053,,,,0.64631,,-0.6190100000000001,,-0.13573,-0.82111,,,-0.46963,,,,,-0.47256000000000004,-0.334898,-0.54871,-0.01710500000000001,0.083944,,,,-0.2236,-0.1533,,-0.17088,,,,-0.45645,,0.76932,,,-0.25875,,,,,-0.7596,-0.671735,,,
1,194,1,1,,,,,,,,,,,,,,,1.0947,,,,,,,,,,,-0.71572,,,-0.59053,,,,,-0.099412,0.7768900000000001,0.5618299999999999,,,,,,,3.5695,3.5695,,,0.09639199999999999,,0.680595,0.14454,,0.72875,0.6806,-0.68683,,-0.54238,-0.35941,,,-0.86979,,,,
3,91,2,1,-0.4491,-0.4491,-0.91096,,,0.34954,-0.82917,-0.69927,-0.8147399999999999,,,-0.82436,-0.7521950000000001,,,0.2725599999999999,-0.4587199999999999,,,,,,-0.4587199999999999,,-0.386555,-0.42985,,-1.5556333333333334,-0.5381025,-0.64154,-1.9116499999999998,-0.28552,-0.28552,,-0.4491,,,,,-0.6511600000000001,,,0.28699499999999994,-0.17006,,,,,-0.3240099999999999,,,0.080121,,0.30143,,0.3687825,0.18596,-0.473152,0.320675,0.74407,0.0897429999999999,,-0.1075105,-0.2181699999999999
0,164,1,1,,,-0.8295799999999999,,,,,,,1.255,0.13317,,,,,,,,,-0.60354,-0.23519,-0.29379,,-0.4863399999999999,,,,,-0.71237,,,-1.1561,,,,,-0.7542300000000001,,,-0.3189,-0.12914666666666663,0.73593,0.14154,,0.19177,,0.032707,,1.3554,1.7824,1.0289,0.12898,0.07456499999999999,1.09593,0.8029,0.91173,,1.1294,,,2.201,2.3935,1.2968,2.5107
1,94,1,1,,,0.37204,0.18553,-0.18032249999999994,-0.42421999999999993,-0.5569299999999999,-0.73985,,0.02771,-0.6591525,-0.5533399999999999,-0.4385699999999999,,0.031297,-0.13011,,-0.56052,0.52268,-0.008157,0.27878,-0.065545,0.036934000000000015,-0.07272,-0.056578499999999955,,-0.5676899999999999,,0.4079066666666667,-0.30227,,0.6518,-0.55693,-0.09423999999999993,-0.5031273333333333,-0.1588,,-0.51748,-0.23771,0.49398000000000003,,-0.22097,-0.23771,-0.21619,-0.07630499999999996,0.09585700000000004,0.0277093333333334,,0.6840849999999999,1.1970166666666666,-0.48878,-0.09185,-0.72551,0.10184,0.009777500000000015,0.4294266666666666,0.3074766666666667,0.13772000000000006,-0.23531666666666662,-0.44215000000000004,-0.6286649999999999,-0.05837249999999998,0.4652997142857143,0.50116
0,26,1,1,,,,,,,,,,,0.62479,,,,,,,,,,-0.6702433333333332,,-0.72165,-0.27679,,-0.72758,-0.71275,-0.83435,,,,-0.3716933333333334,-0.48834666666666665,,-0.63861,-0.09587999999999999,,-1.0775,-0.2827199999999999,1.0163,1.4374,,0.09392599999999995,,,1.2476,1.1052,,,-0.49032,0.52694,1.1685333333333334,1.76955,,1.142305,0.96289,,,0.577345,0.18587,,,0.34008,0.84426
0,310,1,1,,,0.29219,,,,,,,,,,,,,,-0.7471,-0.88882,-0.58513,-0.22070500000000004,,-0.6593600000000001,,0.1336,0.7106100000000001,,-0.0452399999999999,-0.0857309999999999,,,,0.03911999999999999,0.2112099999999999,0.16397,0.282065,,,,,,,,0.59588,,,,-0.011497,1.03118,1.081795,0.27195,-0.103728,-0.254445,0.29219,1.0345,0.8590700000000001,0.13697,-0.90906,,-0.45691,0.10998,,,,
0,310,1,2,,,,,,,-0.5243899999999999,,,-0.8483299999999999,,-0.99679,-1.0778,,,,,,,,,,,-1.0822766666666668,-1.14075,-1.1588,,,-1.0575,,,,-0.649243,-1.287,-1.395,-1.233,,,,-1.3747,-1.233,,,,,,-1.1588,,,-1.125,,-0.81458,,,-0.72685,,,,,,,,,
1,137,1,1,,-0.66009,0.32846,,,,-0.639665,-0.7336199999999999,,,,,,,0.034348,,,,,,,,,0.3448,-0.414997,-0.18624,,,,,,,-0.3251265,,,,,,,,,,,,,,,,,,,,0.46735,,0.79413,0.98205,,,,,,,,
1,843,2,2,,,,,,,-0.26709,,,,,-0.3148500000000001,,,,,0.5607300000000001,0.07783500000000006,,,,,,,,-0.79774,,-0.5111899999999999,-0.17157,,,-0.52181,,,-0.5536399999999999,,-0.77652,,,,,,0.07606233333333333,0.68808,-0.097283,0.11498,-0.96755,,-0.95694,-0.8472766666666667,,-0.6013999999999999,,,0.08314000000000002,-0.38384,-0.097283,,,,,,,
2,566,1,2,,,,,-0.94711,,,,,-1.4837,,,,,,,,,,,,,-0.43543,,,,,,,,,,,,,,,,,,,,,,,,,,,,,,,,,,,,,,,,,
1,98,1,2,,,,,,,,,,,,,,,,,,,,,,,,,,-1.2339,,-1.2481,,,,,,,,,,,,,,,,,,,1.8544,,1.57755,1.0238,-0.06956500000000006,-0.1902599999999999,0.46291,,,,,,1.7869950000000001,0.7610899999999999,1.2474049999999999,0.44871,,
