fov,cellID,rep,dbscan_ldp_nbr_allele,chrX-g548,chrX-g549,chrX-g550,chrX-g551,chrX-g552,chrX-g553,chrX-g554,chrX-g555,chrX-g556,chrX-g557,chrX-g558,chrX-g559,chrX-g560,chrX-g561,chrX-g562,chrX-g563,chrX-g564,chrX-g565,chrX-g566,chrX-g567,chrX-g568,chrX-g569,chrX-g570,chrX-g571,chrX-g572,chrX-g573,chrX-g574,chrX-g575,chrX-g576,chrX-g577,chrX-g578,chrX-g579,chrX-g580,chrX-g581,chrX-g582,chrX-g583,chrX-g584,chrX-g585,chrX-g586,chrX-g587,chrX-g588,chrX-g589,chrX-g590,chrX-g591,chrX-g592,chrX-g593,chrX-g594,chrX-g595,chrX-g596,chrX-g597,chrX-g598,chrX-g599,chrX-g600,chrX-g601,chrX-g602,chrX-g603,chrX-g604,chrX-g605,chrX-g606,chrX-g607,chrX-g608,chrX-g609,chrX-g610,chrX-g611,chrX-g612,chrX-g613,chrX-g614,chrX-g615,chrX-g630,chrX-g631,chrX-g632,chrX-g633,chrX-g634,chrX-g635,chrX-g636,chrX-g637,chrX-g638,chrX-g639
2,947,1,1,,,-0.7135199999999999,-1.1498,,,,,,-1.5771,,,,,,,,,,,,,,,,,,,,,,,,-1.5681,-1.5681,-1.2622,-1.5186000000000002,,-1.5681,,,-0.08386,-1.2982,,,,,-0.3357199999999999,,,-0.63256,,,,,,,,,,,,,,,,,,,,,,,,-1.721,-1.5591,,
1,144,1,2,,,-0.64763,,,-0.6057899999999999,-0.53498,,,,,-0.815,,-0.6701600000000001,,,,,,,,,,-0.35474,-0.084385,,,,,,,,,,,,,,,,,,,,,,,,,,,,,,,,,,,,,,-0.88902,,,,,,,,,,,,,,-0.21313,0.1602299999999999
0,215,1,2,0.20397,,,,,,,,,,,-0.0625575,,-0.40858,,-0.53249,,,,,-0.4717,,,,,-0.80837,,,,,,,,,,,,,,,,,,,,,,,,,,,,,,,,,,,,,,,,,,,,,,,,,,,,
2,10,2,1,,,-0.56386,,-0.56386,,-0.56386,,,,,,,,,,,,,,,,,,,,,,,,,,,,,,,,,,,,,,,,,,,,,,,,,-0.72875,,,,,,,,,,,,,,,,,,,,,,
1,194,1,1,,-0.8923700000000001,-0.7393474999999999,-0.7440422,-0.8566333333333332,-0.345045,-0.14176,-0.6131125000000001,,,,-0.41877,,-0.21176000000000003,0.6781225000000001,-0.24005,,0.61332,0.26929,0.001218,0.22461,0.541835,-0.12835,0.099513,0.190361,,,,,,,,,,,,,,,-1.3079,0.4301399999999999,0.95289,,,,,,,,,,,,,-1.357,,,,,,,,,,-1.0532,-1.05765,-1.1336,,0.61779,,,,,,,,,-0.29813
1,663,1,1,,,-0.66289,,-0.57472,,-0.98247,,,,,,-0.99349,,-1.1753,-1.1974,-1.0155,,,,,,,,,-1.2635,-0.49758,,,,,-0.67942,,-0.49758,-0.13392,,,,-0.61605,,,,,,,,,,,,,,,,,,,,,,,,,,,,,,,,,,-0.93288,-0.56921,-1.1808,-0.53615,-1.3241,
2,210,2,2,,,-0.45419,,,,,,,,,,,,,,,,,,,,,,,-0.6734600000000001,,,,,,,,,,,,,,,,,,-0.51253,-0.4562,-0.57891,,,,,,-0.61311,-0.51253,,,,,,,,,,,,,,,,,,,,,-0.58394,-0.5199033333333333,,,
2,808,2,1,,,,,,,,,,,-0.52984,-0.33952,,-0.26115,-0.35631,,,-0.32272,-0.36471,-0.6278100000000001,-0.4150899999999999,-0.03162999999999999,,0.1503,-0.261145,,-0.24155,,,,-0.45147,,,,-0.70618,-0.49346,-0.3171199999999999,,,,-0.13799,,,,-0.52704,-0.52704,,-0.44028,-0.56063,-0.57556,-0.52984,-0.55503,-0.58862,-0.49346,-0.5718300000000001,-0.031632,,,,-0.20517,,,,,-0.54384,-0.585825,-0.595615,,,-0.43188,,-0.1715799999999999,-0.26115,-0.43468000000000007,0.120911,-0.55503,,0.074728
1,942,2,1,,,-0.5608,-0.7981,-0.71596,,,,,,-0.8437399999999999,,,,,-1.2088,,,,,,,,,,,,-0.067963,,,,,0.19671,,,,,,-0.48324,,,0.27885,,,,0.27885,,0.55265,,,,,-1.2088,,-1.3731,,,,,-1.4278,,,,,,,-1.1084,,,0.1784599999999999,-0.89849,,,,,,0.1784599999999999,
3,853,2,1,,,,,,0.5337,0.598005,,,,,,,,,,,,,,,,0.20914,,,-0.46039,,-0.1889,0.68067,,,,,-1.1565,,,,-0.46447,,,-0.017437,,-1.2238,,,,,,,,,,,,,,,,,,,,,,,,,,,,,,,,,0.4785899999999999,,
3,455,2,1,,,-0.55013,,,,,,,,,,,,,,,,,,,,,,-0.28141,,,,-0.2478199999999999,,,,,,,,-0.089474,-0.115865,,,,,,,,,,,-0.52613,,-1.4714,,-1.4714,0.36638,,,,,,,,,,,0.38558,,,,,,,,,,,,,
2,172,2,3,,,-0.8826299999999999,,,,,,,,,,,,,,,-0.1604575,,,-0.31521,-0.19141,-0.1286475,-0.005705,,,,,,-0.11919,-0.80182,,,,,,,,,,,,,,-0.2722199999999999,,,,,,,,,,,,,,,,,,,,-0.18969,,,,,,,,-0.2791,-0.6505,,,,
2,181,2,2,,,,,,,,,,,,,,,,,,,-0.5191899999999999,-0.4416899999999999,,,,,,,,,,,,,,,,,,,,,,,,,,,,-0.34179,,,,,,,,,,,,,,,,,,,,,,,,,,,,,,
0,884,1,1,,,,,,,,,,-0.14922,,,,,,,-0.0208789999999999,,,,,,,,,,,,,,,,,,,,-0.49682,-0.22410666666666665,,,,,,,,-0.22409,,,,,,,,,,,,,,,,,,,,,,,,,,,,,,,,
0,620,2,1,,,,,-1.8215,,,,,,,,,-0.74195,,0.39673,,0.57798,,,,,0.19579,-0.34006,0.6725399999999999,,,,,,0.32187,,,,,,,,,,,-1.9122,,,-1.89445,,,,,,,,,,,,,,1.0981,,1.1651,,,,,,,,,,,,,,,,,
1,94,1,2,,0.08614166666666667,0.0385075,-0.15942133333333333,,0.1715555,-0.028017,0.22576,,0.61751,,,0.37359,0.40069,,0.011405,0.13953,0.02536666666666665,0.41055,0.62244,,-0.6834,0.81708,,0.69882,,-0.3902,-0.44441,,-0.388975,-0.3015,-0.3347649999999999,,,,,,0.55838,0.65693,0.060682,-0.37296,,-0.59224,-0.5614399999999999,,,-0.24729999999999996,,,,-0.2497599999999999,,,,-0.53064,,-0.4370199999999999,,-0.33599999999999997,-0.44687,,,-0.52818,0.42533,,,,,,,0.64708,,0.092712,,-0.01241366666666667,0.4832335,,
2,244,2,3,,-0.2566199999999999,,,,,,,,,,,,,,,-0.039545,,,,,,,,,,,,,,,,,,,,,,-0.44556,,,,0.077032,,,,,-0.29883,,,,,,,,,,,,,,,,,,,,,,,,,,,,,-0.14607,
0,55,2,2,,,-0.5807100000000001,,,,,,,-0.55176,,-0.62574,,,-0.5051100000000001,,,,,,,-0.30888,,,,,,,,-0.16895,,,,,,,-0.12552,-0.080487,,,,,,,,,,,,,,,,,,,,,,,,,-0.45525,,,,,,,,,,,,,,,
1,142,2,2,,,,,,,-0.160635,-0.16249,,,-0.279805,,,-0.36439999999999995,-0.230408,-0.35143,-0.39136,,,,,,,,-0.071101,,,,,,-0.2131199999999999,-0.17483549999999998,,,,,,,,,,,-0.1834783333333333,-0.073571,-0.04949,,,,,-0.3292,,,,,,,,,,,,,,,,,,,,,,,,,,,,
1,77,2,1,,-0.7394553333333332,,,,,,,,,,,,,-1.6876,-1.612,,,,,,,-0.53168,,,,0.96321,,,,,,,,,,,,,,,,,,,,,,,,,,,-0.38945,-0.38945,,-0.44240499999999994,,-0.362215,-0.67995,,0.22787,,-0.173085,-0.11105,,,,,,,,,1.4474,1.6229,1.4847000000000001,1.1357,
1,81,1,2,,,,,,,,,,,,,,,,0.54159,,,,,,,-0.52963,-0.40281,-0.44608,,,,,,,,,,,,,,,,,,,,,,,,,,-0.0909929999999999,,,,-0.42817,-0.21333,,,,0.16264,,,,0.094008,,,,,,0.48639,,,0.47893,,,,,
2,1001,1,2,,,0.34207,-0.30306,,,,,,,,,,,,,,,,-0.059173,-0.047372,,-0.36207,,,,,,,,-0.015902,-0.027702499999999998,-0.23226,,,0.37353,0.29879,,-0.51155,0.26339,,,,,,,,,-0.14178,,,-0.54695,,,-0.035571,,,,,,,,,,,,,,,,,,,,,,-0.19685249999999999,
2,578,2,1,-0.056118,,-0.39025,,-0.20871333333333333,-0.16908,-0.09773533333333333,-0.20712833333333333,,-0.19048500000000002,,0.36125,,0.5515,,,0.31131,,,-0.215455,-0.37439333333333336,0.044953,-0.0085545,0.09965,0.14245633333333332,0.02355,0.2685,0.1369073333333333,0.18289,0.059222,0.083003,0.16861499999999996,0.4516199999999999,-0.01331149999999995,-0.026391,0.2399599999999999,-0.095358,-0.076333,,-0.064442,,,,,-0.18335,,,-0.04898500000000001,-0.045417000000000006,-0.07990049999999999,-0.32366,-0.18731299999999998,-0.327225,-0.13103,-0.0906015,-0.11200399999999999,,,,-0.37598,,,-0.25945,0.35292500000000004,,,,0.06794333333333331,,0.2685,,,,0.15276299999999998,-0.02877,0.20904599999999995,0.323195,
0,648,2,1,0.15043,,,-1.1698,,-1.1698,-1.3397,-1.415,,0.3543,-1.5824,,,,,,0.1827883333333333,,,0.10674,,0.46108,,,,,,,,,-0.7378450000000001,0.4174,,,,,,,-1.0194,,,,,,-0.70386,,,,,,1.0775,,,0.45623,,,,,,,,,0.4659399999999999,,,,,,,,0.99987,,0.11645,0.8493866666666666,,0.59214,1.393,
2,841,2,1,,,-0.26753,-0.46321,-0.25859133333333334,-0.24607999999999994,-0.06648,-0.0128669999999999,-0.28897,-0.38279,0.027343,,,,,,,0.0789445,0.11580499999999998,,-0.12813,-0.036993,-0.007506,-0.1335,,0.24447,-0.053076,0.09972,-0.04145999999999997,,-0.29366275000000003,0.05683,-0.095967,0.043426,-0.59993,,0.035385,,,0.16137,,,,,,,0.027343,,-0.32382,,,,0.7269866666666668,,-0.023589999999999948,0.6001033333333333,,,0.16137,,0.064871,0.1024,,-0.22999999999999998,,,,,,-0.0128669999999999,,,,-0.24072,,-0.42300000000000004,,
2,172,2,2,-0.096837,,0.21209,,,,,0.25909,,,,,,,,,,,,,,,0.051037,,,,,0.047598,,,,,,,,,,,,,,,,,,,,,,,,,,,,,,,,,,,,,,,,,,,,,,,,,,
2,555,1,2,,,,,,,0.02080949999999995,,,,,,,,,,-0.53935,-0.3053,,,,,,,,,0.0816635,,,,-0.055646,,,,,,,,,,,,0.34692,,,,,0.21273,0.0317319999999999,-0.29594,,,-0.061887,,,,0.11599,,,,-0.30218,,,0.3094675,0.046293333333333325,0.145635,0.053576,,,,,,,0.15656,,,,
3,28,2,1,0.26614,,-0.63332,,,,,0.057565,,,,1.1604,1.1434549999999999,,1.5202,,0.6572,0.38433633333333334,0.05409,,,0.57899,,0.35478,0.46688,,,,,,-0.085827,,,0.07059999999999998,-0.044115000000000015,0.049743,,-0.0023989999999999,0.3691190000000001,,,,,,,,,,,,,,,,,,,,,,,,,,,,,,,,,,,,,,,
0,613,1,2,,0.19016,0.07925500000000002,-0.72449,,0.0346649999999999,,0.16272,1.0385,,-0.011068,,,,0.11012499999999996,0.07734666666666667,-0.3891233333333333,-0.21686499999999997,0.20982200000000004,,0.17644,0.39138,0.15814,-0.19171,-0.07204666666666672,-0.14940999999999996,-0.3083275,0.051815000000000014,,,-0.0522269999999999,,0.10098,0.087257,-0.05375133333333334,0.22445,,,0.050671,0.17414999999999997,0.014085,0.41196,-0.38836,,0.10098,,,0.8212649999999999,-0.065947,0.780105,0.829265,-0.47068,0.40967,0.39138,0.074685,-0.14369,,-0.022501,0.13985,-0.18714,,,0.068964,-0.3014699999999999,-0.358065,,-0.26488,,,1.1002,0.96075,,,,,,,0.36394
0,116,1,1,,,,,,,,,,,,,,,,,,,,-0.25136,,,,,-0.23701,,,,,,,,,,,,,,,,,,,,,,,,,,,,,,,,,,,0.44033,,,-0.26571,,,,,,,,,,,,,,,
1,94,1,3,-0.4329106666666666,-0.52818,,,,-0.736375,,-0.55035,,,,,,,,,,,,0.087784,,,,0.41054999999999997,,,,,,,,,,,0.41794,,,,,,,,,-0.47397,,,,,0.095176,0.13213,,0.2356199999999999,,,0.13213,,,,,,,,,,,,,,,,,,,,,,,
3,823,2,1,,,0.244499,0.2357,,-0.14553,,0.39992,,0.36766,,0.18291,,,,,-0.42705,-0.3820863333333333,-0.49157,-0.40359,-0.2657649999999999,-0.383065,-0.2511,-0.26283,,,,,,,,,-0.605935,,0.2181,,,-0.1572599999999999,,0.030423,1.3911,,0.3803733333333334,0.38233,0.32368,0.13599,0.505495,,,,,-0.17485,-0.3156199999999999,,,,,0.19464,,-0.38013,0.24743,0.27676,,,,,,,,,,,,,,,,
0,89,2,3,,,,,,,,,,,,,,,,,,,,,,,,,,,,,,,,,,,,,,,,,,,,,,,,0.3055199999999999,,,0.3055199999999999,0.3055199999999999,0.20418,,,,,,,,,,,,,-0.16203,,,,,,,,,,,,
0,750,1,2,,,-1.359,,-0.6666533333333334,-0.36970000000000003,-1.2890775,-1.1207,,-1.447,,-1.1751,,-0.898,,,,-0.47846,,-0.525076,,,-0.80477,,0.096461,,,,,,-0.035618,,,,,,,,,,,,,,,0.65585,,,,,,,,,,,,,-0.017488,,,,,,,,,,,,1.4587,,1.7435,,,,,
0,275,1,3,0.073614,,,,,,,,,,0.19271,0.28611,,,,,0.248755,0.1413299999999999,,,,,,0.51963,,0.60369,,0.37718,0.6550699999999999,0.72045,0.46708500000000003,,,,,,,,-0.20894,,0.07595,0.024577,0.1530099999999999,-0.0034439999999999,,,,,,0.18804,0.440235,,0.18804,,,,,,0.064275,,,,,,0.12265199999999996,0.2230599999999999,,,,0.7982743333333334,,1.1174,,1.5268333333333333,1.023445,,,
2,1001,1,1,,,0.17095000000000005,-0.67283,-0.29913,-0.035571,0.10604300000000004,,,-0.5626899999999999,-0.51155,-0.6216949999999999,0.26732,-0.27553,0.76297,,,0.229955,0.066706,,,0.302725,0.11784599999999995,-0.090642,,,-0.51548,0.8377100000000001,,0.92032,-0.31486,,,,,,-0.25586,,,-0.18898499999999996,,1.3373,0.873105,,,,,0.884935,0.048350000000000004,0.73937,,,,-0.35617,0.184718,,,,,,,,,,,,-0.48401,,,0.22011999999999998,0.001799999999999996,,0.227985,0.53482,,0.38796,,-0.082775
2,648,2,1,0.492,0.1641,0.29106999999999994,0.54748,0.30709,0.42789999999999995,0.3212725,0.32558374999999995,,,,,0.27751,,,-0.2575,,,-0.18847,-0.060263,,-0.1038196666666667,-0.10217475000000001,-0.07505450000000005,0.1665599999999999,0.393385,0.13944133333333333,0.43899550000000004,0.27258,0.243812,0.4468033333333333,,,0.20354,0.3699615,0.27258,0.33298,,0.40077999999999997,,,,0.50926,,0.16656066666666666,,,0.38845,,,0.195654,0.20847,0.165327,0.36873,0.16162999999999994,-0.23531,0.13451,,0.20107999999999995,0.034246666666666675,0.32928,0.10246,0.24053,0.39339,0.4229699999999999,0.44105333333333335,0.59309,,0.19122,0.65103,0.15423333333333333,,0.32682,0.43776,,0.609115,,0.11724899999999999
0,89,2,2,0.40151,,,,,,,,,,,,,,,,,,0.35885,,0.1064099999999999,,,,,0.60773,,,,,,,0.1704099999999999,0.12063,,,0.21841,,,,,,,,,,,,,,,,,,,,,,,,,,,,,,,,,,,,,,,,,
1,189,2,1,0.25532,,,,,,,,,,,,,,,,,,,0.045776,,,,,,,,,,,,,,,,,,,,,,,,,,,,,,,,,,,,,,,,0.29723,,,,,,,,,,,,,,,,,,
2,181,2,1,,,,0.13874,0.17146,,0.16974,,,,0.16802,-0.00938,-0.18334,,0.11463,0.36609,0.14219,,,0.33508499999999997,0.5038750000000001,0.01013899999999999,0.70367,0.39192,,,0.0974039999999999,-0.41241,0.26619,0.23863499999999999,0.2593,0.2593,-0.14372,0.045734,0.0595129999999999,-0.14544,0.13702,,,,0.08965499999999996,0.64683,0.14046,-0.08257999999999996,,0.593435,,,0.3127,,0.655445,,,,,,0.17146,,,0.7570600000000001,0.7731333333333333,0.598605,1.0481,0.726055,1.0774,,,,,,,,,,,,,
3,718,2,1,,-0.10455300000000002,-0.017400000000000027,,0.08444024999999998,-0.197855,,,-0.0037006666666666715,0.0796765,,,-0.16212,,-0.20381,,,-0.1514,-0.4825399999999999,,,,0.032031,0.032031,,,-0.23955,,,,,,,0.38937,0.48228,,,0.44416500000000003,,,,,,,,,,0.352445,0.74671,0.64665,,0.71097,,0.37269,,,,,,,,0.16782,,,,,0.13327999999999995,,0.13209,0.2917,0.144,,0.32743,,0.034413,,,-0.22524999999999995
1,1034,2,1,0.5358050000000001,,,,0.5803499999999999,0.530405,,0.4224199999999999,0.5439,,,,0.47641,,,0.4008199999999999,0.292835,0.36573,0.596545,0.42782,0.8570700000000001,0.8759600000000001,0.22534,1.03253,0.46021499999999993,0.53581,0.0809095,0.21319500000000002,,,,,0.19835,,,,,0.37112,0.46291,,0.213195,0.42961866666666665,0.23074000000000003,,0.7072350000000001,0.43322,0.7841625,,0.31037999999999993,0.45346499999999995,,0.7058800000000001,0.35493,0.30633,,,,,0.53041,0.36033,,0.75178,,,,,0.75178,,,,,1.6292,2.0611,,,,1.6696666666666669,
1,877,1,1,0.10275,-0.65737,,-0.0917019999999999,0.58887,,0.4179866666666667,0.865065,,,,,0.61538,,,,,,,,,,,,,,,-0.029832,,,,,,,,,,,,,,,,,,,,,,,,,,,,,,,,,,,,0.90705,,,,,,0.7170449999999999,2.9753,,1.2164,,1.7821,0.96008,,1.623
2,566,1,1,0.14876,4.9872115,-0.10465766666666666,-0.1197299999999999,-0.1578855,10.696100000000001,,-0.19462499999999988,,-0.26245499999999994,-0.11125,0.013095000000000023,5.4069,1.985079,1.8147950000000002,10.352699999999999,2.5390124999999997,7.879792500000001,7.22739,0.4186555,2.8887475,2.3707006,0.28159,10.15915,,-0.0010333333333333399,0.25521066666666664,,0.141689,-0.485725,,-0.09712366666666666,-0.41648,0.41583149999999997,0.1318,0.18832,,-0.094296,,,,-0.023642,,0.018751,-0.32604500000000003,-0.057558,,-0.15647,2.211865,-0.044840000000000046,0.10071,8.3871,3.2575745,0.0865799999999999,0.080929,0.0978855,-0.14234,0.049839,-0.35006499999999996,,,,-0.26669,,,,,,1.7653,1.1464,0.64617,,1.6226,,0.692805,0.539898,1.3329,0.81291
0,5,2,1,,,,,,,,,,,,,,,,,,,,,,,,,,-0.40935,0.91656,0.20899,,0.12184,0.12184,,0.16334333333333334,,0.343865,,-0.4107366666666667,-0.14583,-0.4598433333333334,,0.4860049999999999,,0.602842,0.6285540000000001,,,,0.35839,,,-0.32981,-0.075281,-0.021331,0.2779849999999999,,1.05698,,1.3481333333333332,1.060795,1.0639,1.007845,1.1704033333333335,1.00267,1.6179000000000001,0.8709100000000001,0.8709100000000001,0.57834,,,1.4581,,,0.6022000000000001,,0.6920392,1.035256,1.4581,1.4353
0,610,2,1,,-0.25435,,,,,,,,,,,,,0.29722,,,,,,,,,,,,,,,,,,,,,,,,,,,,,,,,,,0.90296,0.52375,,,,,0.84386,,,,,,,,,,,-0.23465,,,,,,,,,,,1.063015,
3,157,2,1,0.0920865,0.10357,0.271135,0.06224666666666664,,-0.0969085,-0.046407000000000004,-0.152,,0.053065,,,-0.0739529999999999,,-0.13976,,,,,,,,0.16886033333333328,-0.0655345,0.42341066666666677,1.0156,,,1.0156,,,,1.0463,,,1.3845,,,0.072959,,,,,,,,,,0.49992,,,0.84425,0.22905,,0.297915,,,0.31169,,,,,0.14488,,,0.18161,0.13417,,,0.014806,0.47391,,-0.07586799999999996,0.06275666666666667,0.04158949999999995,-0.0953775,,
2,852,2,1,1.0420500000000001,,0.6559600000000001,0.54481,,0.44731,0.54091,0.544805,,,0.37711,0.14896500000000001,,,0.41221,0.13922,0.10802,0.28351,0.43756,,0.52141,,0.888005,0.7476,0.53701,0.8841,,0.39661,,,,,0.9231,0.19382,,,0.8308033333333333,,,0.69691,,-0.02458,,,,,0.57991,,,,,,,0.3862133333333333,,,,,1.2468,,,,,,,,,,,0.3381099999999999,0.088518,,,,0.59551,1.3326,,
2,119,1,1,0.53689,1.411533333333333,,0.84654,0.73711,,1.53915,0.06892,,,,-0.016446999999999934,,0.1085,0.20861,,0.46820500000000004,0.18999,0.42202999999999996,0.34947000000000006,0.105008,0.40651,,,1.3541,1.0468,1.2144,,1.098,1.1794666666666667,1.03047,1.3401,0.09452999999999999,1.2120666666666666,,,,0.12789999999999999,0.97459,,,,,,1.0397966666666667,,0.46238,0.163213,,0.44609,0.10384,0.476355,0.34597,0.2342199999999999,,,,,,0.73478,,,,-0.15924,0.38555333333333336,0.2738,0.59043,-0.20813,0.39719,,,,0.4910966666666667,0.6509699999999999,0.48101000000000005,-0.004417999999999998,,0.13178
0,18,2,2,,,,-0.18417699999999995,0.006737500000000021,0.07055375,-0.011496000000000051,,,0.42718,,,,,0.05929249999999995,0.20623,0.08896566666666668,0.64169,,0.11828,,,,,,0.7160500000000001,,0.28346,0.493675,1.193,,0.6513264999999999,0.92699,,0.372475,,,,,0.34781,0.22982749999999993,0.19765,-0.24639,0.73071,0.34781,0.5058413333333334,0.97097,0.809005,0.907685,0.5916466666666667,,1.0352999999999999,0.89802,0.86371,1.131855,0.94844,,,0.4550613333333333,0.590198,0.26486666666666664,1.2016,0.7425133333333332,0.32421,0.489385,,0.6438349999999999,,0.5365800000000001,,0.695315,,,1.1115,,0.999915,,-0.17023
0,885,1,1,,,2.5212,2.7544500000000003,2.6155,,,1.9158,,0.97767,1.4625,0.8807099999999999,1.2502,1.3629,,,0.089293,-0.24613899999999994,-0.20945,0.089293,-0.033875,-0.64447,1.0799,0.912155,,,,,,-0.36669,-0.14656,0.099775,,,,,,-0.17801,,,1.5935,,,,,,1.58565,,1.8765,1.756,1.8189,,,,,,,,,,,,,,-0.33,-0.33,,,-0.0260129999999999,-0.0260129999999999,-0.141317,,0.6815399999999999,,,2.4688,0.650095,
0,886,1,1,,,,,,,,,,,,,,,,,,,,,,,,,,0.64822,,0.6411,,1.1252,-0.1634,,,0.14274,,,,0.01459,,,,,-0.23933333333333331,,,,,,,0.4026,,,0.8546799999999999,1.3886,,,,,,1.5453,1.363725,,1.0754,,,,,,,,,2.6061,1.6805,1.6093,0.41328,,,
0,406,1,1,4.1883,0.639,0.92285,0.37786,0.8956166666666666,0.26659,0.81498,0.43121,,,0.5720000000000001,0.71394,1.3066,,0.2098199999999999,0.35287999999999997,0.15986066666666662,,,,-0.29658,-0.24435,0.11444199999999999,,0.2756699999999999,0.38013,0.2756699999999999,0.47323,3.14487,0.95919,0.2756699999999999,0.09552000000000001,3.731875,0.74573,1.7055466666666665,0.2211699999999999,0.340955,0.7873766666666667,-0.02748499999999998,,0.2809673333333333,,,0.78888,0.47665,-0.39649499999999993,-0.37833,-0.11869899999999996,-0.049816000000000006,0.9879433333333333,1.7676,,1.2892166666666667,1.1295000000000002,0.30633,,,,,,,,,0.58223,0.13374,0.47323499999999996,-0.04375999999999999,-0.33858999999999995,,,,,-0.019537,-0.16600700000000002,,,0.42782,0.4959399999999999
3,741,2,2,,0.94317,,0.87659,0.33058,0.6849633333333333,0.1397,,,,0.34611,,,,0.20406,,,0.9121,0.79002,,,,1.2983,0.62578,,,,0.5725100000000001,1.2761,,1.13181,,,,1.3649,,,0.13007866666666668,,-0.2420699999999999,,-0.31087,0.43711,,,,1.0586,0.9220974999999999,0.96981,,1.3449,1.1562,1.06305,1.2517,0.70235,0.85439,,,0.52146,0.8743700000000001,,,0.52146,0.73453,,0.63022,,,,,,,0.78114,1.0686,0.75451,,0.901,
2,730,2,1,0.02797,0.11945,0.11373,-0.024920499999999998,,,-0.014912,,,0.09944,,,,,,,,-0.074947,,-0.4809,,0.033688,0.2223699999999999,0.14232,,,,,,,,,,,,,,,,0.89133,0.981405,,1.018535,,0.95137,,0.63976,1.2458,,,1.2687,,,,0.20808,,0.90848,0.65691,,,,,,,0.23095,,,0.30527,,,,1.2944,0.90848,1.1958,0.811285,0.7207333333333333,-0.44088,0.32099600000000006
1,142,2,1,-0.11308750000000001,,,,3.3957633333333335,-0.57248,10.6691,-0.17648066666666665,,,-0.22547,-0.11556099999999998,-0.17731,-0.06430949999999999,-0.18224,12.5375,12.6351,11.0,0.1092,-0.027877,,-0.1408755,2.1561015,-0.08962700000000005,0.11197625,-0.035288,0.25615,0.30679,0.41669500000000004,0.22775,2.45805,1.2265095,0.27221,0.3673,0.0320165,-0.40824,0.19441,0.33519,2.4339500000000003,0.44386,,10.3319,-0.031583,0.14068899999999998,0.1907,,,0.30061,,0.409285,,,0.27920666666666666,,,0.4846149999999999,,0.1443935,0.44798,0.1339,1.2824,0.19935,3.2064,0.32777999999999996,0.30185,0.16354,0.24010039999999994,2.9408700000000003,,0.25368,,0.3290166666666667,0.39487999999999995,0.48832000000000003,,0.40435,0.47597,
0,158,2,1,0.8736799999999999,0.18131,4.397,1.875375,4.1717,0.8757299999999999,3.7118,1.4206200000000002,,3.7702,,,,0.8163199999999999,0.1273633333333333,,0.35952,-0.20175,0.76921,,0.25505,1.1829999999999998,2.5186,0.8183699999999999,3.7907,0.3165025,0.14443,0.1485325,0.6237699999999999,0.845,0.8327100000000001,1.2526,1.312,,,,,,,1.0642,0.8962100000000001,0.64835,0.7610133333333334,,0.36976,2.689268,0.845,-0.16078,0.5111052500000001,0.38666,0.2325199999999999,,2.7715400000000003,4.81077775,-0.041974,,0.8736799999999999,,-0.36153,0.53773,0.5725600000000001,0.85729,,,0.9044,,1.1174,,,1.1666,0.6196699999999999,,1.3571,1.15225,0.7241399999999999,0.1055099999999999,1.3734966666666664,3.2417
0,407,1,1,,0.45668,1.5956,0.82845,1.3537,1.0241733333333334,,0.60126,0.905165,,2.6874,0.1321099999999999,0.81518,0.50389,-0.25148,2.71685,0.8284600000000001,0.1439095,0.17637,0.23243,0.22948,,0.0553899999999999,,,0.18079299999999995,,-0.056734,-0.77374,,,,3.8248,1.5956,1.5956,,1.5278,2.900766666666667,,0.5835614,4.4046,3.7879,,,,,,1.3743,,1.564615,0.093748,-0.21016999999999997,-0.056734,,0.006211333333333335,-0.024277,3.3394350000000004,,,-0.08476500000000003,-0.134928,0.1321099999999999,-0.3695,,-0.7235750000000001,-0.57605,-0.403435,,1.1235,0.51569,1.49675,,,,1.3212,1.1152419999999998,,1.23049
1,53,1,1,0.22165,,0.35817999999999994,0.465785,0.55488,0.42529,0.17074,,,,,0.41024499999999997,,,,0.19851,,,0.3778535,0.82331,,0.6721266666666667,0.495865,,,,,0.45306,0.45537000000000005,,,0.4299199999999999,1.3116,1.0732,0.5602766666666666,0.6810025,,0.8048,0.6729,1.7119,,0.923995,,1.9132,1.978,1.5164,,1.1195,,1.0269633333333335,,0.657832,1.0539266666666667,1.1253075,0.6081,,,,,-0.1208299999999999,,0.28413,,,,0.9475333333333333,,,,0.9529,,,,,,0.77703,0.76083,
2,591,2,1,,0.019077,,0.16108,-0.1514566666666666,2.7592666666666665,4.279629999999999,7.9517,7.9517,-0.55574,-0.46918,5.528,-0.42833,,-0.378725,-0.15794,1.55971,-0.308695,,-0.12682,-0.050952,-0.17156,,-0.4108199999999999,2.3601765,-0.041225,-0.093747,-0.4523166666666667,-0.020316250000000043,,-0.4643149999999999,0.071598,,,,,0.1202299999999999,,1.18525,0.22235299999999997,3.4758,,0.134817,0.23305,,0.5442899999999999,0.4976,3.3026,,-0.2279699999999999,,,,,3.3513,-0.34663,,,0.28168,,,,2.4752666666666667,,4.3842,3.6489,,,-0.3369,,,-0.28438,,,0.1533,,0.1202299999999999,
2,641,2,1,,,,,,,,,,,,,,,,,,,,,,,,,,0.17219,,,,,,,,1.5507,0.8695,1.127,1.5722,1.127,0.57985,1.422,0.52084,0.99287,1.3791,,,1.3844,1.1565,,0.7729666666666667,0.6442100000000001,1.3308,0.435045,1.22085,0.6102500000000001,,,,,,,,,,1.2825,,,1.4206500000000002,0.57985,,,,,-0.27302,0.32774,0.4350199999999999,0.71395,0.71395,
2,584,2,1,0.8592,,,,1.2895,,,1.0807,,,,,0.65549,0.49506,,,,,,0.63766,,,,,,,,,1.1928,1.3557,,,,1.2666,0.99161,0.6784,0.70896,,1.2386,,0.89485,0.97379,0.92286,0.7013199999999999,,,,,,,,,,,,,,,,,,,,,,,1.422,,,,0.89485,,1.1037,1.0476,,0.95087,,0.52307
2,43,2,1,,,,,0.34936,0.2729,,,,,,,,-0.54513,,,,3.1602449999999997,,,0.7523,0.7729349999999999,1.1176,0.9068333333333333,0.61758,0.5848133333333333,0.7353100000000001,,,,0.95741,0.7256,,,,,,0.20736,,0.23648333333333335,,6.1811,,2.5673725,1.6941139999999997,3.1093,,0.40276,,0.36878,0.11633,-0.04266500000000001,0.01883,-0.08878333333333333,,,0.46223000000000003,,0.88581,1.5254,0.37849,,,,,,,,,8.1546,,,8.9989,-0.006252,,,9.7105,0.4164125
0,544,1,1,,,,0.26882,1.58157275,0.26275,,,,,0.93354,4.3846,2.28577,,0.20204,0.10491,,,-0.61748,,,-0.29271,-0.25628449999999997,,,,,0.08063,-0.007393,,,,-0.5324933333333334,,,,,,,,,,,,,,,,0.041172,0.168655,,-0.90786,-0.5416,,,,,10.613,,,,,,,,,,,-0.78138,0.48128,,,0.941135,6.7127,,,,
1,137,1,2,,,1.307695,1.05927,,0.23888,,,,0.68994,,0.19639,,1.1345,,0.58208,,0.20947,0.06564825,0.15717,0.35436666666666666,,,-0.0454829999999999,,,0.598425,1.7588,,,,,,,1.092,0.69975,1.8209,,,1.8209,1.1159633333333334,1.5087,1.8535666666666668,1.7163,1.3714,1.7064666666666666,1.7326,0.62782,,0.36635,0.5739270000000001,0.49056,0.8610000000000001,1.25541,1.42375,0.6311100000000001,0.78473,0.547755,2.0725,1.2553999999999998,1.2848333333333333,0.93508,,,,0.37289,,,,,0.085259,1.0527,1.8078,0.256855,1.6738,1.1180933333333334,1.1606,
0,215,1,1,-0.1350299999999999,0.13382999999999998,1.2958,,0.55934,2.5278875000000003,0.38632,0.378145,,,0.1689,10.6102,0.275855,,3.772865,0.21098499999999995,,0.34892,-0.184134,-0.17828500000000003,3.5768566666666666,0.132662,6.4287745,0.21410300000000002,0.539465,0.65286,0.33489,,,0.40971,0.45763999999999994,0.03096,4.8643,0.57103,,-0.06022,5.96,0.11980500000000008,1.79767,0.11629666666666667,,,-0.17478,,0.7288399999999999,0.811835,,0.98952,0.964965,1.055,1.8709,0.66688,,,0.47517,,0.53128,0.36452333333333337,1.6769,1.031625,,0.73001,4.9009,,,,0.5593400000000001,,,0.54765,7.3815,1.0293,1.9738,,3.83951,0.8422350000000001,0.759235,
1,843,2,1,,,4.717479999999999,,,,9.2869,,,,,,,,-0.17772,-0.3190199999999999,-0.1944045,,,2.357695,5.5525,0.24615,0.073461,1.2208036666666666,,,,,,,,,,0.098973,,0.37567,,0.39333,5.0658,6.54345,,,,,0.18924,,-0.19146,,0.65237,,,,,0.62489,0.15392,,-0.07568,,,,0.3501599999999999,,,,,,,,,,,,,0.036176,,,0.06266849999999995,-0.34453
1,208,2,1,0.017404,2.184908,1.173808857142857,,,0.06780324999999997,,0.33638033333333334,,0.04532933333333333,-0.25400999999999996,0.18797,2.87225,-0.022978,-0.21583999999999992,3.285105,-0.21583999999999992,0.7474633333333333,-0.04919459999999996,3.2406650000000004,3.63292,-0.12769999999999998,,1.3383795,4.525896666666667,,0.18721500000000005,-0.136737,,0.0960559999999999,0.34692999999999996,0.20868499999999995,0.53452,0.2587833333333333,0.51493,-0.15205666666666667,,0.16737433333333332,0.68821,3.2918899999999995,0.976,0.8147800000000001,2.409524,,0.029005500000000004,-0.33035666666666663,5.759164999999999,,,10.2064,-0.15256,1.3989,0.0598926,-0.080612,,0.076468,,0.4938399999999999,0.55712,3.4520830000000005,0.28741,,0.51945,-0.1013299999999999,0.041813,6.6791,0.5654199999999999,,0.545065,4.2531799999999995,8.13385,0.37782,,0.8260799999999999,0.79818,0.54657,8.4631,
1,81,1,1,2.01564,0.545322,0.23126649999999996,,,0.27204666666666666,0.38543666666666665,-0.1476885,,4.041666666666667,-0.040267,0.17357866666666666,,1.6217666666666666,0.8459447500000001,,0.21485649999999995,4.4452675,8.1177,,4.9667,8.1177,,6.3303,-0.2521199999999999,3.079096,-0.007444,,4.9562345,0.53861,0.07670139999999995,0.022389999999999993,2.5338499999999997,2.3520725000000002,0.2253,,4.493735,-0.114866,,0.02239499999999997,0.1357799999999999,3.84028,-0.4848699999999999,,3.435955,8.847766666666667,4.550465,,,,0.3327199999999999,0.4849,-0.4013199999999999,-0.53261,,-0.013412,,0.2581199999999999,-0.1208299999999999,,-0.23272599999999993,,-0.21333,-0.058171,-0.21631925000000002,0.3327199999999999,-0.17753,-0.49083,5.32925,1.2597266666666667,0.38793,,1.5262666666666667,2.0882666666666663,1.4427,3.2205400000000006,0.29693,0.54159
0,646,2,1,,1.3183,,,,,0.50855,,,,,,,,,,,,1.1604,1.1368,,,0.78069,0.91509,,,,,,,,,,,,,,,,,,1.38715,,,2.3229,,1.288045,,,,,,,,,,,,,,,,0.78069,0.87477,0.7471,,,,,,,,,,,,,1.8458
1,826,1,1,-0.26361,0.39416,0.37978,1.4617,,0.48402,0.7733525,1.3161299999999998,,,0.18209,,,,,,0.57028,,0.47144,0.27194999999999997,,0.280935,,0.5774699999999999,1.113,,0.98363,1.524565,1.0711000000000002,0.64217,,8.27655,,1.0959675,,,,0.84705,1.5587,1.035765,1.5569,1.7183259999999998,0.5019899999999999,,0.099423,,1.2927,1.0663,1.397,3.3091999999999997,0.35822,0.37619,0.27195,0.4516699999999999,,,,,,0.16532,0.570285,0.38697,,,,0.5343399999999999,,,,0.58825,0.55591,,,,,,,
1,612,2,1,,,1.9046,1.8359,1.8359,,2.0649666666666664,,,1.86165,,,,,,,,1.2689,1.8359,,0.63317,1.35051225,,,1.9218,2.0421,1.2059066666666667,,,,,1.5609666666666666,1.8359,,0.92526,,,1.3548,,,1.3204,2.317,,,1.3033,-0.20872,-0.088451,,,2.14515,1.3548,,0.71908,0.7019,,,,1.939,,,,,1.0455,1.0455,,,,,,,,,,,,,1.5782,
2,569,2,1,-0.05706,,0.14437,-0.0414135,-0.066836,-0.394405,0.056369,0.14437,,,0.27736,,3.2362,2.9096,0.10135,-0.42863,-0.42863,0.106238,2.8587895,4.3803,-0.37387,1.429236666666667,-0.3719175,-0.34356,-0.121595,-0.12990575,,-0.151318,-0.137238,-0.11964,-0.3919625,-0.21155399999999994,-0.031635,,-0.368,,-0.04728,0.027034,-0.15744666666666665,3.09998,1.2812560000000002,,-0.2311099999999999,-0.08508900000000001,-0.21938,8.6103,-0.078572,0.13851,0.23530999999999996,,0.19130866666666665,,6.7896,0.35949,4.91871,-0.1020399999999999,10.1338,-0.45601,4.758675,0.064191,,-0.096171,,,,,,,0.40252,,0.085703,,1.9564619999999997,0.5335449999999999,0.505185,0.5518,-0.22133,0.50225
2,260,1,1,,0.18710099999999996,0.27464333333333335,0.092468,2.1206525,,4.33141,2.31406,-0.16660499999999995,0.071173,,2.99547,2.323555,2.36423,,-0.080246,,6.4923,3.900819333333333,3.000867142857143,3.8569537499999997,0.9927102499999999,3.8472,1.79237725,0.16107749999999998,-0.26124,-0.16069,,0.023854,0.04988,,0.023854,0.2052433333333333,3.32828,,10.6965,4.087355,0.21313,2.3558766666666666,0.233239,-0.2009099999999999,,-0.27661675,0.4095,-0.036476499999999995,0.13742,8.346,,0.23206,0.33379,0.6721199999999999,3.921735,0.14215,,4.1346425,-0.37125,,0.11139,0.040416,0.073539,-0.111,0.13269,,,0.4118699999999999,1.3346,3.79582,,1.9947,3.4757,0.068807,,0.095619,-0.16069,,1.845605,,0.06407349999999999
3,353,2,1,,,,0.013435000000000002,-0.050447000000000054,-0.050449,,,,2.374205,-0.097096,,,,7.9506,-0.12549,-0.2106699999999999,-0.33845,9.1472,7.82585,-0.036252,-0.2299395,-0.46554333333333336,,,-0.31816500000000003,,,,-0.07073,,,,-0.030164999999999997,,0.03811333333333333,,-0.2269,,,2.60641,,0.40791,4.7694,3.2818,0.87894825,2.96906,,0.14831,0.42008,1.9919042499999997,,7.347250000000001,7.0785,,0.34098,3.1276550000000003,-0.24921,,,0.11383,-0.060589,0.4565899999999999,0.03879000000000002,0.009041666666666623,-0.071745,-0.10520999999999997,,0.67157,4.24518,7.3807,,0.416025,4.990843333333333,2.275335,1.792625,0.38155,1.4443
2,244,2,2,,,0.50716,,0.41269666666666666,0.3323,0.28707499999999997,0.42375,-0.1058735,,0.060953,,,0.57148,0.05793799999999995,,0.44485,-0.3933,0.43882499999999997,0.28004,,0.1524055,0.46596000000000004,0.98957,,,1.2006,,0.8991100000000001,1.5966,,1.41665,,,,,,,,,,,,,,,,,1.7172,,,,,,,,1.2448000000000001,,,,,,,,,,,,,,1.691,,,,,,,0.37049
2,603,2,1,,,-0.08797949999999999,,,,,-0.1718599999999999,,-0.34599,,,,1.4336,,,,,,2.3817600000000003,-0.12939,-0.046568,,-0.238755,,-0.27592,3.4786,,,-0.19734,-0.29928,-0.23663,-0.42457,,-0.20371499999999998,,,,,,-0.32264,,8.7345,,,,,,7.1014,,,,,,,,,,,-0.3375,,,,,,-0.31626,,,,,,,,,-0.30989,,,6.201
2,198,2,1,,,2.335,,1.5667,0.54486,1.8215075,2.3742,1.0113400000000001,0.9839199999999999,0.015639999999999987,,-1.0728,-0.77753,0.80881,,,,,,,,,,,,1.8934,,0.9882466666666666,,0.92903,,1.3942,,1.4687000000000001,,,0.79574,0.95516,,1.7732,,,3.3098,,2.6225,3.1844,2.8185,0.58667,-0.9983550000000001,1.0675,,,,,,,,,,,,,1.1512,,1.8359,1.1956,,,,,,0.91335,,0.75393,,,
2,636,2,1,,,0.33419,,0.10127,0.11989999999999995,0.25965333333333335,0.1525099999999999,,-0.17474,8.08805,1.8333899999999999,2.08729,6.4832,-0.5159699999999999,,-0.4002866666666667,0.5547857142857142,2.601625,1.057977,1.871924,-0.4204699999999999,-0.23413499999999998,-0.33196000000000003,1.8380733333333332,0.089621,0.4786,0.123393,-0.20851,-0.12078499999999999,,,0.17347,,2.7798350000000003,2.4921749999999996,2.56223,0.33652,,3.0291,,,,0.19909,7.5756,1.2956724,,-0.096714,,,1.9242313333333334,2.5841600000000002,0.0803045,,,6.3295,,,0.43201,5.1905,,,0.74412,0.019746,,,0.18978,,,9.623,2.2778855,,-0.045468999999999996,0.0275096666666666,-0.005875,,-0.02334,-0.05013
2,172,2,1,,,0.76117,0.76117,1.146335,0.94,1.2478,0.04244,,0.76977,,,,7.1679,,5.598576666666666,9.741933333333334,10.4486,1.0685425,0.85575,1.0638,1.2512275,2.3544180000000003,6.545796,8.95185,0.38805,0.39063000000000003,,0.62104,0.406966,,4.547999999999999,,1.2529,1.6106,,,,0.81276,0.87982,5.475925,2.3723083333333332,7.151725999999999,0.76635,0.9228000000000001,0.46543,,0.6266275,0.41327,0.50841,0.5525466666666666,0.417285,5.548150000000001,0.7138899999999999,,0.7087300000000001,1.02711,0.7921199999999999,10.94125,0.8574649999999999,0.6047,-0.15874,0.411265,0.18172,0.20579,,0.40869,,0.2075075,13.0037,2.9547085714285712,0.092304,3.779969,0.16538224999999998,9.680900000000001,8.727450000000001,10.7083,3.7857223333333336
1,468,1,1,,0.079824,-0.15782,0.002841,3.077683333333333,-0.064101,,2.96250175,0.25722,,0.20701,-0.0005059999999999,,,,,,1.818635,1.367788,,1.10236,1.509,0.21036,-0.35027499999999995,2.87967,2.9323825,2.6687995,0.14341666666666666,-0.04736524999999997,0.173541,0.053047,0.44799999999999995,5.154,0.36098,0.07313,,2.1181966666666665,,,0.4915199999999999,0.5433950000000001,,0.853,,13.3812,1.0003,,,0.5785399999999999,,0.1785645,0.62875,0.25387,,0.66724,0.77267,1.2011,,,,,,1.017,,,5.8736,,,,10.824,,,,5.9561666666666655,,2.0513,,0.40784
2,230,2,1,,-0.098958,0.1345,2.44149,2.2552715,,,-0.072225,,,,,,,10.9308,,,,,,0.16124,3.6596200000000003,1.14677,0.09084,0.23431,-0.335985,,-0.011632,,,,,,,-0.35024,,,,0.050743,8.6158,,,,,,,,,0.32698,,0.40005,,0.1149,,0.33232,,0.050743,,,,-0.02767000000000005,,,7.7158,4.7289,,,,0.67628,0.370645,,,0.3145,0.24232499999999998,0.5883599999999999,0.82123,0.15054,
0,164,1,1,,-0.08274,,,,,,,,0.14699,,,4.163063500000001,7.9722,9.4768,,4.2862,,-0.27935,-0.45941,,-0.002025,2.0479275,0.2297699999999999,0.13664,-0.07135949999999999,,0.211145,,,8.1439,,,,1.5287886666666664,0.36016,,,0.14699,0.084898,,,,,0.07661950000000001,0.097316,,-0.072392,0.023845000000000005,3.3962499999999998,,,,-0.183115,1.9475449999999999,0.31255,,,,5.59005,,2.859185,,,,6.4924,,,,,,,0.72906,4.7311499999999995,5.3582,0.2194199999999999,,-0.31661
0,620,2,2,,,,,,,-0.13124,-0.28884,,,0.4321899999999999,,,,,,,0.2174575,,,,,,,,,,,,,,,1.7403,,,,,,,,,,,,,,,,,,,,,,,,,,,,,,,,,,,,0.43613,,,,,,,,,
1,189,2,2,,9.4559,0.340748,1.3927666666666667,1.3817533333333334,3.0472352727272725,0.41973,2.117452,-0.004193,0.19246,0.27144,,,,,0.19246,,0.2424199999999999,-0.018295999999999923,1.6632985,-0.39749,-0.04690499999999999,,-0.029176,0.032881,1.8663875,2.9896100000000003,3.576575,2.33463,1.8152175,4.101793333333333,1.7321190000000002,,10.8921,0.19890166666666667,-0.27659999999999996,8.9836,7.226696666666666,,-0.009028,-0.027831999999999996,-0.08102566666666668,-0.03965499999999995,-0.18552999999999994,0.238395,0.24403799999999998,-0.18794999999999998,-0.0525475,2.8988,2.0251466666666667,7.107966666666666,0.018374,-0.0267589999999999,-0.331405,,-0.182305,-0.13959,4.799199,-0.2766,-0.349135,-0.47002666666666665,-0.41361,3.3453150000000003,,,,-0.5764100000000001,,1.1983,0.07533000000000005,4.440545,,2.0157633333333336,0.3014202,0.2321078,0.054802000000000003,-0.15007,0.12314133333333332
2,199,2,1,,0.538435,2.34654,8.7307,6.099,5.663785,0.8952899999999999,0.8952899999999999,8.3712,11.0268,10.3863,0.26846,6.2966,3.5891115,,0.48308,5.343275666666666,2.3887831999999998,0.20969133333333337,,3.1616049999999998,0.40643,2.9856178,3.4383760000000003,1.73674475,5.49175,2.06035,2.6344,5.3589,5.5113,6.6083,5.1945,-0.3737,,,,0.62275,0.86461,,2.0978,1.7214133333333332,,0.42430999999999996,0.670865,1.4017333333333333,0.954351,,1.1389,1.7044,,,-0.33452,,0.73006,0.962585,,,,,,,0.13219,0.27357,0.3774699999999999,0.83226,,-0.15908,,,0.51715,,,0.031693,,,,,0.272715
1,84,1,1,1.4159413333333333,,,2.72985,2.94955,2.897733333333333,3.0580249999999998,3.24783,4.7853,1.9672,0.7020299999999999,,-0.036255,0.14749,1.855395,,3.5633,,3.1773666666666665,3.638595,6.2596799999999995,0.2781,4.4366200000000005,-0.65168,,-0.076103,4.4444,5.513633333333334,-0.042897,-0.042897,,5.4627,,-0.6096199999999999,0.012447,-0.1845766666666666,,,0.036798,-0.065034,11.0414,5.68632,0.030157,,,,0.155235,0.43749,,0.3699649999999999,0.44192,,,4.826255,,,,,,-0.06614,,0.53489,,,,,,,,,,,,0.1142799999999999,-0.68267,,,
0,310,1,1,-0.141892,-0.27737,-0.5069899999999999,1.2772,3.8512,,0.3495,0.25076,,,,,,,,,,-0.063822,,,2.0969,0.11757699999999999,-0.091377,0.023434,-0.27278,,,0.5615166666666666,-0.1373,-0.14189249999999995,,-0.2746142,,,,,,-0.64247,,,3.4804,3.074,3.0879719999999997,,,8.7927,,,,,1.033795,1.4138000000000002,1.6767,,,,,,,,,,,,,,,,,0.38853,0.42642,,0.695064,,0.937305,,,
2,31,1,1,,-0.11372999999999997,1.2683,0.95554,0.6789299999999999,1.3811,0.89487,,1.1471,1.65615,,1.3003,1.45665,0.61721,,,,0.8427633333333334,0.7368874999999999,0.37037000000000003,1.32579,0.83425,1.0704,,1.562,,,2.34075,5.4369,,3.9239333333333337,,3.9814,,,5.4369,4.0835,5.4688,,1.2364,1.8493,3.397275,3.1196,3.2409,0.087363,,,0.71935,0.56135,0.614015,,-0.12808499999999998,0.5310299999999999,0.21503499999999998,0.08949166666666664,0.37463,-0.078612,1.0832,1.0832,1.3705,,0.99384,2.0152,1.8407666666666669,1.4726,,1.0066,,,0.91085,,,2.7599699999999996,2.4238,1.8205500000000001,4.5942,4.124,0.44485
0,750,1,1,,,1.84195,,,2.1786,2.1035,,,-0.23503,,,0.42795,,0.43832,,-0.033026,,,,,,,,2.6862,,,,2.8364,,,2.52045,,,,,,,,,0.8630200000000001,,,,,1.4587,,,,,,,,,,,,,,,,,,,,,,,-1.5532,,,,,,,,,
2,117,1,1,,,,,0.37134,,0.81925,,,0.3982199999999999,0.16082749999999996,0.40618333333333334,-0.130315,0.56842,0.52662,0.77446,0.21606999999999996,0.44898,0.45495,0.79835,0.505715,0.620656,0.608735,5.08633,7.0721,5.063463333333334,4.513976666666667,0.68488,4.50704,0.5146726666666667,1.1858075,3.8993900000000004,6.5256,0.65203,,8.3232,1.8643999999999998,2.4526,-0.022816,,0.6689583333333333,2.534745,0.095131,0.51467,4.711585,,0.54901,0.29071499999999995,0.5661825,0.8655349999999999,0.943195,,0.39523,-0.01086999999999999,,2.3540933333333336,,0.47735000000000005,2.1704475,0.60724,,0.54354,0.31461,0.7655,,,4.37565,0.8759899999999999,,,,,4.30773625,-0.2139199999999999,9.6759,0.015255250000000001,0.20711,-0.040733
2,516,2,1,2.3307,,1.791,1.6482999999999999,1.7709,1.791,2.093566666666667,1.5256,0.9970435,1.956,,1.4062999999999999,0.5163949999999999,,3.0704333333333333,4.809699999999999,,6.0776,,0.98141,1.2222666666666668,1.0818,,,,0.95465,1.9092,,,1.6311333333333333,1.80885,,1.6349,7.7771,,1.3449,1.8646,1.6237,,,1.30851,0.82083,,,6.411466666666667,1.5903,,1.6661,2.0564,1.1531,,1.4119,1.4720499999999999,1.1531500000000001,,1.6416,,,2.0185,2.101,,,2.1545,,0.745,,,,0.69593,7.565225,3.55295,2.1479,,,8.360119999999998,3.8674,4.6654,
1,233,1,1,,,4.14005,1.3554050000000002,4.836600000000001,0.8426600000000001,,1.8266733333333331,0.6411100000000001,,-0.1221035,,,,,4.3016,,,,,2.8907499999999997,,3.00635,,0.089818,,,,,,0.15799,,6.0088,,,1.2724,0.6915,,1.6874,,,,,,,,-0.44666,,,5.3538,3.3896866666666665,0.21430500000000002,4.90175,,1.7763,1.4858,,-0.037631,,6.2845,0.19059,,1.2843,,,1.2116699999999998,1.2961,,,0.2884,,,0.75671,0.56701,,,0.65,
0,27,2,1,,-0.2107099999999999,0.033759,0.075719,0.12133,,,,,,1.5389,,,2.0442,2.4802,5.2806,,3.09394,1.9775999999999998,0.9769749999999999,,,1.7769,0.976945,1.5826500000000001,2.3579999999999997,1.8645,5.0409999999999995,6.45365,6.45735,10.98085,,,0.35302,0.36579,,0.34755,,,,,,0.56647,0.97148,0.5755899999999999,0.8264450000000001,,,0.70877,2.7356339999999997,0.4339033333333333,,,,,0.10034699999999995,0.2216699999999999,3.3750999999999998,,,,-0.06840500000000001,3.734495,0.31471,0.8383,0.30741,2.60428,,,7.5921,1.7031,1.4312,0.73249,0.29099,3.2519333333333336,1.10739,0.5646433333333333,0.6567799999999999
0,55,2,1,0.53554,,0.59988,0.068292,0.368265,0.693165,0.7468794,-0.02740999999999999,,0.68834,0.2406633333333333,0.1849,-0.08451000000000002,0.16239,0.22752499999999995,0.26813999999999993,0.340115,0.015697999999999983,-6.499999999999562e-05,0.10609,0.10609,0.15997,-0.12445149999999999,0.080892,-0.37161,,8.8254,,9.1213,0.0005758000000000235,-0.017759999999999998,0.067488,-0.17056,,,,0.172035,,2.53802,3.5794900000000003,3.604433333333333,7.80485,2.60654,2.708255166666667,1.482365,0.147105,6.393966666666667,0.10528849999999995,0.14027049999999996,-0.011860999999999997,2.1198475,-0.2493699999999999,0.39560866666666666,3.51436,-0.2928,-0.15287,-0.12874,,-0.029018,4.6644,-0.09415899999999999,2.39971,0.093223,,9.5524,,,,,,,,-0.45766000000000007,0.7355270000000002,-0.3700033333333333,2.91765,0.72535,
0,89,2,1,,-0.4126899999999999,2.3860699999999997,1.4740883333333334,,3.188416666666667,0.3926266666666667,7.8769,6.7569,9.036,-0.041145000000000015,6.4512,3.9294495,5.7374,3.2041049999999998,4.67075,,2.5294628571428572,2.93479,0.28596,1.1188,1.0966,2.888938,0.89217,-0.4304699999999999,,6.86051,8.46715,8.5791,5.81295,-0.56558,5.283201666666667,4.33625,0.8761700000000001,2.0824,3.9001025,3.7546799999999996,1.2655,2.9703585,1.0006266666666666,0.5378066666666667,0.11619000000000002,5.820063333333334,0.6850700000000001,0.284184,3.7976033333333334,2.3077025,,3.6666333333333334,0.685065,0.04952,1.01898,0.76062,1.07885,1.0984,,,,,0.743285,-0.32558,,-0.12648,1.9530349999999999,0.337515,0.29396,0.70017,,0.94906,-0.086477,3.5676550000000002,0.65751,0.389965,0.6598833333333333,0.63793,0.6681766666666666,0.30729,4.5285
0,352,1,1,1.0369,2.0229,,6.8155,0.31184666666666666,0.66099,4.685966666666666,1.5666,,1.1055,1.6327760000000002,0.50021,4.35652,,5.7019,3.3327525,0.160915,2.50285,1.22252,1.1498249999999999,2.51825,0.22594,0.5679866666666668,0.43164499999999995,1.7687,,,0.45942249999999996,0.22751599999999997,,1.7746,,,,,1.5169,-0.442005,1.46725,0.24248999999999998,2.0087,1.6421999999999999,,,1.3987,,,,9.2532,,,,10.3219,9.7946,,,0.24013,,,1.2048,0.6302593333333334,,,,0.020236,,,0.37017,0.58533,,0.19284,6.582599999999999,,5.259135,2.58562,7.2671,8.60535,4.4204,-0.025869499999999997
0,250,1,1,,,,-0.13519,1.8361,0.0591659999999999,0.29391,,,,,,,0.68262,-0.3245,,0.22322999999999998,0.80882,0.66369,0.39361,0.4066533333333333,0.730575,0.76718,,,0.98803,-0.03549000000000002,0.96784,,,2.0759,,,,,,,,,,,,,2.7473,,,4.0144,3.88445,,,1.7276,2.7549,,,3.4288,,,,,4.1255,,2.9467,2.6363,2.1946,1.5358,2.8231,1.8336,1.2329,,,,,2.0709,,1.5307,,0.538732,0.1879
2,648,2,2,,,,,,,,,,,,,,,,,,,,,,,,,,,,,,,,,,,,-0.80977,,,,,,,,,,,,,5.7114,,,,,,,,,,,,,,,,,,,,,,,,,,,,,
1,98,1,1,0.1251235,,,,,3.36909,-0.13089999999999996,-0.06920749999999995,,,3.37218,4.95457,,0.815045,,,0.64745,0.34652999999999995,0.5775333333333333,0.1127799999999999,1.02275175,,4.606,,0.374975,,,0.18681,6.04962,,0.652585,-0.20719260000000003,-0.572,-0.04555999999999995,0.13266333333333333,-0.014713,0.43153,,,0.212515,6.2491,,,,8.5502,4.550493333333334,0.079882,,,0.41199,0.38834,0.23102499999999998,-0.01368449999999995,0.38423,,2.8776249999999997,,,6.7611,6.297066666666666,6.8619,4.6595,,,-0.1237,6.1771,6.14215,,,,6.7179,,,,,,7.626166666666666,
0,250,1,2,,,,,,,,0.28129,,,,,,,,,,,,,,,,,,,,,,,,,,,,-0.65768,,,,-0.5213800000000001,,4.9711,3.3039,,0.95017,5.7863,,3.2244,,,,,,4.2643,,,,,,,,,,,,,,,,,,,,,,,,
0,149,2,1,,,4.7186,,5.967099999999999,4.7186,,,4.7186,,,4.8449,,,,,,,,,,,,,,,,,,,,,,,,,,,,,2.7716,,,,,,,,,,,,,,,,,,,,,,,,,,,,,,,8.593399999999999,10.2869,9.9508,,,4.3174,
2,584,2,2,,,,,,,,,,,,,,,,,8.8524,,-0.61263,,-0.69157,,,-0.5209600000000001,,,-0.53878,,,,-0.33252,,,,4.0015,7.3806,,,,,,,,,,,,,,,,,,,,,,,-0.4394699999999999,,,7.5283,,,,,,,-0.61263,,,,5.6528,4.6865,,,,1.3252
2,210,2,1,0.4269,,,0.32632,,0.66494,0.61398,0.29212,,,0.276025,0.2907753333333332,3.5398549999999998,,,0.21366,,0.53955,0.53955,0.6904,7.0713,2.963035,0.78899,1.052896,1.1471,7.3408,,,,,,6.1037,,0.786975,,,,1.2396,,,,,10.0324,,9.0768,9.0768,9.977,,1.2758,1.1692,,0.408791,1.017315,0.13722,,0.4792,1.7727,1.7727,0.34947,,,,-0.015659,,1.08465,1.2255,1.31305,,1.2496,,0.98411,,1.486,,1.4386999999999999,1.3884,,
0,99,2,1,-0.01645,-0.45811,0.11455,0.24180999999999997,0.19751866666666662,3.06483,1.8986266666666667,0.8328114000000001,-0.01645,6.12275,7.0744,,6.420633333333334,6.6832,6.5953,,4.76127,-0.18488,-0.14745049999999998,-0.22043499999999994,0.36719,1.2308750000000002,1.2373988333333334,0.056162000000000004,1.9551105,10.550833333333335,8.989433333333332,9.892066666666667,7.259650000000001,8.9341,8.8503,9.1816,,0.355495,4.954,-0.32149,3.4426828,,,0.22808233333333336,0.1117435,2.144425,3.177111,-0.008964,6.539766666666666,4.685203333333333,5.6596,1.244518,-0.257865,-0.18114,0.59363,,,0.8893200000000001,0.59363,1.6454,,,0.29608,,2.89127,0.29139699999999996,0.5543366666666666,,0.638545,0.14262,5.380715,0.73212,,0.236195,,,,0.071507,,0.19315,10.3175,11.1784
2,770,2,1,,-0.181758,,-0.060157,0.370035,,0.4262399999999999,-0.16949499999999995,,-0.16439,-0.215475,,,,-0.023371,-0.042786000000000005,-0.09558233333333332,-0.088769,0.062463,,0.025677,,-0.0315456666666667,,0.017503,,0.003197,0.0777925,,,,,,,,,,10.0479,,,,,,,,,,,,,,,,,,,,,,,,,,,,,,,,,,,,,,,,
2,63,1,1,1.0885,,-0.006064,0.34219000000000005,,-0.068252,0.043687,,,,0.006374,,0.90811,0.1183099999999999,,0.29555,,,,2.89505,,2.1643,,,,4.1668,,2.99455,1.4367,5.0872,3.2122,3.85275,3.9055999999999997,3.3024,3.2277500000000003,,,,4.1233,3.6942,4.802675,4.8633,5.1556,,2.4939,,,2.6991,,,,,,1.27504,,,2.8049,,1.4056,,,,,,3.6568,2.8049,,,0.34219,0.99517,,,,,,1.2315,,1.3372000000000002
0,190,1,1,,6.8923000000000005,1.4189440000000002,1.3744,1.5978333333333332,1.4319,1.7658,3.2728,2.6906,4.1731,,,3.5957,3.5957,,,,5.5798,5.9296,,,1.3304,7.5883,,,3.6765,9.5161,-0.6047399999999999,3.8171600000000003,6.773032499999999,8.239049999999999,3.42287,,,6.1033,4.37739,,,0.65271,7.488,0.401955,-0.12035,0.91693,,,,,,,,,,-0.38946,,,,,,,-0.1546,,,,-0.0004799999999999,,11.6542,0.36893,,,,-0.37478,,0.7579100000000001,,0.2368199999999999,-0.18885,,0.15609
1,94,1,1,0.97231,1.077005,1.1583,1.3936,1.53775,1.1439666666666666,1.261815,0.7325066666666666,0.98709,1.6548,,1.9997,1.635066666666667,2.38533,6.228924999999999,0.16663,,0.516495,-0.63659,0.74255,-0.6538349999999999,0.40809,0.937805,0.47214500000000004,0.361275,11.0642,,5.7867,8.8788,,,,,,,10.6848,11.3636,,,7.4054,,5.949269999999999,9.145733333333334,,,,,2.682233333333333,0.21426166666666668,-0.44687,,0.268879,0.085321,0.9581299999999999,,0.8031366666666667,0.0015499999999999403,,0.43354333333333334,0.23315,0.670475,0.18018,0.41794,10.8474,1.1189,,,,,0.07300033333333333,2.1820533333333336,,7.589,5.693473333333333,5.765313333333334,7.0802,5.9838,-0.5331100000000001
1,339,2,1,,0.35349,,0.31594,,,,,1.157,0.16826,1.3847,,5.0178400000000005,,1.4184999999999999,,2.2783,3.70755,,,4.6962,5.751849999999999,2.1707,4.8614,6.599333333333333,6.6461,4.4559,8.2155,5.9327,,4.942333333333334,,,7.2067,4.2557,4.23065,,,,8.3731,4.776325,4.579433333333333,4.2807,6.450866666666667,2.5367249999999997,1.4304249999999998,1.8594666666666668,,4.242333333333334,4.5285,2.4785,4.592975,5.1108666666666664,2.766375,6.5985,,,,,7.1592,0.784,0.62131,1.2691866666666667,0.33596,1.5149,,0.57876,,0.52369,0.7689900000000001,0.60128,0.74646,2.018,1.4291375,0.47363,0.511175,0.4269066666666667,1.4815233333333333
1,144,1,1,,,,0.14413,,,,-0.000703,,,,0.28575,-0.40302,0.002516,,-0.13588,,,,,,7.6112,,,,,,,0.012171,0.45633,,0.4917399999999999,1.017945,,,,,0.23747,,,-0.036107,0.1377,,,,,,8.702300000000001,-0.2952,10.26005,5.435454999999999,3.5532290000000004,7.6112,8.434066666666666,9.30735,-0.80534,8.7666,,,4.141555,5.9408,,,,7.315099999999999,6.3045,,,0.1055099999999999,,,7.196,2.6706935,3.7457,0.1055099999999999,0.21172,,
2,1001,1,3,,5.9181,5.4992,2.932435,5.4992,8.0561,11.1204,9.908850000000001,,0.58202,,,,,,,,,,,,,0.76297,,7.2261,,,4.976,,4.618,,6.128550000000001,,4.6652,3.0131,,6.0105,,,9.3267,,,,,,,,,,3.3277,3.9453,,,-0.19292,,-0.0080349999999999,,,,,,,,,,,,,,,,,,,,,,
2,875,2,1,,,,0.72821,,,0.3678099999999999,,,0.60807,,,,,,1.8094,,1.2226,1.5691,2.2760499999999997,1.370435,2.0219,1.6184166666666666,,0.99619,,,,2.9553,4.2028,4.8682,,,,,,,,,,4.8127,,,,4.1658,,5.2008,,,,,,,,,,,,,,,,,,,,,,,,,,,,,,,2.0959
0,353,1,1,-0.16469999999999996,-0.277055,,-0.23436,1.4836,-0.017514,,1.341993,,0.46112,,-0.16133,1.7734,,,-0.3793,,5.152354333333333,5.1902,0.77122,5.673666666666667,4.511153333333334,5.4418500000000005,2.0566,,,,0.27760333333333326,0.57123,,,,,,,,0.41843,,,,0.29259,,,6.098353,,0.50831,5.9441,8.4721,,8.8844,8.4721,,8.4721,,,,,,,,,,,,,,,,,0.33528,0.11731,,-0.17032,0.083606,,0.1645,,
3,741,2,1,,,,,,,,,6.5853,,,,,,,,,,,,,,,,,,,8.483,,,,,,,,,7.9259,,5.8217,,0.77005,,,,6.5298,2.9599833333333336,,,,,,,,-0.40853,,,,,,,,,,,,,,,,,,,,,,,,
2,792,2,1,,,6.7622,,,8.802399999999999,9.5924,,,,,,,,,,,,10.8591,7.902550000000001,,8.6664,,,9.94685,,,,,,,,,,4.9762,,,4.8717,,,,,,,,,,,,,,,,,,,,,,,,,,,,,,,,,,,,8.6829,,,,4.45685
2,244,2,1,,,6.246600000000001,,,,7.1662,8.8827,,,,,,,,,,8.947,8.7701,,9.191533333333334,8.7701,5.4416,,,,,,,,,,,,,,6.1953,4.7944,8.955,,,,,,,,,,8.2817,,,,,,,,,,4.9291,4.7683,,,,1.1604,,,,,,,,,,,,,,
2,578,2,2,,,,,4.863049999999999,,0.50869,4.3256,,5.3696,,,,,,,,3.777435,5.3244,10.0118,5.6384,,5.5575,,5.5575,,,,,,,4.3542,,,3.3934,,,,,,,,,,,,,,,,6.3161,,,,,,,,,,,,,,8.4588,,,,,0.01165900000000005,,,0.040197,,,,,
3,91,2,1,,,0.33646,0.50774,,,0.5606800000000001,0.39407,,,,,,,,,-0.001422,,5.9808,7.3183,7.0941,5.5682,,,,,,7.1175,,,7.527,6.0228,-0.3548699999999999,,-0.44363,7.1486,,,,9.1323,7.95905,7.8781,5.9076,,6.303125,,,6.1521,,,6.4923,4.933933333333333,6.4635,5.85855,5.044466666666667,6.33425,,,5.3549,4.7336,5.06525,3.6841,,,,,,,,,,,,,,,-0.1197599999999999,
3,157,2,2,8.3077,,,,5.3664,,4.9119,0.13876,,0.13876,9.965,,8.9397,3.8146,,4.43825,7.1438500000000005,,,,,,,,,,,2.0532,,,7.3711,,,,,,,,,,,,,,,,,,,,,7.0497,,7.0497,,,,,,,,,,,,,,,,-0.24535,,,,-0.253,-0.16118,,,
3,86,2,2,,8.9671,,,,,,,,,,,,,,,,3.806366666666667,5.3068333333333335,6.5206,5.6592,7.7141,,-0.13108,6.494,,,6.3327,,,,,,,,,,,,,,4.4172,,6.6444,,,6.41175,,,,,,,,,,,,,,,,,,,,,,,,,,,,,,,
3,62,2,1,9.5611,5.02295,,,,,9.2837,,,,,,,,-0.25879,,,-0.245805,,,,,,,,,,,,6.144299999999999,6.3206,7.7092,,2.6222600000000003,,,,,,1.3375,,,,,,4.3539,6.9384,,,,,,,,,,10.291,10.291,,,,,7.7557,8.349766666666667,0.45464,,,,,,,,,,4.3307,,,5.7903
0,275,1,2,,,6.3108,,,3.9616,2.9131666666666667,3.3358,,,,5.6873,,,,,,,4.3913,6.318533333333334,,,,,,,,,,8.7066,,,,,,,,,,,,,5.7036,,,3.9733,,,,,,,,,,,,,,,,,,,,,,,,,,,7.3943,,,,8.6693,
2,80,2,1,,,0.26758,,6.75465,8.0085,,6.3165,,,,,,,,,,,,,,,,,,,,,,,,,7.2353,,7.90865,7.437633333333333,6.3461,,,5.3681,,,,,,,,,5.8152,,,,,,,1.3088,,,,,,,,,,7.8796,6.5085,,,,,,,3.591,,,,
0,116,1,2,,,7.0502,,8.6058,,,8.7234,,8.557,1.47068,0.29683,9.0191,,,9.33765,9.691600000000001,,,,,,,9.024799999999999,,,,,,,-0.1997,,0.45181,,0.1447099999999999,1.0459,,,,8.2068,8.5684,9.533766666666667,9.5873,,9.25295,10.5402,,,,,,10.7641,,,,,,,11.5304,,,,,,,,,,,,,,,,,,,7.5381
2,555,1,1,,,-0.52218,-0.250685,,-0.6392100000000001,0.037971,2.02895,-0.38019,-0.295935,,,,4.3663,6.401,,,,-0.24913,,,0.22521,-0.22416,,,,,6.346900000000001,2.16002,,7.3091,,5.1902,,,,,,,9.4436,10.1863,,,,9.14865,,9.724450000000001,8.301449999999999,,10.0521,5.483476666666667,6.5383,,3.514365,,,,0.36253,,,,,,,,,,,,,,,,,,,,-0.18047
1,718,1,1,,,6.8312,,,,,5.0359,,,,,,0.23521,4.5421,,4.5879,,,,,4.3033,,,,,,,,,,,,,,,,,,,,,9.4474,,8.1001,,,4.6402,,,,,,,,,,,,,,,4.7743,,,,,,,,,,0.42488,,4.51754,,,
1,53,1,3,,5.8298499999999995,,,,,,,,3.340286666666667,,7.0505,1.3833,4.091931,6.866133333333334,,-0.002815,0.385171,8.0918,4.867175,2.19095,3.106546,3.6534343999999996,4.3592,11.8198,10.0866,2.6399,7.7794,11.4982,9.5196,,7.96575,9.6214,0.50165,,,,,,,,,,,,,1.904,,,,,,,,,,,,,,,,,,,,,,,,8.0386,5.0974,4.8794200000000005,4.416300000000001,4.16135,4.1718,-0.671585,4.3338
3,718,2,2,,,,3.8222,,,,,,6.730153333333333,,,0.73956,,,,,,2.1927,,1.45665,2.8836,,,,4.477333333333333,6.6837800000000005,6.8191,6.4451,,7.7386,,9.28,,7.8744,,11.343,,,7.6493,,,,,,,,,,,0.65618,,,,,,,,,,,,,,,,,,,,,,,,,,,
2,730,2,2,,,7.1436,8.1041,,,,,,,1.3116,,,,,,,,,,,-0.81252,,,1.383986666666667,9.5878,,,8.8231,,9.5878,8.8903,,,,0.81986,,,,,,,6.96485,6.7776,,6.8948,,,,,,,,,,,,6.7319,9.2705,,,,,,5.56405,,6.456499999999999,,,,,,,7.681,6.406,,,
0,613,1,1,,,,,8.1042,,,,,,,,,,,,,,,,,,,,,,,,,,,,,,,,,,,,9.2017,,,8.5249,,7.0523,,,,,,,,,,,,,,,,,,,,,,,,,,,0.036952,,,,,
2,711,2,1,6.3275500000000005,,,,,,,,,6.8762,,,,,,0.51423,,,,,,,,3.935,0.17073,12.1385,8.8108,12.2745,12.291933333333333,,,12.0836,,-0.4160899999999999,,,,5.5093,,,11.8904,12.377,0.33055,12.6633,11.8904,,,,,,,,,,,,,10.3232,,,,2.1268,,7.2913,,,6.5852,,,,,,4.1425,9.5264,10.0918,0.20174,2.34982,
2,808,2,2,,,,,,,,,,,,,,,,,,,,,,,,,,,,,,,,,,,,,,,,,,,,,,,,,,7.0357,,8.799,,,,,,,,,,,,10.0585,10.3272,8.368,,,,,,,,,,,,
2,181,2,3,2.8084,,,,,,7.7825,,,,6.087225,3.0242333333333336,4.03165,4.586225000000001,6.163925000000001,6.0946,5.40045,,,,,,3.8079066666666663,,6.8524,,9.6305,8.778,,6.5338,,7.7962,8.4766,,,,,,,,,,,11.1927,,,,8.3577,,,,,,9.6736,,,11.2116,,,,,,,,,,,,12.762599999999999,,,,8.3043,8.4662,,11.3081,7.0057,
2,68,1,1,,,,,,,,,,,,,,,,,,,,,,,,,,,,,,,,,,11.2589,10.31935,,10.9041,11.044550000000001,,,,,,4.7520500000000006,10.43095,,10.351099999999999,,,,,,,,,,,,,,,,,,,,,,,,,,,,,,,
2,852,2,2,,,,,,,,,,,,,,,,5.3963,,,,,,,,,,,,,,,,,,,,,,,,,,,,,,,,,,,,,,9.9475,,,,,,,,,,,,,,,,,,,,,,,,
