fov,cellID,rep,dbscan_ldp_nbr_allele,chr19-g38,chr19-g39,chr19-g40,chr19-g41,chr19-g42,chr19-g43,chr19-g44,chr19-g45,chr19-g46,chr19-g47,chr19-g48,chr19-g49,chr19-g50,chr19-g51,chr19-g52,chr19-g53,chr19-g54,chr19-g55,chr19-g56,chr19-g57,chr19-g58,chr19-g59,chr19-g60,chr19-g61,chr19-g62,chr19-g63,chr19-g64,chr19-g65,chr19-g66,chr19-g67,chr19-g68,chr19-g69,chr19-g70,chr19-g71,chr19-g72,chr19-g73,chr19-g74,chr19-g75,chr19-g76,chr19-g77,chr19-g78,chr19-g79,chr19-g80,chr19-g81,chr19-g82,chr19-g83,chr19-g84,chr19-g85,chr19-g86,chr19-g87,chr19-g88,chr19-g89,chr19-g90,chr19-g91,chr19-g92,chr19-g93,chr19-g94,chr19-g95,chr19-g96,chr19-g97
3,27,2,1,,,,,,,,,,,,,,,,,,,,0.010888,,,,,,,,,,-0.68082,,,,,,,,,,,,,,,,,,,,,,,,,,,,,,
0,215,1,2,,,,,,,,,,,,,,,,,,,,,,,,,,,,,,,,,,-0.81538,-0.4436466666666667,,,-0.22154,,,,,,,,,,,,,,,,,,,,,,
2,841,2,1,,-0.0262699999999999,,,,-0.290315,,,0.103742,,,,,,-0.2568,-0.40156,-0.26753,,,,,,,-0.2166,-0.37564333333333333,-0.40692,,-0.46321,,,-0.63477,,-0.48197999999999996,,,,,-0.44981,-0.29433,,,,,,,,,,,,-0.37743,-0.43373,,-0.35063,-0.31042,-0.516825,-0.49404000000000003,-0.598585,-0.31042,-0.53023
2,210,2,2,,,,,-0.46224,,,,-0.37171,,,,-0.38177,,-0.32142,,,,,,,,,-0.5648299999999999,,,-0.44011,-0.45821,,,,,,,,,,,,,,,-0.23694,,0.17142,-0.48638,,,-0.15044,-0.16251,,,,,-0.090089,-0.21079,0.13924,,,0.14929
2,603,2,1,-0.040906333333333315,0.14667933333333336,-0.092225,,-0.18513049999999998,-0.168676,-0.067804,,,0.10633000000000001,,-0.19522,-0.53075,-0.20159,0.14031,,-0.58596,-0.350245,,-0.6560366666666667,,-0.3120199999999999,-0.2207,-0.31202,-0.2302585,-0.46279,-0.22601,-0.40067624999999996,-0.45642499999999997,-0.28299566666666665,,-0.5746333333333333,-0.235566,-0.15699,-0.7855800000000001,-0.50739,-0.65887,-0.43890250000000003,,,,,,,,,-0.11664750000000002,-0.03595,-0.19521999999999995,-0.074175,-0.29644533333333334,-0.293965,-0.13628825,,-0.2684849999999999,-0.13045,-0.11027549999999998,-0.05435566666666667,0.03979333333333334,-0.156995
2,566,1,3,,,,,,,,,,,,,,,-0.6058399999999999,,,-0.47301,,-0.39387,,,-0.5154000000000001,,-0.37126,,,-0.343,,,-0.4334399999999999,,,,,,,-0.45605,,,-0.43909,,-0.38539,,-0.34583,,,,-0.30909,-0.6143149999999999,-0.6058349999999999,-0.4532199999999999,,,,-0.40659,,-0.39105,0.044187,
1,53,1,3,,,-0.71324,,-0.694725,,,,,,,,,,,,,,,,,,,,-0.39621,-0.3568699999999999,,,,,,,,,,,,,,,,,,,,,,,,,,,,-0.73869,,,,,-0.1648,-0.68084
3,157,2,4,,,0.036231,,0.12193,,,,,,,,,,,,,,,,,,,,,,,,,,,-0.30121,-0.43511,-0.3234,-0.33411,-0.3035,,-0.26677666666666666,,-0.5020625,-0.34635,,,-0.32646,,,,,,,,,-0.27137,,,-0.41828,-0.43511,,,-0.43511
0,620,2,2,,,,,,,,0.7277,0.546455,,-0.6079899999999999,0.32581,,,,-0.0760779999999999,-0.141088,,,,,0.057885,-0.091838,-0.59617,,-0.22186,0.12093,,-0.77741,-0.38734499999999994,-0.29672,,,-0.95472,0.2470099999999999,-0.35582349999999996,,-0.3637,,,,,,,,,,3.013,,,,,,2.946,,,,,2.80808,2.5086
3,937,2,1,,,,,-0.014695333333333333,-0.047048,,,,,,,,,,,,,,,,,,,,,,,,,,-0.3544,-0.28646,,,-0.302635,,,,,,,,,,,,,,,,,,,,,,,,
3,91,2,1,,4.73905,1.9029,,0.52123,0.40691925,0.26716999999999996,0.39018,3.3463,3.3463,,0.56223,,,,,-0.30661,,,-0.578315,-0.45453,,,,,-0.23342,,,0.0624169999999999,,-0.29882,,-0.461535,-0.4358399999999999,-0.48956,-0.24744,-0.32685,-0.2630099999999999,,-0.34787,-0.57909,-0.19294,,-0.051248,,-0.027892,-0.21941,-0.1182,,,,,0.10368,,,0.21695525,-0.081609,0.23525,0.68057,0.12521666666666662
3,157,2,2,,,,,,,,,,,,,,,,,,-0.15353,,,,,,,-0.27443,,,,,-0.32952,,,-0.2025,,,-0.3019699999999999,-0.2025,,,,,,,,,,-0.2882,,,,-0.20403,-0.35094,-0.33105,,-0.27749,-0.27671999999999997,-0.314215,-0.15659,-0.28972999999999993,-0.23464
0,250,1,1,,,,,1.4449,,,,,,,,,,,,,,0.13994,,0.78863,0.18285,,,,-0.3775,-0.521375,0.25605,-0.25298,-0.32197333333333333,-0.13519,,,,-0.40274,-0.4103199999999999,-0.44565,,-0.23868,,-0.072087,,0.03140133333333337,,0.10712,-0.084707,,0.15760333333333332,,0.86814,,0.47481333333333336,0.8795,,,,0.68262,0.76339,0.52991,0.41506
2,210,2,1,0.272,0.8265266666666666,1.0213299999999998,,,1.3683,,1.2074,,,-0.1363599999999999,-0.13333699999999996,,,,,,,-0.5658350000000001,-0.50247,-0.54874,-0.6063999999999999,,,0.007474999999999982,-0.41999,,-0.067961,,,,,,,,,,,,,-0.30399333333333334,-0.4763199999999999,,-0.1444,,,-0.429045,-0.371715,,-0.24699333333333326,,-0.051868,,-0.13132599999999994,-0.24297,-0.21380500000000002,,-0.31539,-0.48638,-0.463245
1,53,1,1,-0.60216,1.263,1.1519,,0.66133,,,0.022639,0.56259,0.91125,0.68794,,,,-0.7710899999999999,,,,,,,,0.006441,-0.274718,,-0.1694266666666667,-0.24001,0.17074,-0.74564,,-0.0942215,-0.2058755,,,,,,,,,,,,,,,,,,,,,,,,,,,,
1,94,1,2,,,,,-0.36679999999999996,,-0.32614,-0.29534499999999997,,,,-0.28179,,,,,,,,,,,,,,,,,,,,-0.31382,,-0.11425,,,,-0.19309,,,,,,,,,,,,,,,,-0.1044,,,,,,-0.20049
1,144,1,2,,-0.032888,,,,,,,,,,,,,,,,,,,,,,,,,,,,,-0.20668999999999998,,,,,,,,,,,,,,,,,,,-0.43521,,,,,,,,,-0.5382,-0.42877
2,210,2,3,,,,,,,,,,,,,,,,,-0.4501699999999999,-0.27315,-0.33249,-0.24833633333333335,-0.39032249999999996,0.13621499999999997,-0.33551,,-0.09310500000000001,,-0.17608749999999998,,-0.3013099999999999,,-0.36467499999999997,,0.09095750000000005,-0.3174,-0.1283099999999999,-0.11222,-0.1611653333333333,-0.26309,,-0.28119,-0.13735999999999995,-0.31137,,,,-0.155465,-0.20475,-0.61512,0.18953,,0.2056199999999999,-0.30634,-0.53063,,,-0.39585,-0.39585,-0.2666075,-0.03275550000000001,-0.2899066666666667
2,230,2,1,1.3814133333333334,0.530145,0.063219,0.44549200000000005,,1.6867750000000001,,0.6715266666666667,0.8678650000000001,1.04075,0.62727,0.9240166666666667,-0.22014,-0.2647,-0.18985,,-0.0985145,-0.0829165,,,,-0.072225,,,,-0.413505,,-0.4250899999999999,-0.0847,-0.32173,,-0.24331,,0.42321,-0.26113,-0.54628,,-0.4940033333333333,-0.56945,,0.41964999999999997,,-0.425389,,,0.18351499999999998,0.14876,,0.24678,,,,0.10955,-0.025889,0.20846375,-0.43935,,0.205793,0.31272,0.1541075
2,569,2,1,,1.6639,0.8281966666666666,0.4103399999999999,1.8849,0.451994,0.33211,,,,,0.27149,,,-0.35105666666666663,,-0.55575,-0.51468,-0.49023000000000005,,-0.67895,,,-0.24381999999999998,,0.06517049999999999,,-0.12746,,-0.041413,-0.230135,-0.32106999999999997,-0.19265,-0.20698933333333333,-0.26044,-0.035548666666666666,-0.2272,-0.37192,-0.31325,-0.48924999999999996,,,-0.19590633333333332,,-0.32889,-0.57726,,-0.21155,-0.2624,-0.203732,-0.21155,-0.19591,,,-0.27805,-0.108882,0.0035659999999999976,0.080488,-0.0320266,-0.0023
1,142,2,1,-0.15919166666666665,-0.1246976,0.015343666666666625,0.06659299999999994,-0.021705000000000002,0.014109999999999956,-0.0837625,0.08450066666666667,0.0882049999999999,0.18607274999999998,-0.0444264,-0.18657,0.26644666666666666,0.33889,-0.33044,-0.00812,-0.17051,-0.15919333333333333,-0.141493,-0.046403,-0.40824,,-0.13285,-0.014294,-0.27733499999999994,-0.019234,-0.10321,-0.178047,-0.004414500000000002,-0.084685,-0.1802682,-0.30327,-0.31720514285714285,-0.28474549999999993,-0.148286,-0.22464666666666666,-0.21608219999999995,-0.3069733333333333,-0.4712199999999999,-0.20241566666666666,-0.28227,-0.05052066666666666,,-0.23123333333333332,-0.030349,-0.11432,-0.05072374999999997,-0.017382,-0.202,-0.187185,,-0.088391,-0.098272,-0.062044999999999996,0.063712,-0.15878,0.040351000000000005,-0.072336,-0.032406,-0.09456475
2,1229,1,1,,,,,,-0.3698099999999999,,,,,,,,,,,,,,,,,,,,,-0.20728,,-0.098932,,,,,,,,,,,,,,,,,,,-0.5702699999999999,,-0.31022,-0.47275,-0.2452099999999999,,,-0.17206999999999997,-0.507965,,,,
2,711,2,1,1.175,,,0.8684700000000001,,0.7002933333333333,,0.47129,3.0213,,,,,1.29129,,,,0.20531999999999995,0.12222499999999996,0.578635,,0.21605,,-0.055889,0.003747,-0.045155,-0.1527372,-0.07020100000000003,-0.29562700000000003,-0.387468,-0.31304,-0.120295,-0.23479533333333333,0.2478566666666667,-0.12268,-0.08093499999999998,-0.26342,,,-0.4471,-0.27455666666666667,-0.10598500000000001,-0.26819333333333334,-0.49004,,0.13017499999999999,,0.16357500000000003,0.64066,0.16675366666666666,-0.12387300000000001,0.41403999999999996,-0.14654,,-0.10121,-0.32067,-0.33737,-0.2181,0.206509,-0.072587
3,62,2,1,,0.297465,-0.014147,0.24758499999999994,0.16763,,,0.28107,0.231864,0.09655949999999995,0.21956499999999995,0.37947,0.292,,,0.3876699999999999,,,0.48198,0.2646699999999999,0.20794599999999996,,0.2783333333333333,,,,,0.2346,,,,,,-0.51164,,,,,0.13209549999999998,,,,,,,0.1416599999999999,0.6045233333333334,0.5421100000000001,,0.28243499999999994,0.38494,0.4505399999999999,0.024120000000000003,0.35624,0.24917666666666669,0.30567,0.447805,0.44165499999999996,0.435505,0.451225
0,620,2,1,1.8427,,1.2911,,1.3108,,0.66072,,,,,,,,,,,,,,,,-0.2061,,,,,,,,,,,0.085466,-0.349915,,0.002724,,,,,,,,,0.5701,,,,,,,,,0.558275,,,0.54449,0.34945,
1,98,1,1,-0.09079999999999995,1.0094,,0.24028,-0.24503,,,,-0.14734925,,,-0.31906,,,,,,-0.28410149999999995,0.29477499999999995,,-0.4589,0.10558499999999998,0.15597,-0.43627,0.090164,0.46032,,,,,,,-0.39103,,-0.3555625,-0.24297,,-0.34579,-0.16689,,,,,,,,,0.23617,,,,,-0.18128,,-0.09559999999999998,-0.08360300000000001,-0.25942499999999996,-0.31289,-0.049672,-0.01574099999999996
3,86,2,1,,1.2409,1.8747333333333334,2.7194,1.9864,0.29023,1.0451,1.6403500000000002,0.6514966666666667,,0.7741899999999999,-0.024579,,,,,0.02554,,-0.038675749999999995,,,1.1203,,,,,-0.28613500000000003,0.485245,,,,,,-0.47722,,,-0.40517000000000003,-0.50541,,,,,,,-0.5195,-0.5195,,-0.087228,-0.063734,-0.021447,-0.050423499999999996,,,,,-0.32529499999999995,-0.20626,-0.22087999999999997,,-0.16436425
0,55,2,1,0.68834,0.73659,0.7124699999999999,0.8105800000000001,0.6395533333333333,,,,,0.0369279999999999,0.15112399999999995,,,,0.28542999999999996,0.0900059999999999,,,0.240128,-0.12874,-0.0370595,,-0.05796850000000002,-0.1367845,-0.29682,-0.10461550000000004,-0.26546,,-0.1745805,,,,0.1575599999999999,0.093223,,-0.019367,-0.2003149999999999,,-0.006500000000000006,-0.4456,0.0859825,-0.33784,-0.31049333333333334,,-0.15769,-0.08531,-0.0209759999999999,-0.32014499999999996,,-0.14322,-0.152865,,,,-0.37644,0.20742,0.0874314,-0.0011369999999999991,-0.4179346,-0.009716333333333336
3,741,2,1,0.44081666666666663,1.5114,0.45432775000000003,0.18187,,-0.033429,-0.27536,0.49260000000000004,0.49185999999999996,0.27731,1.6112600000000001,0.3572099999999999,-0.06894499999999999,,,-0.2420699999999999,,0.6224299999999999,0.38828500000000005,-0.28424,0.6612899999999999,,-0.17104,,,0.43933,-0.3397266666666667,-0.28646,-0.37746,,,-0.030099499999999953,0.57695,-0.2132099999999999,-0.22653,-0.208775,-0.026771000000000034,-0.27203,,-0.15993999999999997,,,-0.03121,,,-0.1466299999999999,-0.11333,-0.15106799999999998,-0.28868,-0.48844,-0.28793766666666665,-0.18214,-0.17992,,,-0.0223319999999999,-0.18436019999999997,-0.15550699999999995,0.0442525,-0.426291
0,352,1,1,-0.3320599999999999,-0.26467150000000006,0.0320579999999999,0.0899855,0.24485,0.6050466666666666,0.3016,,0.5262166666666667,1.5665299999999998,0.24485,-0.43136,-0.54013,0.14082,,,,-0.067246,-0.47156,,-0.3281166666666666,0.019055000000000002,,,0.7390100000000001,-0.041238,-0.25009333333333333,0.31815,-0.145864,-0.1984705,0.17865,-0.062515,,,-0.003408,-0.0022250000000000048,-0.051879999999999996,0.19757,,-0.56613,-0.025475500000000015,-0.48338,-0.010501,-0.042419999999999985,,0.84541,-0.1369975,0.5167525,0.582965,0.7957475,0.7656828571428571,0.851305,1.1481,0.4544966666666667,0.57981,0.257855,1.1610666666666667,0.20347624999999997,0.3825775,0.39204175
3,455,2,2,,,,,,,,,,,0.38558,,0.58951,,,0.29280333333333336,-0.30860333333333334,-0.5213399999999999,-1.1068,-0.39658,-1.1451,,-0.5945119999999999,-0.86203,,-0.559725,0.2368199999999999,-0.715675,,-1.3227,,,0.70707,,1.5036,0.06328083333333333,1.5516,,,-0.7132749999999999,,0.16485,-0.38698,,-0.1230599999999999,,,,,-0.73247,-1.9705,-1.433,-0.958,0.36638,-0.5429514999999999,,-0.1230599999999999,,,-0.25501999999999997
3,157,2,1,0.4203399999999999,0.72488,0.72182,,,,,,0.45656199999999997,0.27496,0.66367,,,,,,,0.64913,,0.42953,0.5366500000000001,,,,,,-0.005088,,,,,,,,,,,0.49151,,,,,,,,,,,,,,,,,,,,,,
2,117,1,1,,-0.45878,,,,,,,-0.23084633333333335,-0.007886,-0.411,-0.14823,,,-0.4617699999999999,,,,,,,,,,-0.007889999999999953,-0.3572599999999999,,0.32456,0.40419,-0.2408,,0.344465,,,-0.50357,-0.41996,,,-0.32589999999999997,-0.50954,,,,,-0.37517,-0.14823,,,0.0100299999999999,,-0.15122,-0.40503,,,,,,-0.16316,-0.0929875,0.042877
0,407,1,1,,,-0.12755,,-0.37835,,,,0.56585,0.56585,0.56585,0.028834,,,,-0.074438,,,-0.0508329999999999,,,,,0.084896,0.6897800000000001,0.13505499999999998,,-0.008540000000000011,-0.10985,,,,,,,,,,,-0.16885499999999998,,,,,0.45668,,,,,,0.5511,0.5392899999999999,0.91402,,,1.5248,1.274,0.6691450000000001,,1.454
1,843,2,1,,,,,,0.3050199999999999,,,,,,,,,,,,,-0.29939,-0.30136,-0.18754,-0.2405199999999999,0.41884,0.019823666666666667,,,-0.1541799999999999,0.4423899999999999,0.16700233333333334,0.67199,,-0.33864,-0.2856599999999999,,-0.29939,-0.0874549999999999,0.010665,,,,,-0.201275,,,,,,,,-0.29154,-0.14044,,,,-0.3249,-0.32785,,,,-0.1100245
1,94,1,3,,,-0.1512099999999999,,,-0.01077,-0.33846,,,,,,,,,,,,,,,-0.025553,0.018797,-0.06867000000000001,,0.1617,-0.18939499999999998,0.1617,,,,,,,,,,,,,,,,,,,,,,,,,,0.075465,,,,,,
3,353,2,1,-0.15185333333333326,0.11383149999999995,2.07505,-0.09912300000000004,1.471898,0.6418216666666666,0.07225200000000001,,0.5823400000000001,0.81963,-0.17720999999999992,,,,-0.131575,,0.8317899999999999,-0.0038009999999999,0.38763200000000003,,0.14898466666666665,0.10572,,,,0.08705959999999995,0.072762,0.0894929999999999,0.15236649999999996,0.10166,0.21929,-0.30092499999999994,-0.088983,,0.263915,-0.13495333333333334,0.0428459999999999,0.56002,-0.12346349999999995,-0.0626169999999999,-0.19039,,,,-0.2857099999999999,-0.13292766666666664,-0.1701099999999999,-0.1829533333333333,-0.26644599999999996,,,-0.07884250000000001,,-0.040308,,-0.297884,-0.17011,,-0.202562,
2,852,2,1,,,,,,,,,1.4418,,,,,0.8568,,,,,,-0.02458,,,-0.5471699999999999,-0.22738,,,-0.22348,0.5019100000000001,,,,0.18212,,-0.094778,-0.03238,0.38491,,-0.079179,,-0.4340699999999999,,-0.22152499999999994,,,,-0.094775,0.8997,,,,-0.28002499999999997,,0.66571,,,0.37321,,,0.38101,0.19382
2,578,2,1,0.0980633333333333,0.73224,,0.5182,,,0.412375,,0.47302,,0.80516,0.7393700000000001,0.33509,,0.4539899999999999,0.44686,0.60382,0.86541,,-0.033526,0.2685,0.3993,,0.14959,0.11392,0.22926000000000002,0.16862,,-0.20237,0.18764,-0.0145009999999999,0.052087,0.1591,0.15315675,,0.092516,,,,,,,,,,-0.20713,,,0.10678,0.17575333333333332,,,,-0.4497,,,,-0.25945,-0.172645,
0,99,2,1,,,1.2242933333333335,,0.48883,,0.8381533333333334,1.2149,,,1.5911,0.564625,,-0.4749466666666667,0.12078666666666667,-0.17552,,-0.20172,-0.047329999999999955,-0.25037499999999996,,-0.20733,0.58615,,,-0.3601666666666666,0.38029,0.30169,0.3653185,0.54498,0.5898899999999999,-0.4206749999999999,-0.2410199999999999,-0.290798,,0.27923,-0.37482499999999996,2.4026866666666664,,0.46637700000000004,0.10800149999999996,,0.19876,,0.19876,0.0527929999999999,0.246798,0.16882,0.15759,0.03407849999999995,,0.40368,0.22684,0.028464,,0.10519,0.3138555,0.49071,0.058407,-0.35705
0,27,2,2,3.5146,,2.4839,3.02935,2.0450999999999997,1.516065,-0.1651,0.5445800000000001,0.4355735,-0.03495800000000003,0.737965,0.1724099999999999,0.64857,0.44971,0.28552,0.17423,,,-0.13408,,,,0.005481,0.35211,0.215284,0.20570574999999997,0.1122099999999999,-0.17057066666666665,0.42052,0.02098825,0.111296,,0.031021499999999994,-0.046513,0.3416175,0.21893,0.0483535,0.1122099999999999,,,0.20707499999999998,-0.050162,,-0.10489,,,,,,0.055651,0.09578599999999997,-0.23442,,,,0.2326099999999999,0.40820749999999995,0.4326833333333333,0.61573,0.16876
2,584,2,1,,,,,,,,,,,,,,,,,,,-0.098254,,,0.023974,,-0.30706,,,,,,0.34992,,0.13602,,,-0.13136,,0.1029099999999999,-0.01422500000000005,,,,,,,1.3099,,,,0.2811599999999999,0.37029,,0.37029,,,,,0.56891,,,
3,823,2,1,-0.18951649999999995,,0.083209,0.28262,0.083209,-0.045823,,,-0.013565,0.147725,0.289954,-0.19831,-0.29508999999999996,,0.3588699999999999,,,-0.46811,,,-0.386,-0.4857,,0.1184,0.20051,-0.10056066666666659,-0.236435,0.53482,0.7049,0.12426,,,-0.26722999999999997,,,-0.107404,,-0.26282999999999995,-0.36254,-0.43878,,0.06561099999999995,-0.383065,-0.49157,-0.11033849999999999,-0.39186,-0.14553,-0.37426499999999996,,-0.29802,-0.1484635,0.059748,-0.0634179999999999,0.13599666666666663,,0.43511,,,,
1,468,1,1,1.1141,,,,0.5182899999999999,,1.2513,1.1274555,1.383515,2.3625,0.87308,,0.92998,,,,0.1568099999999999,,,4.9063,,,,,,,,-0.50257,0.012882,0.685655,-0.067448,0.55511,0.68565,,-0.469095,,,,-0.18794,,,,,,,,,-0.11765,,,,1.1241,,,,0.076477,,0.4547,0.94337,0.039659
3,157,2,3,0.0316399999999999,,,-0.008148,-0.46113,,-0.008148,,,0.24589,0.28415,-0.22009999999999996,,,,,,,0.4417666666666666,0.2918,,,,0.020928,,0.09999599999999999,0.11937966666666662,0.27037,,0.15330499999999994,0.1387633333333333,0.16886,,,-0.01427,,0.21069,0.098975,,,0.29333,,,0.07908,,-0.10762,,-0.049468,-0.168071,,-0.28973,,-0.76413,,-0.023452,,-0.27596,,,
1,713,1,1,,,,0.20437,0.8026399999999999,,,,,,,,,,,,,0.05220999999999999,,,0.0435645,-0.08266,-0.4941899999999999,-0.35239666666666664,-0.068827,0.460275,0.47756666666666664,,-0.016954,,,-0.086119,0.041835,0.021086,0.055666999999999994,0.13175,,,-0.10513499999999996,0.031461,,0.3427,,,0.22512,,,,0.193995,,0.78535,-0.030787,,,,,,-0.17949,-0.065369,
1,339,2,1,1.5374,,1.8603,0.66887,,2.3409,,,0.05062,0.81905,,0.39103,,,0.30467500000000003,0.11069,0.4511,,0.610045,0.377014,0.5987775,,0.408555,,,,,,,,0.2809,0.19329,-0.0019450000000000023,,,,,,,,,,,,,0.49115,0.3334623333333333,0.12738133333333332,0.28173333333333334,0.1958,0.2508599999999999,0.018081,,0.06397,0.12571,-0.1846649999999999,-0.087045,,0.2133199999999999,0.24210199999999998
2,1001,1,1,0.18340566666666666,0.32764333333333334,0.33813,,0.3106,,0.55055,,,-0.18899,0.296827,-0.0513049999999999,,0.24372,,0.41681,,,0.52695,0.75117,0.81018,,1.058,0.8396699999999999,1.4553,0.49942000000000003,0.12178,-0.11818,-0.3542,0.09719225000000001,0.4325385,0.191273,0.40697350000000004,,,1.4553,0.19126400000000007,0.15127999999999997,-0.16145,-0.043438,-0.42107,,-0.338465,,,-0.47221,0.94786,,0.6843,-0.3778,0.44434,-0.48401,0.06277500000000003,,-0.11424,0.10998,0.2319199999999999,0.029335,,
3,718,2,1,0.02012,,0.3226699999999999,,0.26311,0.06180699999999995,-0.20936999999999995,-0.33245,0.13685,0.37269,0.52595,0.282165,0.50848,,,-0.17523,0.10112,0.25835,,0.0034439999999999,0.15829,0.086823,,,0.52754,-0.006085,0.29408,0.425105,-0.01085,0.33696,0.2488199999999999,0.026077,0.19641,0.13209,,-0.08588949999999998,0.10112,0.26311,-0.10614,-0.027525,-0.151405,-0.1454475,,-0.075171,,-0.53971,-0.31935,,,-0.096611,-0.23478,,-0.34198,-0.20381,0.1725799999999999,-0.10947459999999998,-0.072788,-0.2240635,-0.11269250000000003,0.13685
0,610,2,1,,,,,,-0.23958,,,,0.48436,0.0115819999999999,0.2085699999999999,,-0.05983000000000001,0.24961133333333332,-0.6483300000000001,0.46466,,-0.727125,,-0.23958,,-0.8847200000000001,,0.090378,-0.0425899999999999,0.73059,-0.02289000000000002,0.48436,,1.04579,-1.2738,0.69612,,0.016510000000000025,0.76999,,,,,,,,,,0.67642,,,,,,,,,,,,,,-0.0475149999999999
0,149,2,1,,,,,,,,,,,,,,,,,,,,,,,,,,,,,,,,,0.2114599999999999,,,,,-0.023774499999999997,,,,,,,,,0.16054,,0.10555,,,0.12592,0.28274499999999997,0.5699384999999999,,1.2665,0.9996700000000001,0.85709,1.3458999999999999,
1,831,1,1,,,,,,,,,,,,0.29589,0.57775,,,,,,,,,,,,,,,,,,,0.20194,0.242205,,,,,,,,,,,,,,,,,,,,,,,,,,,
2,591,2,1,,1.4177,1.2913,1.5179,1.6491666666666667,,,,1.9235,1.7815,2.0402,,,0.44897,,,,,0.16691,0.69991,,-0.27271,0.236945,0.2291625,0.14941,,,1.0267,-0.3369,0.60848,-0.27076,0.145515,-0.2707633333333333,-0.10153,0.9878,1.7095,-0.1063925,0.537455,-0.32328,-0.25909,-0.1900349999999999,,-0.22408,-0.2493699999999999,,1.6414,0.519,0.53067,0.31767,0.14357000000000003,0.5209446666666667,0.2880045,0.19706499999999988,,0.28168366666666667,0.15057420000000002,0.5121950000000001,0.29724,0.8725350000000001,0.08586333333333333
2,947,1,1,,0.6807300000000001,,,,,,,,,,,,,,,,,1.1035,,,,,,,,,,-0.8214600000000001,,,,,0.77967,0.77068,0.63575,,0.5458,,,,,,,,0.168,,,,,,,,,,-0.6685399999999999,-0.94739,,,
0,613,1,1,,,,0.15814,0.15814,-0.081953,,2.0995,0.2679,2.01835,,,,,,-0.28089,0.001509,,,,-0.08424,,,-0.18942,,0.2233115,0.494275,0.50571,1.150555,-0.022501,0.417675,,-0.11624999999999999,-0.3014699999999999,-0.079666,-0.25345,,-0.3014699999999999,,,,,-0.2618333333333333,,-0.28318,-0.15512,,,,,,,-0.3266199999999999,,-0.1757,0.45997999999999994,0.6451899999999999,0.745805,0.296484,
0,158,2,1,,0.015383,-0.21609,,,-0.24477,,,,,,,,,,,,,,,,0.15877,,,,-0.011247,,,,,,0.1493512,,,0.67498,,,,,,,,,0.33699,0.21818,,,,,,,,,0.42507,,0.438385,,,0.38615,
1,612,2,1,,,0.83935,0.779205,1.1314,,,,0.44418,,,0.0490009999999999,,-0.40631,,,,,,-0.38054,,,,-0.50081,0.28954,-0.32898950000000005,-0.82726,1.8015,,,,0.882305,,-0.04550000000000001,,,,0.916665,-0.054088,,,,-0.6468499999999999,,,,,,,,2.7121,,,,,0.44418,0.3926333333333334,-0.036906,,0.49572
0,89,2,2,,,,,,0.2450699999999999,,0.56862,0.36063,,,,,,,,,,,,,,,,,,,,,,,,0.32152,,,,0.097519,,,,,,0.35174,,,,,,,0.3090699999999999,,,,0.52596,0.3401799999999999,,,,0.4056599999999999,
2,80,2,2,0.62841,-0.061021,1.2551266666666665,,-0.46308,-0.47983,-0.46179,,,,,,,,,,,,,,,,,,0.31526,,,0.4673199999999999,,,0.31526,,0.12841,,0.39903,,,,,0.375185,,,,,,,,0.3784099999999999,-0.073908,0.291425,0.257277,0.3784099999999999,0.2650099999999999,,,,,,,
0,275,1,1,0.38652,,,,,,,,0.30713,0.30713,,,-0.036136,0.31414,,,,,,,,,,0.213725,,0.6644049999999999,,,,,,0.0222419999999999,,,,,0.1693599999999999,,0.2721,,,-0.45646,0.2394099999999999,0.17403,,-0.0018873333333333658,0.080621,,,,0.33515,,,,0.32815,,0.49161,,-0.050147,0.11098
1,98,1,2,,,5.3792,,6.0085,,,,,,,,,,,,,,,,,,,0.131293,,-0.001344999999999999,0.62483,0.32459,0.28963,0.5240600000000001,,,,,,0.303,0.6639,0.34001499999999996,-0.094912,,,-0.1185585,0.33899,0.11073,-0.0681789999999999,,,,,,,,,-0.1566,-0.6254649999999999,,-0.214185,,,
2,10,2,1,,,,,,,,,,,,,,,,,,,,,,,,,,,,,,0.36656,,,,,,,,,,,,,,,,,,,,,,,,,,,,,,
2,566,1,1,0.092232,0.4087699999999999,,,0.2307199999999999,,,0.7648699999999999,,0.6781933333333333,0.8468200000000001,,0.054079,,,,,,,,,,,,,0.78465,,,0.71305,0.60095,,,,-0.46453,0.25332,,,0.44551,-0.17343,,,-0.068861,,,,,,,,,,-0.17343,,,,,-0.48431,-0.4617,-0.29119,-0.37409
1,137,1,1,1.0593,4.106633333333334,2.3111,,,,,,,3.1838499999999996,,,,,,,,,,,,,,,,,,,,0.43173,,0.26503,0.44316500000000003,,,,,,,,,,,,,,,,,,,,,,,,,0.6082266666666666,0.92528,0.63764
0,89,2,1,,0.46551,,,0.5472899999999999,0.6693600000000001,0.3695149999999999,,,,0.3760333333333333,0.6068450000000001,0.08685433333333331,,,0.3090699999999999,,0.966835,1.994373333333333,1.2966000000000002,0.45307,,0.48018,0.49039999999999995,-0.17980999999999997,0.26285,0.44951,0.3810699999999999,0.7175900000000001,0.23618299999999992,0.25351625,0.28003666666666666,0.61662,,0.2504099999999999,,-0.0304779999999999,0.022261666666666666,-0.10337,,-0.071366,,-0.11581,1.2371,1.6246,0.12300033333333334,-0.019811499999999996,,-0.28114,0.7457920000000001,1.0219,,,0.038849999999999996,0.16152,0.184627,0.49810333333333334,0.11885,0.26463,-0.17447333333333334
3,91,2,2,0.106792,0.548995,,,,,0.0873299999999999,0.032833,,,,0.54355,,,,,-0.28014,,,,,,,0.38005999999999995,,,,0.15273,0.61984,,,,,,,,,,0.2477099999999999,,,,,,,,,,,,,,,,,,,,,
1,137,1,2,,,1.3469,,,,0.46768,0.39904,,,,4.6318,,,0.46768,,,,,0.29771,,,,0.6267466666666667,0.53305,0.2454199999999999,,0.10487,0.91384,0.3508275,0.51344,,,,0.3532799999999999,,0.46441,0.45133499999999993,0.3827,,,1.010285,0.55593,,0.43173,,,,,,,,0.43499,,0.33694,,,,,0.049305
0,18,2,1,,,,,-0.083357,-0.46733,0.55374,0.7997133333333334,1.5386983333333335,1.9738,1.5733766666666666,2.0306,,,,0.73822,-0.49307,,,,,,,-0.436225,-0.16916499999999995,,0.96131,0.6314975,0.136515,0.25199333333333335,,0.24699,0.51727,0.33815599999999996,0.26271666666666665,0.27917,0.2469866666666667,0.46579,,,,0.0560745,0.11828,,0.14402,0.22875425,,0.4872399999999999,0.48295,0.36818899999999993,0.1450955,-0.03831,0.460425,,0.37999,0.13473000000000002,,-0.66468,,-0.6046199999999999
0,4,2,1,,,,,,,,,,,,,,,,,,,,,,,,,,,,-0.10316000000000003,,-1.1859,0.78575,1.573,0.40276,0.797096,0.78575,2.2799,0.5587933333333334,,,,,,-0.11025549999999995,-0.29229,,,,,,0.6675399999999999,0.95597,-0.32539,0.31292,,,,,,,
2,641,2,1,,,,,,,,,1.0143,1.7599,1.5856,,0.35456,0.038087,-0.20329,,,,,0.45111,,,,,-0.1872,0.24996,0.5583899999999999,0.25265,,0.7354,,0.44038,,,,,0.08457333333333328,0.6764,,,0.20973,,0.0273589999999999,0.0273589999999999,,0.61739,0.5718,0.469885,0.56912,0.69785,0.443065,,,0.5190566666666666,,0.1131799999999999,,,,
1,94,1,1,3.5577000000000005,3.35975,,4.4513,,2.4087333333333336,2.1525,,0.25779,1.53529,1.222395,1.6367333333333332,1.438,,1.438,-0.37296,0.537415,,0.29310233333333335,-0.35325,1.3394,0.25778999999999996,-0.21526499999999998,0.014693333333333336,,0.04096999999999995,-0.11753799999999999,0.49185999999999996,0.6216200000000001,-0.060047,0.6725266666666667,0.12288175000000003,1.3032986666666666,0.8343289999999999,0.6889766666666666,0.08367566666666666,0.353865,0.15184649999999994,0.3236875,0.2679958571428572,0.27257,0.97231,-0.71297,,-0.67601,-0.7474599999999999,,,-0.42716,-0.423712,-0.29575666666666667,-0.18078,-0.216913,-0.456725,-0.31382,-0.43290999999999996,,-0.2653676666666666,,
0,406,1,1,0.5163800000000001,0.41646,,0.22230700000000003,,,0.36878,-0.033162,1.38045,,0.61857,-0.04224533333333333,0.7510333333333333,0.89865,0.55612,1.511,,0.52546,0.40965,0.9819,,-0.14443,,0.5504399999999999,0.40965,0.4573399999999999,,-0.044516,0.60948,0.7169666666666666,0.5504399999999999,0.96374,0.29384,0.5209199999999999,0.29838,0.34152324999999994,0.6147833333333333,0.542495,,,0.3438,,-0.02635,1.0522749999999998,-0.02635,0.6776150000000001,-0.02635,0.6117295,,0.34493,0.7638799999999999,0.2726456666666666,0.30519,0.71735,,0.8055233333333334,1.0121633333333333,,,0.98417
2,63,1,1,,1.4429,,,1.0885,1.3620999999999999,,,1.0947,0.85214,0.85214,0.3111,,,,,0.11209,,0.48523,,,0.35463,,0.2271425,,,0.7588600000000001,0.46035,,0.27534125,,,0.47901,0.45413,,-0.30457,-0.35121,,,,,,,,,,,,,,,,,,,,,,,
1,208,2,1,1.287895,1.241185,1.6314,0.99332,1.4239899999999999,1.4405666666666666,,,1.12854,1.634966666666667,1.7339,0.636605,0.61061,0.566915,0.6731400000000001,-0.023731000000000002,0.92326,0.2749341428571429,0.825325,0.71006,0.41489200000000004,0.1638599999999999,0.953385,0.7399383333333334,0.46634,0.22375499999999998,0.425831,0.4606966666666667,1.0442933333333333,0.519156,0.40644366666666665,0.349192,0.344964,0.47304599999999997,0.676894,0.8690180000000001,0.8880518749999999,0.64677175,0.16737499999999997,0.5254800000000001,0.340905,0.29746,0.3245766666666667,0.28289,0.10359,0.45466,0.45466,0.8323666666666667,0.5189499999999999,,0.5716866666666667,0.666212,0.71985,,0.3808333333333333,0.40983749999999997,0.526235,0.5393744444444444,0.5119199999999999,0.512822
2,636,2,1,0.33884,0.27362499999999995,-0.041980000000000045,-0.36224,,-0.302845,-0.23801666666666663,-0.21783,1.4545,0.059342,-0.25743,0.421535,,0.33419,-0.4065,0.96772,,1.1145,-0.3218666666666667,0.18977499999999997,-0.0547879999999999,-0.007040000000000046,1.352,0.9522033333333333,,-0.05013,,0.6928799999999999,1.1016625,0.504215,0.5508,0.741795,0.41221399999999997,0.37843999999999994,0.139116,1.2892,0.09699666666666668,0.2394666666666667,0.6944333333333333,,,,,,,0.11873499999999998,0.0942799999999999,-0.082739,0.28527450000000004,-0.279555,-0.22714633333333334,-0.241124,-0.055952999999999996,-0.1479599999999999,-0.1514525,-0.24345,0.046142666666666665,-0.012086666666666667,0.02021179999999999,0.23713333333333333
2,516,2,1,-0.20956,0.11606,,,3.1069,1.1717216666666668,0.97249,-0.29877,-0.29654,,,0.8409,-0.34561,0.32905,0.85875,0.26326,0.050265000000000004,,0.73607875,-0.02445,,0.6730674999999999,0.9356965,0.021272,0.5582900000000001,1.49885,1.5747,0.2000733333333334,0.36919599999999997,0.446142,0.7728670000000001,-0.292085,0.895306,-0.325984,-0.16496,-0.11737666666666663,1.146475,,2.4846,-0.40806,-0.452665,-0.40583,-0.26309,,,,-0.28613999999999995,-0.162725,,-0.41475,,-0.383525,-0.3266549999999999,-0.0579029999999999,-0.16124066666666662,-0.28613333333333335,,,-0.23520999999999997,-0.264205
0,275,1,2,,,,,,,,,,,,0.04714966666666667,,,,,,,0.5418099999999999,0.2324099999999999,,,0.37718,-0.18208000000000002,0.8652299999999999,0.455415,,0.574738,0.37018,1.1571,,,0.040925,,,1.0007,0.47292,0.253422,,-0.102688,-0.088676,,,,,,-0.10619,,-0.017455,,,0.0199069999999999,,,,,,-0.19492500000000001,-0.10152033333333332,-0.036136
2,260,1,1,1.4024,0.9891645,1.2754,,1.2423,1.1571,,1.0885,1.6244,0.56565,1.848,,,,,,0.33497499999999997,0.26045,0.33852499999999996,0.311315,0.39057,0.15871133333333334,,0.58103,,0.37165,0.085369,0.3818966666666667,0.3664404,0.818805,0.5120266666666666,0.8803200000000001,0.8740100000000001,1.0483,0.6981266666666667,0.8629766666666666,0.9323716666666667,0.9217025,,0.5289799999999999,0.6886800000000001,0.568015,0.586945,0.4662833333333333,0.29515,0.32669,0.5964100000000001,0.66265,,,0.6886800000000001,,0.400035,,0.27464,0.56565,0.16995125000000003,0.59483,0.47219999999999995,
3,28,2,1,-0.4404,2.0155,4.5835,,,1.3012,,,2.5878,1.71310025,0.8892403333333335,,0.8866299999999999,,-0.005006,1.6062,0.30785,0.25571,0.24267,-0.11710999999999999,0.047134999999999976,0.26483,-0.012828,0.11231000000000003,-0.52382,,,,0.8866299999999999,0.80581,0.82319,0.44863,,,0.075815,5.5299,0.81363,0.859255,,,0.646775,0.17489,-0.04324266666666667,-0.05584500000000006,,-0.020649,,0.51251,,,0.4043133333333333,,0.112316,0.74324,0.6893566666666667,0.30003,0.51903,0.5242399999999999,,0.7067266666666666
1,820,1,1,,0.18759,0.14098,,0.77177,,,,,1.2006,,-0.02371000000000001,0.42375,,0.1068,,,,,,,,,0.67855,,,-0.12936,-0.132465,1.3435,1.2565,,0.8214799999999999,,,,,,,-0.15422,-0.40902,,0.21245,0.06951,0.29323999999999995,-0.008169999999999997,-0.020602500000000003,,,0.001149,-0.036139,-0.39037,,,,-0.098286,,,0.050866,-0.1107099999999999,-0.29094
1,189,2,1,0.72115,0.7477449999999999,0.3165699999999999,0.62766,0.1715,0.180365,-0.033206,0.26434599999999997,0.23274999999999998,0.10823524999999998,0.7598600000000001,0.33688,,,-0.42167,-0.13637,-0.47486,,,,,-0.054965,-0.140395,-0.27176,0.490655,0.29763325,0.8807299999999999,-0.04851849999999999,,1.2200199999999999,0.8984633333333334,1.7818,0.6010845,-0.16377,0.55513,0.086073,0.65077,0.20265333333333344,-0.12508,-0.15893,,-0.1815,-0.0670559999999999,-0.299165,,0.6067100000000001,0.48366833333333337,0.6437833333333333,0.9978799999999999,-0.20836233333333332,0.1315276,-0.061815999999999996,-0.23469,0.11232285714285715,0.8146399999999999,-0.042874999999999996,-0.14979999999999996,0.227915,0.5930075,0.2983033333333333
3,823,2,2,,,,,,,,,,,,,,,,,,,,,,0.29435,,-0.35667,,0.91898,0.45271,0.8867200000000001,0.52895,0.76942,,,,0.76355,0.62279,,0.3295433333333333,,0.001098,,,,-0.57368,0.65798,,,0.012828,,,,,,,-0.171919,0.36473,0.59933,0.083209,,-0.03214000000000002,0.45857
0,884,1,1,,,,,,,,,,,,0.26255,0.36415,,,,,0.50854,0.45506,0.44437,0.3802,,,,,,,,1.0487,,,0.41495499999999996,,,,0.39624,1.1396,,,,,,,,0.93101,,,,,,,,,,,,,,,0.032598
2,730,2,1,0.30670200000000003,0.090864,,0.082287,0.37675,0.0193939999999999,-0.21503,-0.1121099999999999,0.7979333333333333,1.283,,,0.27383,,1.283,-0.30651,,,,1.3144,,1.3144,,0.40854999999999997,0.855595,0.8956050000000001,0.3367199999999999,0.18949500000000002,0.1709099999999999,0.92421,0.1223099999999999,2.06485,2.5637,0.1594799999999999,-0.014912,1.8376,,0.9441999999999999,-0.58667,2.0648999999999997,,,,,,0.47680500000000003,0.528975,0.5597099999999999,0.4210575,0.43821,-0.153565,0.443925,0.355305,0.48681,0.44964499999999996,0.48824,0.2481,0.463225,0.59401,0.38961
0,158,2,2,-0.18946,3.3769,2.77975,,0.31445,0.677375,0.72005,0.5008600000000001,,,0.14443350000000005,,0.34928,-0.025586,0.79993,0.03177,-0.03378,-0.136885,,,0.2489,,-0.0747485,0.9672299999999999,0.6026163333333333,1.26358,-0.12186,0.7022873333333334,0.432577,1.2075799999999999,1.3018016666666667,1.103115,0.579735,0.6456133333333333,0.3738599999999999,1.2782499999999999,0.4455515,1.5456,0.059425000000000006,0.042010000000000006,0.6299166666666667,0.1751599999999999,0.12395,,,0.40765499999999993,0.5295420000000001,0.2919199999999999,,0.23865999999999996,0.13316499999999995,0.29089999999999994,,,,0.704685,,0.8941600000000001,,0.6176250000000001
2,68,1,1,,,,,,,,,,,,,-0.43596,,,1.5482,,,0.468865,0.36836500000000005,-0.33246,0.82668,0.32103,,0.27963333333333334,0.67291,,0.79415,,,,,0.6541833333333333,0.93608,,-0.20161499999999996,-0.14322,,0.35208,0.10221,,,0.0475105,,,-0.0545059999999999,0.093344,,-0.3295066666666666,0.06771733333333334,0.26780499999999996,0.103692,,,,-0.044894499999999976,0.57533,0.2776633333333333,0.74684,0.29146333333333324
2,80,2,1,1.368075,1.059334,1.509185,1.1091,0.33266125,0.8642349999999999,0.4125599999999999,0.76371,,0.93835,0.8723833333333334,,1.3668,,,,,,,1.4531,,,,,0.61036,1.1426,1.0562,1.1967,,0.60263,,0.612945,0.5981,0.65804,0.400315,0.083308,0.739225,0.50083,0.5420699999999999,0.5420699999999999,0.2096,,0.096194,-0.058444,-0.15509,,,0.9389700000000001,1.0756,0.8626175,0.9647600000000001,0.51694,0.8577799999999999,,,,,,0.36294,
0,310,1,2,4.183433333333333,3.6284666666666667,5.0269,,,4.2347,,,,0.714572,0.45053,1.1141,1.4723,,,,0.26454,0.26224,,,,,,0.80185,,,0.81333,,0.46201,,,1.0958,,,,,,,,,,,,0.041804,,,,,,,,,,,0.1681,,,,,
1,826,1,1,,,0.2414,,,,-0.3175199999999999,,0.18928,0.5792700000000001,0.6080399999999999,0.5496175,,,,0.4804199999999999,,0.32946,,,,-0.6410100000000001,,,,,,0.91894,,,1.0735,,0.24858700000000003,0.32227,1.4437,0.588255,0.370795,0.59544,1.7061,,,,0.21804,,,,0.160525,1.86245,,,1.4186,,,0.5595,,-0.393,0.57028,,,
0,310,1,1,2.44135,2.1888,,1.9867,0.50794,,,,1.8236499999999998,2.8593,2.896,2.8019,,,,,,,,-0.33018,,,,1.0269,0.509085,0.75593,1.1463,0.7115333333333332,0.64341,0.909775,0.91896,0.8822200000000001,0.96029,0.49186,,-0.052341,0.70541,,,,,,,,,,0.80185,1.0475,,0.63193,1.268,0.64341,0.91896,0.6227449999999999,0.8007,1.157785,1.1417,,1.36903,1.4149
2,181,2,1,1.5338,,1.4133,1.3314499999999998,,-0.014547,,,,,0.48149,,,0.45737,0.021047666666666725,,,,1.03952,0.5400533333333333,-0.16323999999999997,,,1.4110000000000003,0.841465,1.229,0.35575500000000004,1.02315,0.959445,1.3134,1.194874,0.779436,0.5291416666666667,0.5169638,0.3902,1.18765,,1.45747,0.5566863333333334,0.8782266666666668,0.199025,0.5515236666666667,0.399675,-0.0179919999999999,0.39365,0.040565000000000004,1.4649,-0.093775,0.49872500000000003,,-0.647505,-0.1661099999999999,1.2341,0.3706966666666667,,0.82595,1.148,1.02146,,1.1129966666666666
1,81,1,2,1.6426,1.5620666666666665,0.7400200000000001,0.98619,,0.822085,0.4073199999999999,0.90563,,0.70496,,,0.36853,,,0.2044099999999999,0.9792566666666667,,1.0369,,,0.5565100000000001,,0.8439433333333334,1.6725,1.3159,0.738505,1.4165975,1.34575,1.1428475,0.38643,0.43566499999999997,0.4849,0.8191066666666665,0.359575,0.5614833333333333,0.5550200000000001,0.5147333333333334,,,,0.5565100000000001,,,,0.47595,,0.49087,0.5505399999999999,0.53264,,0.6400600000000001,,0.4655,0.59829,,,1.0996,0.7007233333333334,1.88038
3,455,2,1,0.3184103333333334,0.1048665,,,0.13126,0.65428,,0.1216599999999999,0.48874399999999996,0.5583199999999999,,,,,,0.08807,-0.47335,,,0.0544805,,,,1.1341,0.70547,,,,,0.85583,,,,,,,,,1.482,,-0.74207,-0.74207,0.83183,0.78145,0.83183,-1.020355,-0.2070375,-0.82124,-0.415772,-0.550125,-0.65569,,,,0.37118,,,0.2968015,,0.4839415
2,555,1,1,0.632455,1.105245,,,,0.87431,0.71515,,0.10454566666666663,,0.10974666666666667,2.3223,-0.20544,,3.118,0.10039,,,0.15812,0.69643,,0.59345,0.37188,0.4639425,0.44366,0.72763,,,1.4235,0.72763,0.658988,0.8904350000000001,,1.0584333333333333,0.585645,0.5329079999999999,,0.34691925,,,0.6074900000000001,-0.20232,0.45304,-0.20232,0.275145,,,,,,,,,0.4332566666666667,0.38904500000000003,0.490465,0.14615599999999998,0.30166499999999996,0.5583374999999999,0.42181
1,843,2,2,,,2.2478,,3.1623,4.2318,,,6.5965,,,2.809,,-0.12082,,,,,,0.45351333333333327,-0.038395,0.17747,0.31484,0.43454,,0.64844,0.7550666666666667,,0.536585,,,1.1008,1.1194,1.1685,,,,,,,,,,,,,,,,,,,,,,,,,,
1,36,1,1,1.22288775,1.5008733333333335,0.34952500000000003,0.46112,0.81789,0.3988225,-0.016593999999999998,,0.37926499999999996,2.9071,1.4708039999999998,0.10094560000000001,-0.14732,2.352445,0.68105,-0.52852,,1.5045,2.6799,2.259575,1.52042,,,,-0.11677950000000001,0.749451,1.4165800000000002,1.30903,0.640725,0.11169,2.15695,0.80689,0.83499,0.2803,0.63217,0.089702,0.5710833333333333,0.530765,2.0055,,0.721365,,,-0.37213366666666675,0.23876,,,,-0.1070055,0.21310499999999996,,-0.4723199999999999,-0.5541799999999999,,,0.045717,-0.204341,0.005400000000000002,-0.005598,0.5205993333333333
0,116,1,2,,,,,,,,1.8266,1.3875,0.78474,0.29683,,1.2382,0.7230449999999999,0.5465300000000001,,,0.09161500000000002,0.34849,,,0.50635,-0.51541,0.11218666666666666,1.2483,1.3674,1.7405,,,-0.18535,0.45181,0.8507475,1.2367650000000001,,1.0,,,0.16193,,,,,,,,,0.7503,0.4719,0.8287433333333333,0.788766,0.7216,1.1794,1.4908,0.79479,0.44177,,0.298265,0.61684,0.9842075000000001,
1,718,1,1,1.6643,,1.7755,2.0632333333333333,,,2.4884,,,,,0.6036499999999999,1.1497833333333334,1.6381,1.724765,1.0168,,,,1.1182,0.4118,,0.6865,,,,0.220489,,0.42161,,,2.1319,,,,,0.62436,0.8745425,,,,,,,,,,,2.5211,,0.8761700000000001,,1.9194,,,,0.4665625,1.2359,,
2,792,2,1,1.4013,,0.20878,1.1210550000000001,,0.20054,0.302205,,,0.44326,,,,0.28023,0.087882,,,,1.2419,,,,,1.08397,,1.1842,1.6706,,,1.5332,1.2447,,0.48356,0.50829,0.038422,,,0.8645866666666667,,0.45333,,,0.64568,0.6237,,,,,,,,,,,,,,,1.0991,
2,172,2,1,-0.05126999999999995,0.546248,0.05017499999999994,,-0.3539,,-0.05041,0.170539,2.2674,,1.4049479999999999,1.4696,0.9228120000000001,,-0.35991,0.35137,-0.13179933333333332,0.10720533333333333,-0.06932700000000001,-0.1114525,,-0.108013,2.6835,1.5968,,,2.5623,1.8036050000000001,0.43218666666666666,1.4208633333333331,0.30809849999999994,0.8230766666666667,0.755155,0.696695,0.368275,,0.33991,0.3272966666666666,0.73536,0.20063,0.5935295,0.70529,0.45511,-0.071903,0.42502,0.57375,,,-0.17249,,0.092304,0.27542999999999995,0.3674199999999999,0.22685324999999998,0.31583,-0.031497000000000004,0.33259875,0.247055,0.1542,0.317555
0,215,1,1,,,,,0.2437099999999999,,,,0.6645433333333334,0.77326,,,0.80015,0.4658199999999999,,,1.0074500000000002,,0.37346999999999997,1.3133,,0.8936700000000001,0.5757,1.1134,0.51258,0.642335,,,1.040945,1.52025,1.0767933333333333,1.7551999999999999,1.092405,0.46172749999999996,0.58739,0.72765,0.059016,0.35126,0.7370133333333332,0.552325,1.3028,0.5601166666666667,,,0.45881,0.398017,0.1011,1.109904,-0.002939999999999998,0.005241666666666668,0.62596125,0.16189,-0.018137,0.8835350000000001,1.4875,1.1906,1.3791833333333334,,,2.6418749999999998
0,190,1,1,2.764,,,,1.3817,,,,0.08820750000000005,,,0.92916,0.52061,-0.31851,,,,,,,,-0.088551,0.88392,1.2472,0.09126000000000001,,0.6625,1.60194,1.6184475,0.723655,,,,0.7660666666666667,0.8786,1.3695,1.4992,0.8264100000000001,0.58177,,1.05718,0.89246,,,,0.496145,,1.65575,1.129775,1.3267,2.15115,0.15609,,1.6582,,,1.1628,1.5627499999999999,0.243345,
1,84,1,1,,,0.41535,1.24775,0.72528,1.7945,0.465159,1.0728,1.4713,1.670543333333333,1.4248,2.0513,,,,,,,0.70093,,,2.0225,,0.58802,1.2071366666666665,1.9849,,2.0292,0.07553999999999998,0.07221999999999999,,0.9256300000000001,0.803845,1.2527,1.2532999999999999,2.2716000000000003,1.7547,0.38879,,0.37329,0.43527499999999997,0.61459,,0.020195,,,0.57031,0.36443,,,,,0.3186826666666666,0.75627,0.514415,0.26482,0.29581,0.64115,0.29581,0.2692425
0,353,1,1,,1.7172699999999999,,,,0.8116585,0.50831,,1.6371333333333336,1.22065,1.5263,0.41674,0.21169,0.5869584999999999,-0.3276199999999999,1.2633,,1.6723,1.7869,,0.7959350000000001,,,2.0745,,1.0560275,1.9359666666666666,1.93075,1.2618633333333333,0.506075,1.8161,1.00828,,0.14540000000000003,0.024431999999999995,,,,,,0.53752,,-0.091669,0.031922,-0.019761,0.13304,,-0.096163,-0.008526,0.025181,0.0004634000000000249,0.19371,0.14502666666666666,0.93301,,0.2454,0.05888549999999999,-0.13586133333333333,0.3092182,0.1083235
0,250,1,2,,,,,,,,1.0789,1.503,1.503,,,0.91231,0.59301,,,,,,,0.20556,,,,,,,2.558,,,,0.72048,,,0.013733,0.09113866666666666,0.60437,,,,,,,,,,-0.0241289999999999,0.0591659999999999,-0.0569419999999999,,0.12479,,0.14499,,0.0061600000000000005,0.2112425,0.57408,,0.27119,0.26614
0,844,1,1,,1.8098,0.49989999999999996,,,0.84177,,0.77467,0.4104399999999999,0.065376,,-0.2221699999999999,0.039816,-0.11993,0.039816,,,,,,0.64048,,0.3721,,,,,,,,,1.0942,,0.99193,1.2284,0.71077,,,,,0.8769100000000001,1.2475,,,,,0.76828,,1.8578000000000001,1.9824,,1.0942,1.3753,0.9568,,0.6916,0.16762,,,
0,648,2,1,,,,,,,,,,,,,,,,,,0.49991,,,,,,,4.00685,,,1.1746,,,,,,0.52904,1.6552,,,0.9610233333333333,,,,,,,,,,,,,,,,,,,,,,
1,144,1,1,,1.3479,0.92302,,,,0.56576,0.8844,1.35431,1.6005500000000001,1.0989533333333334,1.4734,,0.3984,0.3984,0.27287,0.9434100000000001,,,,0.96165,,1.4058,,0.6759985,,0.7975,1.5402,0.5480649999999999,1.3028,,1.8875000000000002,0.84578,,,0.7046956666666667,0.63013,,0.68485,0.23425,0.29057650000000007,,-0.25497,,,-0.22760999999999998,,,,0.58829,-0.25497,,,1.0679,0.044357,-0.51889,,0.43058,0.5915100000000001,
1,194,1,1,,,1.3907,,,1.1986,,,,,1.6588,2.2084,2.1934666666666667,,,,,,,0.74736,0.74736,,,1.6260333333333332,,1.35495,1.5813666666666666,,0.90821,0.5865199999999999,1.8286,,1.1048,0.77864,,,1.1093,,,,,0.71609,,,,,,0.43461,1.1182,1.1182,,,,1.089135,,,1.3996499999999998,1.4622,,
2,199,2,1,0.8160625,1.1300957142857142,0.8254433333333333,0.9495,0.58017,0.28662000000000004,0.5520585,0.648305,0.5746325,0.6346674,0.7402833333333333,0.69259,0.73347,,,0.26505,0.20457999999999998,,1.5204,,,,2.0689,,,,,3.0568,0.8816633333333334,,,,,-0.24595,,,,-0.28853,0.44844866666666655,1.6771,,,-0.0688039999999999,1.3688,,,,0.16626,,0.60487,-0.11309,0.38088,-0.1233099999999999,,,-0.4208266666666667,-0.314085,-0.13183,-0.268778,
0,164,1,1,0.039367,,,,,0.53193,,,1.7551,,,,,5.4617,,,1.5088,1.2624933333333332,1.8772,2.378,,1.9724,,1.4012,,2.3428,3.2369,2.9161,0.277375,1.8533499999999998,0.575401,-0.16138,0.29186,,0.01867050000000005,,,0.4884699999999999,0.34153,0.34153,0.34670500000000004,-0.3124699999999999,,,,,-0.5566800000000001,-0.3849,,-0.55461,0.23183499999999999,,0.46984,-0.46562000000000003,-0.30005,,-0.11999000000000001,-0.15414,0.65611,0.34153
1,1034,2,1,0.800365,,,,2.5579,,1.208,,,,1.7939,,,,,,,,,1.5671,,1.0973,,1.8316499999999998,2.7873,1.8748,,2.0570500000000003,1.478,1.8748,1.5725,0.912405,1.17695,,-0.12021633333333333,0.29958,,,,,,0.46831,,,,,0.23479499999999998,0.5898,,0.6977899999999999,0.49800999999999995,0.47911,,0.294185,0.43322,0.15065133333333333,0.04446399999999995,0.16864839999999998,0.082259,0.016117
1,53,1,2,,,,,,,,0.41372,1.05935,0.37438,,0.7523433333333333,,,,,0.501655,,,2.3644499999999997,,3.304,0.63356,0.55256,-0.009757000000000002,0.22280500000000003,0.88116,0.25636000000000003,1.5129,0.94133,1.9827,2.0625,2.8805500000000004,1.5684,,2.3483,1.5484033333333336,2.5959,2.265,,1.7698,,,,,,,,1.1959,,-0.049097,0.038838,0.038838,0.0457785,,0.13834,,-0.0305839999999999,-0.1890985,-0.14686625000000003
0,544,1,1,1.5102,,,,1.2705,,-0.45358,,,0.9927349999999999,1.3645,0.73928,,,,,1.3888,,,,,,0.31435,1.237075,,1.7895,0.91987,2.0566,0.79695,1.3038,2.4815,0.998775,,0.68465,,,0.35684,,,,,,,,,0.62698,0.57538,1.5406,,,2.4072,,0.18383,,-0.24111,-0.1834353333333333,1.8805,,0.45397,7.9723
0,26,1,1,0.30262,,3.2648,2.9298,2.5118,,,,2.9497133333333334,2.2906999999999997,,3.0525,0.46516,,1.3077,2.0375,0.30262,0.41872,,2.11045,,,-0.0290959999999999,0.1268099999999999,,,2.2365,2.61965,1.05229,1.554835,,0.6890649999999999,0.2993,,,1.8534,0.56799,,,2.0043,0.70731,0.9892633333333333,1.1518,,0.8499399999999999,,,,0.24456999999999995,0.45520333333333324,0.3391099999999999,,,0.8997,,1.6427,1.5598,2.04245,2.0806,1.719
2,244,2,1,1.5242,1.2368,1.17648,,0.7805200000000001,0.88303,1.13761,0.89107,1.12325,,1.069935,1.88197,,,,,1.8599,1.9764,1.333265,,0.8749899999999999,0.8488800000000001,0.42944333333333334,1.2575333333333332,,,,,2.2056,1.3568805,2.4046,0.892045,0.15944,1.852616,,2.07395,1.1423,1.1996,1.681,0.05827233333333337,,0.525255,0.8508700000000001,0.96744,-0.23853,1.1162,1.619665,,1.49305,1.4217,1.2649,2.7081,0.65287,,,,0.84484,0.7101666666666667,0.5205633333333334,-0.23853
1,233,1,1,0.289885,1.2575966666666665,1.2843,0.43067,0.79524,,0.62629,,,,,,,3.3353,0.14909499999999995,,,,,0.50774,0.70632,,1.8474,0.6766800000000001,,,,1.154635,,1.9423,0.74485,,1.180555,1.3614,2.5766,,,,,,,,,1.0531,,,3.8807,,,0.924185,,,,0.7448600000000001,,0.33286,-0.012435000000000002,0.46525333333333335,0.095746,
2,198,2,1,1.3719999999999999,,,,,,,0.98131,,1.8306499999999999,,,,2.2044,1.7758,1.1486,1.3838,,,1.5065499999999998,,,,,,,,,,2.4239,2.3455,1.15474625,1.2896866666666666,0.77484,1.10412,0.5919,0.89244,1.7052,1.3968,,,,,,,,,,1.4491,,1.4674,,0.93687,1.2339333333333333,1.159,1.044,1.28185,1.0832,,
2,648,2,1,,0.51173,1.12315,0.81252,1.23657,,0.69171,,1.4494066666666665,,,1.2390266666666667,,,,,0.1665599999999999,0.70897,,,0.55857,,,2.7096999999999998,1.139185,1.6894,1.8406,3.1449,,1.3549,3.4383,,0.45256,,,1.276,1.0615,,,,,1.5176,,,,-0.37091,,0.4558433333333333,,0.18825799999999998,,0.3588699999999999,0.12835,-0.06581075,0.03712500000000005,-0.001092,,-0.17614,0.47968,0.013701000000000001
2,875,2,1,,,,,,,,,,,,,0.1367799999999999,0.1922299999999999,,,,,,,,,,2.3361,1.717,,,,,,,2.5856,1.7401,1.95266,2.6411,2.5487,2.4932,2.7058,,,,,,,,,,,,,,,,,,,,,,
0,407,1,2,,,,,,,,,1.1914,,,1.0704,,,,1.0409,0.28259,,,,,,,,1.13239,1.9054,,1.8995,,,1.7963,2.5339,,,3.068,,2.1208,,,,,2.6726,1.2829,,1.7874,,1.5219,,,,,,,,2.6785,3.6139,,1.631,2.29935,3.3424
1,339,2,2,,,,,,,,,,,,,,,,,,,,0.881595,,1.84155,,,,,,2.0105,,,,,5.9002,,,,4.2357,,2.8315,2.4735500000000004,2.3083,3.39215,4.6687,0.32095,-0.011955,0.9004,,,0.053124,,1.4823,2.6187,1.1444,,2.3409,-0.1371099999999999,,2.59246,2.6187,2.0417899999999998
