fov,cellID,rep,dbscan_ldp_nbr_allele,chr4-g581,chr4-g582,chr4-g583,chr4-g584,chr4-g585,chr4-g586,chr4-g587,chr4-g588,chr4-g589,chr4-g590,chr4-g591,chr4-g592,chr4-g593,chr4-g594,chr4-g595,chr4-g596,chr4-g597,chr4-g598,chr4-g599,chr4-g600,chr4-g601,chr4-g602,chr4-g603,chr4-g604,chr4-g605,chr4-g606,chr4-g607,chr4-g608,chr4-g609,chr4-g610,chr4-g611,chr4-g612,chr4-g613,chr4-g614,chr4-g615,chr4-g616,chr4-g617,chr4-g618,chr4-g619,chr4-g620,chr4-g621,chr4-g622,chr4-g623,chr4-g624,chr4-g625,chr4-g626,chr4-g627,chr4-g628,chr4-g629,chr4-g630,chr4-g631,chr4-g632,chr4-g633,chr4-g634,chr4-g635,chr4-g636,chr4-g637,chr4-g638
2,244,2,2,,,,-0.58625,-0.3933,,,,,,,,,,,,,,,,,,,,,,,,-0.4576199999999999,,,,,,,,,,,,,,,-0.49983,,-0.40536,,,,,,-0.4576199999999999,,-0.5762,,,,
0,37,1,1,,,,-0.41405000000000003,-0.5150899999999999,-0.12779,,0.091112,,,,,,,,,,,,,,,,,,,,,,,,,-0.43931,,,,,,,,,,,,,,,,,,,,,,,,,
3,455,2,1,,,0.88941,0.45275,1.2877,1.3981,,,,,,,,,1.0334,1.0046,1.1437,,0.9110199999999999,0.41916,,0.064077,,0.36158,,,,,,,-0.41097,,,,,,,1.067,0.8990100000000001,,1.5564,,,1.5396,,0.7550600000000001,0.9422,0.59191,0.97579,0.45275,,,0.44796,,,,,
1,53,1,1,,,,,,,,,,,,,,,-0.13009,-0.23654,,,,,,,-0.28513,,,-0.32216,,,,,-0.1972,,-0.53505,-0.38001,,,,,,,,,,,,-0.16595899999999994,-0.088436,-0.088436,,,,,,,,,,
1,98,1,4,,,,,,,,,,,,,,,-0.38281,,,,,,,,,,,,,,-0.29644,,,,,,,,-0.16483,,,,,,,,,,,,,,,,,-0.36738499999999996,,,,
3,741,2,2,,-0.31309,-0.30865,-0.24873,-0.22764,-0.43961,,,,-0.33751,,-0.16438,-0.2132099999999999,-0.30865,,-0.13109,,,,-0.3619199999999999,,,-0.17326,0.006522,0.9154450000000001,,,,,-0.10002,,-0.40409,,,0.31504,0.093085,-0.16364299999999996,,-0.12443099999999996,,,,-0.21543,-0.011972666666666631,,,,-0.10001700000000001,-0.1355299999999999,-0.18436,,,,,,0.077548,,
2,210,2,1,,,,,,,,,,,,,,,,,,,,,,,,,,,,,,-0.12227,,-0.24699,,,-0.088077,,,,,,,,,,,,,0.044689,,0.044689,0.24183,,,,,,,
1,144,1,3,,,-0.23029333333333332,-0.25497,,,,,,,,,,,,0.021827,0.07171699999999995,0.085126,,,-0.28715,0.813585,,,,-0.132661,,,,,,,,,,,0.21816,0.49817,0.4627699999999999,,0.36299,,0.5239199999999999,,,,,,,,,,,,,,,-0.090822
1,144,1,2,,,,,,,0.26,0.26644,,,,,,,,,-0.38693,-0.11335,,-0.38693,,,,-0.39337,,,,,,,-0.1037,,,-0.081168,,,,,,0.17632,,,,,,0.40484,,,-0.048981,0.25356,,0.2246,1.1,,,0.92139,0.74278,
0,26,1,1,-0.17837,-0.17837,,-0.3774,-0.1219799999999999,,,-0.68257,,-0.7174024999999999,,,-0.87497,-0.9040050000000001,,,,-0.16012000000000004,-0.54657,,,,,,,,,,,,,-0.321,0.27276,,-0.52335,-0.495155,,0.20974,-0.4216199999999999,-0.7588699999999999,,,-0.4172,,,0.1500275,,,,,0.014025000000000051,,,,0.30593,,0.765355,0.7150566666666668
0,55,2,1,,,,,,0.083572,-0.019367,,-0.03706,-0.1094375,-0.03706,,,0.041753,,-0.093355,0.0240599999999999,-0.061186,-0.035449999999999995,-0.058506333333333306,-0.07405233333333333,,-0.056361,,,,0.15595,,,,-0.17699,,,,,,,,,,-0.13839,,-0.0981799999999999,,0.17204,0.13022,,-0.1142599999999999,-0.049927,0.077139,,-0.090138,,,-0.13839,,-0.053144,0.026472999999999955
1,94,1,4,,,,,0.35634,,,,,,,,,,0.27257,,0.16293,,0.151845,0.20111999999999997,-0.13396,,,,,,0.21590399999999998,,-0.23498,,,,,,,,,,,,,,,,,,0.1075,-0.05635,,,,,,-0.17585,-0.28179,,,
3,157,2,2,-0.098438,-0.1321099999999999,,,,,,,,,,,,,-0.078544,,-0.041816,,-0.078544,,-0.028043,,-0.026513,,,,0.15713,0.036231,,,-0.086196,,-0.040286,-0.17189,,,,,,,,,,,,-0.035695,,,,-0.029573,,,,,,,,
1,36,1,1,,,,,,,,,,,,,,,,,,,,,,,,,,-0.52608,,,0.64195,,,,,,,,,,,,,,,,,,,,-0.23285,,,,,,,,,
1,663,1,1,,1.1224,,,,,,0.76973,,,,,,,,,1.2436,0.79177,1.0563,,,,,,,,,,,0.19118,,,,0.3785199999999999,,,1.2105,,,,,,,,,0.58239,1.0287,0.46668,,0.42811,0.29036,0.8799399999999999,,,,,,0.59341
1,713,1,1,,,,,,,,,,,,,,,,,,,,,,,,,,-0.4941899999999999,0.8960100000000001,,,,,,,2.8084,,1.8747,,,,,,,,,,,,,,,,,,,,,-0.05153400000000001,-0.072285
0,89,2,2,,,,,,,,,,,,,,,,,0.05011299999999996,,,,,,,,,,,,,,,0.23263,,,,,,,,,,,,,,,,,,,,,,,,,,
1,81,1,2,,,0.2312699999999999,,,,,,,,,,,,,,,,,,,0.22232,,0.31631,,0.4476,0.38194999999999996,0.21635,,,,-0.096961,,,,,-0.4848699999999999,,,,,,,,,,-0.35059,0.013443,,,-0.1089,-0.007444,,,,,,-0.34164
1,942,2,1,,0.64696,1.0364,,,,,,,,,,,,,,,,-0.84373,,,,0.16933,,,,0.24234,0.24234,,,,,,,,,,,,,,,,,,,,,,,,,,,,,,
2,584,2,1,,,,,,,,-0.27310666666666666,-0.51332,-0.48531,-0.060058,-0.17974,,-0.4904,,-0.39364,,,,,,,-0.06599866666666666,0.28456,,,0.24551250000000002,,,0.20222240000000005,,,0.5536300000000001,,,,-0.10589,-0.15512333333333334,,-0.34016,-0.139,,-0.039686,,-0.12117,-0.15088,-0.042233,,0.14875,,-0.15427,0.021428,-0.28414,-0.23831,-0.28414,,-0.25359,
0,99,2,2,-0.28968,-0.30278,-0.2354099999999999,,-0.243825,-0.2092099999999999,-0.26909,,,,,,-0.0538785,,0.43456,,0.06215,0.06215,0.3709335,,,,,,0.44953,,0.6160899999999999,0.5624466666666667,-0.13809199999999996,0.41211,0.7073125,-0.044521,,,-0.33646,-0.3196199999999999,-0.23914999999999995,-0.218565,,-0.16055,-0.12686,-0.22324499999999997,-0.24663,-0.14370649999999996,,-0.30091,-0.37763,-0.30839,-0.27096,,-0.2541199999999999,-0.34395,,-0.10066,,,0.11455,0.382164
1,831,1,1,,,1.0072,,,,,,,,,,0.63144,,,,,,,,,,0.363,,,,,,0.37642,,,,,,,0.70526,,,,,,,,,,,,,,,,,0.26904999999999996,,,,0.65157,
2,117,1,1,0.5594600000000001,,0.18919,-0.2199,0.09364,,-0.04670666666666667,-0.11836999999999999,-0.39009999999999995,,-0.322915,-0.34531,0.1772485,-0.30649,-0.10643,-0.22785999999999998,-0.050690000000000034,,,,,,0.57738,,,,1.2612,,0.3803,,0.7893899999999999,0.06228500000000001,-0.57524,,,,,,0.17128,0.057807,,,,0.07174066666666666,0.14739,0.09264366666666668,-0.007886499999999998,-0.17062850000000002,,-0.02580275,-0.14723633333333333,-0.12882,-0.28559,,,,-0.18904333333333334,
2,80,2,1,-0.15767,-0.008827999999999997,-0.4489,,-0.3909149999999999,,-0.48112,-0.5584399999999999,-0.45277,-0.3780266666666667,,,-0.38963,,-0.221455,-0.4282899999999999,-0.385115,-0.41862499999999997,-0.39349,-0.17184,-0.513335,-0.44053,0.013720499999999997,1.4067,,0.6967,,0.29722499999999996,0.62325,0.395805,0.2778933333333333,-0.13619,0.536912,-0.171202,,-0.49658,,0.09447666666666667,0.14774,0.098772,0.55495,-0.28395449999999994,,0.1541799999999999,-0.1155766666666667,-0.3193955,-0.28739,-0.370298,-0.33582500000000004,-0.6286700000000001,-0.40444500000000005,-0.32089999999999996,,-0.2770833333333333,,,,
3,718,2,2,,-0.24193,,-0.27766,,,-0.20143,-0.18714,-0.089464,,,0.38222,,,,0.26192000000000004,0.35364,,-0.034076499999999996,0.13209,0.048707,,,,,0.4673875,0.6669,0.58948,0.55057,0.77291,,,-0.31578,,0.0213105,,,-0.006878333333333336,-0.21214999999999998,-0.25027,-0.38963,,-0.19428,,,0.44475750000000003,,,,-0.17523,,,-0.033481000000000045,0.17973,0.0653825,,,
0,89,2,3,,,,,,,,,,,,,,,,,,,,,,,,,,,,0.52062,,,,,,,,,,,,,,,,0.37485,,,,,,,,,,,0.58462,,,
2,711,2,1,-0.14415,,-0.48924666666666666,-0.33419133333333334,,,,,,,1.2537,,,,1.2298499999999999,0.6060545,0.140908,,,0.6764399999999999,,,0.039529,,0.57387,1.1757933333333332,-0.0105659999999999,,,,,,,,0.60488,,,,-0.26819,-0.16680999999999999,,,,,,-0.2348,-0.029649,-0.029649666666666668,0.31147,0.2196305,,,-0.39701,,,,,-0.548485
2,198,2,1,,0.91857,0.7460899999999999,,,,1.2714,,0.69121,,,,,,0.7722199999999999,,0.68337,,,,0.67291,,0.49781,,,,0.35669,0.94471,,,,,,,,,,,0.95777,,,,,,0.67814,0.68337,,,0.7095,,0.6528766666666667,0.64417,0.9996100000000001,,1.2087,0.7016600000000001,1.4961,0.939475
1,142,2,1,0.41298999999999997,1.304,0.5274163333333333,,0.27797,0.22158,-0.055047,-0.17421999999999999,0.6179899999999999,0.20429,-0.10979666666666667,0.84768,-0.27116,-0.10197,,,0.5303100000000001,,-0.08839,-0.12297,-0.10506399999999999,,0.0820299999999999,,0.14995239999999996,0.335194,0.46197555555555564,0.6721133333333333,0.7859375,1.4528,0.43604100000000007,,,1.1885025,1.2667300000000001,0.42163475,1.4651,0.14748,,0.46177175,,0.337043,,,-0.29586,-0.23164,-0.1736,-0.46916566666666665,0.90326,-0.18101,,-0.009355,-0.10362266666666665,-0.024174,-0.042698,-0.26375000000000004,,-0.011825
3,62,2,1,,,-0.2410199999999999,,-0.16995,-0.123485,-0.075649,,,-0.23692,-0.27382,-0.15355,,,,,0.30293,0.004988499999999944,-0.02098,,0.06375666666666667,,,,0.084258,0.6878933333333334,,0.59473,0.68425,1.056015,0.7156899999999999,0.627545,,,0.374278,0.112277,,,,0.56125,,,0.6705800000000001,,,,,,,,,,,,,,,
3,718,2,1,,,0.3584,0.56923,0.39175,0.39532500000000004,,,0.15591,0.19164,,,,,-0.22764,,,,,,,1.2875,0.84676,0.96111,,0.90155,,,,0.8765400000000001,0.89995,,,0.3322,,,,0.25358,,,0.296465,,0.17973,,-0.014425000000000007,0.39651400000000003,0.036795,0.039178,0.163053,-0.008467,,-0.20381,,,,,,
2,636,2,1,1.7782825,1.4351166666666668,0.7239523333333334,,0.30856,0.03255999999999995,,-0.20851,0.60437,,-0.28305,-0.16892,,0.89785,-0.26208549999999997,,-0.033826,,,-0.093607,-0.21783,0.210735,-0.29702,-0.14329666666666666,0.2666533333333333,-0.21783,1.41416,0.3994150000000001,0.4022,2.0951,1.0283,1.5803,0.5018825,-0.15029,-0.23181,-0.1176799999999999,-0.14329700000000004,-0.016743333333333332,-0.040035666666666664,0.32312,0.404065,0.25732,0.30972999999999995,,-0.029167,,,0.19754199999999997,-0.13165,0.18977599999999994,0.4071666666666666,0.050025,-0.18988249999999995,-0.2813,,,0.06982200000000001,-0.26519
2,18,1,1,0.48727,0.4504,1.0372,,,0.67775,0.0003150000000000097,,,,,,0.42275,0.74842,0.4043199999999999,0.4043199999999999,,1.5441,1.5441,2.2876,0.365915,0.31829,,,-0.22243,,,,,,0.90203,0.55793,1.3147333333333333,0.568685,0.7238366666666667,,-0.22243,,,,,,,-0.38219,,-0.37911,,,,,,0.1954,,-0.1149,-0.4067699999999999,0.15085449999999995,,-0.21321049999999994
0,610,2,1,0.40802450000000007,,0.4104899999999999,0.21021233333333336,0.200365,0.028818499999999997,,,,,,,,,,,,,,,,,,0.54838,,,1.2378,,0.64195,,0.9719,,,,,,,0.96206,1.5021666666666667,,1.5152666666666665,,,,0.78476,,,0.8783299999999999,,1.1689,0.31692,,,,,,,
0,620,2,1,0.70603,,0.8157000000000001,1.0173,0.8301270000000001,1.3128,,1.2202,,,1.2202,,,,,0.42431,,0.5766633333333333,,0.56616,,,,1.0271,0.86758,1.0757433333333333,0.718242,,1.0692000000000002,1.0074,,0.75922,1.1257,1.1571500000000001,0.9483600000000001,0.87349,,,,,,,,,,,,0.8157000000000001,1.236,,,,0.36915,0.32581,0.36915,,,
0,750,1,1,0.65585,,,,,,,,,,,,,,,,,,,,,,0.4434899999999999,,,,,,,,,1.5726,0.35026,,,1.0754,0.84231,0.37097600000000003,0.37615,,,0.837145,0.32176499999999997,0.45385,,,,1.1168,1.20485,,,,,-0.25574,,,1.6141,-0.090001
1,81,1,1,,-0.059663,0.071629,0.07610600000000001,0.043282,0.37598499999999996,0.23425,-0.37446,-0.37446,,-0.6280899999999999,,,,,-0.58334,,-0.43712,,,,-0.12978000000000006,-0.592285,-0.27599,,0.7832899999999999,,,,0.29989666666666664,-0.1760335,1.492715,2.4602,1.58595,0.67289225,-0.07309,0.8549150000000001,0.20540666666666665,-0.03877649999999999,,-0.17454,0.10196566666666666,0.099976,-0.037282,,-0.51769,,,,-0.30583499999999997,-0.39833,-0.53261,,,0.008967000000000003,,,
1,98,1,3,0.10044550000000001,-0.016769,0.23514000000000002,-0.057897,,,,0.524065,,,,,,,0.59398,0.47882,0.33179000000000003,,,,,,0.14363,,,,,,0.97647,,,,,,,,,,-0.17922,0.07063,0.147741,,,,0.2958,0.19504,0.05623499999999999,,,,-0.0908,,,,0.13335,-0.086687,0.14363,
2,210,2,2,,,-0.33953,,,,,,,,-0.04181,,,-0.45318499999999995,0.172425,,,0.14326,,0.04268,-0.062932,0.33838,,1.0746,0.5717300000000001,0.623015,0.25792,0.22171,3.7702,2.609495666666666,0.7065100000000001,-0.007613,0.45237733333333335,0.34844,0.34542500000000004,,-0.090089,0.1559966666666667,-0.0921,-0.11892333333333328,,-0.03577533333333326,0.21266000000000002,-0.31137,,-0.07936233333333333,0.29413000000000006,-0.20676,0.18751440000000003,-0.2379425,-0.20475,,0.33235000000000003,-0.24095999999999995,,-0.39183499999999993,,-0.38177
0,352,1,1,0.12426833333333341,,,0.079346,-0.0932549999999999,,,-0.15236,,,,0.084075,,,0.87969,,,,0.9530000000000001,-0.060153,,1.6635,1.1023466666666668,0.5687866666666667,0.7120624,2.236466666666667,0.37253,0.8217596,2.1542714285714286,1.09309875,1.36675,0.16683,0.461195,,-0.40536,0.44583,0.37726,0.61606,0.079345,0.09235099999999999,0.29529333333333335,0.0296939999999999,,,-0.097984,0.14475933333333332,,,-0.05069666666666667,-0.24458,0.30869,-0.18074,-0.06842849999999989,0.07146366666666663,0.5333100000000001,,0.32051,
2,569,2,1,,0.029970000000000052,-0.04581249999999998,0.46314,-0.501965,,0.8454599999999999,,-0.31911,,,,0.37905,,,,,-0.515655,,-0.348445,,,1.5779,0.67046,,1.4883825,1.5270139999999999,1.8028,1.07979,-0.11246633333333333,1.78225,-0.17635,1.2993679999999999,-0.004255000000000009,,,0.4299,0.083748,,-0.20373,,-0.25262,-0.06781000000000001,,-0.28587,,,,-0.44818499999999994,-0.57335,-0.49316499999999996,,-0.23013,-0.16657,,,-0.46285,-0.09617099999999995
1,77,2,1,,,,,,,,,,,,,,,,,,,,,,,,,,,,1.1115,,,,,,,,,,,,,-0.053555,-0.053555,0.243,,,,,,,,,,,,,0.3005,0.19458,1.1841
1,53,1,2,-0.643815,,,-0.36072566666666667,-0.13472,-0.032899,-0.48183050000000005,,-0.60216,-0.86365,-0.58134,-0.601005,,-0.6067899999999999,-0.21803,-0.25968,-0.43168999999999996,-0.57439,-0.4853,-0.35224,,-0.58365,-0.5969549999999999,,,-0.51886,,-0.58365,,,,1.2121,4.3731,,0.21008,,-0.3707525,,-0.17406,-0.15785699999999994,,-0.019014,,-0.26430799999999993,-0.19257,-0.25968,-0.0976929999999999,-0.182155,,-0.16712,,,-0.7086100000000001,,-0.6229899999999999,,0.23785,
2,516,2,2,,,,,,,,0.957995,,-0.31216,,-0.35899,-0.35899,,,,,,,,3.1203,,,,0.46175,0.2052699999999999,1.2758349999999998,,,1.8178,0.41046,1.9382,,,,1.8735,3.0266,,3.1102,0.0870659999999999,,0.64687,0.56212,,1.5903,,0.33797,0.93904,,,,,,,,,,
2,648,2,1,0.099992,0.04945049999999995,-0.04054,-0.13669,0.26887999999999995,0.36626,,,,,,,-0.17614,-0.15888,,,,,,,,,,-0.24764,,0.68924,1.408196,1.37465,0.3126475,1.0763,1.6434,,1.61625,,,0.011236,-0.1219,,,-0.30557999999999996,-0.11943,,-0.19093,,,,,-0.37338,,-0.5280875,-0.38324,,,-0.050401,,,,
2,770,2,1,1.14767,1.6484,0.18917,0.49879,,0.30498,,0.042025999999999994,0.26479,0.21062999999999998,,,,0.18406,0.3669699999999999,,,,0.4712,,0.12888449999999999,,,,,,2.6314,1.3602,1.030165,,0.5182,,,,0.8479199999999999,,,-0.10035,,,,,,,-0.30336,-0.20729999999999998,0.15034,0.1498325,-0.18788625,0.027721250000000003,,,,,,,,
2,591,2,1,0.22916,,-0.25326,-0.18128499999999995,,,0.021022,0.52873,,0.55985,0.2097099999999999,,,,,-0.35051499999999997,-0.15502,-0.1949,,,-0.1735,,,,,0.32059,0.7076899999999999,3.83125,,,,,,0.3497699999999999,,,,0.0988309999999999,0.059927,0.062844,0.075488,0.008053999999999999,0.00157,,-0.40498,-0.03927966666666666,,-0.25326,-0.085966,-0.24547,,-0.15016,-0.1339503333333333,,,-0.38359,,-0.22148333333333334
0,613,1,1,-0.19171,,,-0.2443015,-0.44553,-0.0773799999999999,0.046098,,0.44397,0.23474499999999998,,0.073538,,1.1048,1.5095,,,0.63719,,,,,0.6886399999999999,,,,,2.1681,,0.28619,4.0454,0.28619,,,1.6422,,,,0.75038,,0.64291,-0.37235,,-0.37464,0.70007,,0.3022,0.20159,,0.60632,0.206165,1.94398,-0.32205,0.4897,,0.46912,,
2,730,2,1,,0.007958,-0.30937,-0.43516,-0.30937,-0.38656,-0.1121099999999999,-0.7096,,,,-0.75249,,,,,,0.096582,,-0.077806,,,0.28526,,,0.53398,,0.6378633333333333,2.13922,3.9998000000000005,2.5594550000000003,,0.3538699999999999,,0.53398,1.6746,1.0171,,,-0.12354666666666668,0.0422639999999999,0.079429,,,,0.11373,,,-0.33891333333333334,,0.1537599999999999,,,,,,,
0,164,1,1,,-0.31867,,-0.24624000000000001,-0.31867,,,,,,,,,-0.22244,,-0.012373,-0.094121,,,0.2277,,,,,,1.5570666666666666,2.1896666666666667,1.2998,1.98065,2.04065,2.3925,1.624665,1.039,,,,,,,,-0.2783149999999999,,,,,0.10352,-0.2234699999999999,,-0.1696599999999999,,,,,,,,,
0,648,2,1,,,,,,,,0.2378,-0.34467,0.4926335,,,0.5047699999999999,0.72319,0.7499049999999999,0.5071950000000001,0.88177,0.70863,0.9154199999999999,0.72805,,1.2814,,0.30576,,,,,2.325,,,,1.2183,1.002275,,1.1212,,,,,,,,,,,0.56301,,-0.058289,,0.9756,0.5743433333333333,-0.03158999999999999,0.19897,0.640675,1.0338,0.8396899999999999,
2,584,2,2,,,0.9305,0.29007499999999997,0.21241,,0.19331000000000004,,,,,,-0.4598399999999999,,,,-0.35035,-0.35544,,,,,,,0.5561699999999999,1.443605,2.3489,2.0713,,,,1.2463,,,1.0170949999999999,0.91267,,1.259,,,,,,,,,,,,,,,,,,,,
2,45,2,1,,0.891125,0.614765,,0.7792600000000001,,,,,,,,,,,,,,,,,,,1.2513649999999998,,,,,1.8452,,,,,,,,,,,,,,,,,1.1708,,,,0.412435,,,0.54568,0.45356,,,,
1,194,1,1,,1.9314,1.2805333333333333,,,1.2947,,0.42865,0.89479,0.9931,,0.89033,,,,,1.6409,,,,,,,,,2.2531,,2.7892,2.7892,,1.0802,1.0154,1.8599,2.34015,,,,,0.8959125,1.02212,0.93948,,1.3572,1.12937,1.7303,0.95735,,,1.4399,,,1.212,,,,,,
2,555,1,1,0.081662,0.23769500000000002,0.3781199999999999,0.60593,0.04577500000000001,0.53103,-0.31154,-0.22104,0.29802466666666666,,0.056697,0.48421775,0.44366,,0.19088499999999997,0.318835,0.12535,0.01456800000000005,0.26266,,,0.15811999999999998,-0.13366,2.054953333333333,0.3333966666666666,,6.0577,,1.3486,1.5717999999999999,1.259027142857143,1.0439,0.676145,-0.021317499999999996,,0.3734415,,0.52167,0.20649,0.52167,0.09414499999999995,0.15967766666666666,,0.20025,0.15344,,,0.15656,0.24081,0.1378315,-0.1992,0.0161289999999999,-0.29906,,0.0020849999999999966,-0.002595,-0.01507750000000005,
3,741,2,1,,1.0164,,1.7167,,,,,,,,,,,,,-0.3819,-0.4507,-0.31753,-0.36525,,,,,,1.5069633333333332,0.591375,2.53015,2.7588,2.4258,2.49575,1.84985,,1.1407,2.2483,-0.4484899999999999,,-0.35748,-0.35748,,,,,-0.45292,,,-0.35304499999999994,-0.40409,-0.40778999999999993,-0.38633499999999993,,,,,,,,-0.1777
0,27,2,1,-0.23381666666666667,-0.34570999999999996,-0.2804875,-0.1858928,-0.42233,-0.1213099999999999,-0.06475700000000001,-0.17421999999999999,-0.26543749999999994,-0.336585,,0.066597,-0.10672,,0.306501,0.00791233333333334,0.57012,-0.23168499999999997,,-0.22393,,0.23444,-0.3603,1.5546433333333336,1.062326,2.9272,1.883665,2.2315,3.739,3.6843,2.5185,-0.3749,-0.3001,2.0661,,,-0.19246,-0.27273,-0.16631466666666664,-0.176956,-0.12541750000000002,-0.12009666666666667,0.2216699999999999,0.0219005,0.017337750000000034,0.414135,,,0.10673275000000002,0.4041,0.34208,0.12862333333333323,-0.33841,-0.255405,,-0.1380328333333333,-0.2020425,-0.07813266666666667
0,406,1,1,0.23934,,,0.20618379999999997,,0.51184,,,,,,,,,-0.0891763333333333,,0.13034,,,,,,,1.67109,,2.4648,2.0015,,3.3708,-0.0342975,3.7319,,0.77071,1.4167550000000002,,,,0.12353,-0.19893,,,-0.20347,-0.04224749999999999,,,0.3279,0.09514099999999995,0.25296,,-0.169413,,,,,-0.14897,,,0.23253
0,116,1,1,-0.09781000000000001,,,,,-0.29728,,-0.32885,,,,,,0.43172,0.43172,,-0.21979,,,,-0.11647,-0.46662,,,,,1.7721,,,,2.2887,2.2241,,0.5388666666666667,1.1119,,-0.42644,,,,,,,,0.232255,,0.12462449999999994,,,,-0.149475,,-0.024622,-0.2858,,0.1074,-0.13943,
2,181,2,3,,-0.0179919999999999,,,-0.20314500000000002,-0.1885,-0.10583,-0.23673,,,,-0.20227999999999996,-0.12133450000000001,-0.173,-0.037800250000000035,,,-0.019714,-0.0748289999999999,,,0.185242,0.45048,3.0271,1.05158,,2.72825,3.0271,3.0271,,0.13443349999999996,,,,,,,0.009565,-0.01627,-0.1411385,-0.14717,,,,,0.0009539999999999,0.0009539999999999,,0.033678,,-0.161809,,,,,,-0.0179919999999999,
0,164,1,2,0.043506,,,,,,,,,,,,,,,,,1.6599,,,2.5167,0.823745,0.56401,,,4.700833333333333,,,4.517,-0.066183,,-0.066183,,,,0.11490649999999995,,0.49468,,,0.047645,0.4388,,,,,,,,,,,0.48433,,,,,
0,250,1,1,,,0.44535,,0.026354499999999996,,0.018781,,,-0.021605,0.14499,,,,,,,0.396135,,,,,1.9964335,1.6098066666666666,0.099552,,0.30653,5.8898,,3.354616,1.707405,,0.9072850000000001,,6.1902,,,,1.7276,,0.15592333333333333,-0.35225999999999996,-0.200815,-0.305565,,,,,0.383515,-0.0115085,,0.30568666666666666,,-0.107422,5.2083,,6.5335,0.36711
0,55,2,2,,,,,,,,,,,,,,,,,,,,,,,-0.57106,,,1.2609,2.7321000000000004,3.3036,,3.6382,3.7685,,0.05086666666666669,,-0.6096600000000001,-0.38609,,,,,,,,,-0.7946300000000001,,-0.334621,0.038536,-0.32658,-0.24294,-0.24132999999999996,-0.09013733333333333,-0.012933333333333333,-0.12444999999999999,,-0.10890233333333332,-0.130349,-0.1641255
0,407,1,2,-0.13345,-0.13345,,,,-0.044932,,,,,,,,,,,,,,,,,,1.0468,,,3.4781,,,2.6254,,,1.3212,2.77,,1.4835,,4.025449999999999,,2.9367,3.3158,,,,,,,1.3802,,,,,,1.3743,,,0.099649,
1,339,2,1,-0.37488999999999995,-0.33735,-0.40243,-0.44498,-0.32858499999999996,-0.33735,-0.23723,-0.14587,,,,-0.1346,-0.16297066666666668,,,-0.36238,,-0.4549899999999999,-0.16964666666666664,,-0.22721,0.631345,0.34347,,3.55857,3.2502999999999997,2.0355,2.7982142857142853,4.8952,2.326848,,0.9842325000000001,1.0668,1.3484500000000001,,-0.2172,-0.47501,-0.3798966666666666,,,-0.11208,0.110692,0.045614,,-0.43496,-0.2772699999999999,-0.39866999999999997,-0.52007,-0.36238,-0.3890766666666667,,-0.4374699999999999,-0.45999500000000004,-0.10707,-0.23848,,-0.36321000000000003,-0.41995
2,199,2,1,-0.331115,0.018067,-0.25617,-0.339635,-0.32327999999999996,-0.41117499999999996,-0.28683,-0.13864,0.008981999999999999,-0.16759566666666667,-0.25106,,0.01636333333333326,,-0.17554666666666666,-0.219545,-0.13395599999999996,-0.16248500000000002,-0.34247333333333335,-0.26469,-0.24765,1.4046,1.9428450000000002,0.923375,1.2913000000000001,3.48265,0.8991264999999999,2.5764500000000004,,3.0500333333333334,,,,,-0.015148499999999999,-0.23914,,,,,0.10834,-0.45035500000000006,-0.59854,,,-0.3146533333333333,-0.55596,-0.41884,,-0.53552,-0.30727,-0.365185,,0.018066500000000003,,-0.050067,-0.0313305,-0.14886
1,843,2,1,,,0.39137,0.40707,0.34819666666666665,,,,,,-0.4505,,-0.14436,,-0.34649,0.346235,-0.015335000000000008,0.1564414285714286,0.096025,0.0414106666666667,,-0.1738,,-0.0776429999999999,,,,,,,3.4507,0.32661,3.7667,,2.2262,3.8157,,,0.10485999999999995,-0.0158275,,0.23143249999999999,0.4109899999999999,0.028326,0.038138,0.19905,0.07019066666666667,,-0.10629459999999999,,-0.31999500000000003,-0.19784000000000002,-0.33275,,,,0.94084,-0.010922
0,4,2,1,,-0.23555,-0.63273,,,,-0.28283,0.40276,,,-0.2938633333333333,-0.45305,,,-0.01332499999999999,-1.1465333333333334,,-0.663455,-0.82658,-0.370305,-0.98973,-0.046420000000000045,0.011893333333333339,,,6.9041,0.50205,2.1411666666666664,6.1901,1.31531,2.6888840000000003,2.0611945,-1.3514,,,0.038686,-0.73675,-0.5986784,-0.69183,-1.115,0.4784149999999999,,-0.03460100000000001,-0.6098733333333333,-0.8927799999999999,-0.50979,-0.19654325,-0.567474,-0.4152233333333333,-0.42941,0.31055999999999995,,,,,,,
0,353,1,1,1.2274,0.82291,0.49146500000000004,0.002710000000000004,,,,,,-0.47593,,-0.24896500000000002,,,,,0.340901,,,0.1645,,1.4319,0.768975,0.25813,1.5577,2.406,,1.5899156666666665,-0.060209,2.75094,5.4385,3.2235666666666667,,,,,1.8959000000000001,,,0.8288933333333333,-0.033244,1.3015,,0.31955,,-0.26244999999999996,-0.33436,-0.105155,-0.33211,-0.06807200000000001,-0.25346,,0.074617,-0.06095666666666663,,,0.007204,-0.04448
3,86,2,1,-0.01479049999999997,0.08140399999999999,-0.24227999999999994,-0.3242466666666666,-0.3164166666666666,,0.321554,,,,,,,,,,-0.122465,,-0.13735,-0.16397,-0.070523,-0.0512049999999999,,,1.0608,1.5965,3.13995,3.571966666666667,3.342,4.425,0.067825,3.6748000000000003,1.1266,0.9099400000000001,0.505585,,0.1445725,,-0.30023,-0.12168,-0.31433,-0.21252449999999995,-0.37071,,,0.20330683333333333,0.039636,,0.24950999999999995,0.016143,-0.31433,-0.45685,-0.43023,-0.18198350000000002,-0.26891,-0.2736066666666666,,-0.36132
0,407,1,1,,,,,0.07751800000000005,,,,0.4389699999999999,,,,,,,,,,,,,,,,1.0099245,1.4195666666666666,2.3795333333333333,2.4602,3.3365,3.10045,3.3365,,,,,,-0.18361,0.18079499999999998,,0.26193500000000003,,,,,,,0.43159499999999995,0.1085,,,,,,0.44782,,-0.34295,0.34455,0.31505
2,244,2,3,,-0.3933,-0.42545999999999995,-0.23049,,,-0.2817449999999999,,-0.28878,-0.1119,,,,,,0.29813,0.24989,0.081052,0.046883,0.17351,,0.83377,1.2106,0.10517,1.6106,,0.3197375,3.62561,0.73429,5.6255500000000005,0.42677,5.3954,,0.26597,0.20768,0.077032,0.5554,,,,-0.15612,-0.19632,0.052913,-0.077734,,,,,,,,,0.10316149999999999,,,,,
2,516,2,1,,,0.55097,,0.26549,,0.27998500000000004,0.053611,0.16959,,0.46845,,,,,,,,,,,,,1.5033,1.6594,,,,5.6449,,,,0.2677199999999999,0.61117,0.05138,,0.16513,-0.044522,,-0.14935,-0.11143,,,,0.55097,0.38704,,0.15843,0.29805000000000004,,,-0.093588,,,,,,
3,157,2,1,-0.06400650000000001,-0.186435,-0.22775,-0.093847,,,0.87179,0.34995,,0.12728499999999998,,,0.016337,,2.282,0.7248816,0.70805,0.7333,0.8763866666666665,1.7334,0.932635,2.119,,1.06766,1.403114,1.4686,2.03983,2.5758,,3.08671,5.1154,5.0951249999999995,1.3400766666666666,0.14029,0.087495,2.29614375,-0.22315800000000002,,-0.023452,-0.22699,-0.026513000000000002,-0.028043,0.07754924999999997,-0.072423,,0.20457,-0.17495,-0.285905,-0.0976705,-0.21627,-0.14970499999999998,-0.37849,-0.11603599999999994,-0.080074,0.11887,,,0.03317
0,275,1,1,,0.037809999999999976,0.080621,-0.020955,,-0.4517899999999999,0.08646,-0.35605,-0.0606555,-0.20427,-0.1546475,0.087626,,-0.4751399999999999,,-0.3595499999999999,,0.089961,-0.35138,,,2.3387,,-0.15056000000000003,,2.1192,3.637,4.8373,,3.9033,0.139,5.565300000000001,1.1151,,,,,0.62237,,0.80685,,,,,0.29545,,0.8652299999999999,,1.464215,,,-0.42377,,,,,,
2,648,2,2,,0.060545,-0.49912,0.021920000000000012,,,,,,,,,,,,,-0.20326,,,1.705,-0.20326,,,,,,,,3.061,,,,,,,,,1.3327,,,,,,,1.313,0.99743,1.4042,,,,,,,,,,,0.6473300000000001
1,878,1,1,6.4223,,,,,,5.4654,,,,,,,,,1.6445,,,,,1.285705,,,,5.2528,,3.1197,,,,,,,3.1862,,,,,,,,,,,,,,,,-0.063207,,0.38201,,,,,,
1,98,1,1,,1.5995333333333335,1.248445,2.30645,,-0.018826,,0.49527,,,,,0.37395,,,,,,,,,,,2.3255,5.737,5.48,7.9148,-0.022938,-0.78381,,,,,,,,,,,,3.7896,,2.9773,,,0.53846,0.603235,0.73793,0.541545,0.6351100000000001,,,,,,,,
1,820,1,1,,,,,,,,,,,,,-0.054783,,,0.47035499999999997,,0.18137,0.29945,,,1.8718,,,,,4.339,,,,1.9898,,,,,,,,,-0.27851,,,,,,0.7966449999999999,0.690975,,0.34917,0.7034050000000001,0.5884349999999999,0.74069,1.4802333333333333,1.0058266666666666,1.4554,,,
3,353,2,1,,,,0.22944,,,,-0.2603599999999999,0.05197299999999995,-0.18633,-0.20965499999999998,-0.024082500000000052,0.1118,0.059071,-0.14070500000000002,-0.129547,-0.1163645,-0.12684233333333333,-0.072758,0.13411325,0.3856,,0.036761999999999954,,2.0284,1.6045,1.9565919999999999,5.10865,4.7015,3.61495,,3.60561,2.2859499999999997,,,2.735556666666666,-0.18836,,,,-0.22893,,,,-0.21067000000000002,-0.3648099999999999,-0.29484,-0.18329275,-0.25225,,-0.402335,,0.28368974999999996,0.06211000000000001,-0.13968699999999998,,0.741527,
3,91,2,2,0.10601,0.057745,-0.378852,0.63074,-0.11975999999999998,,,,,0.12314,-0.031006,-0.1680299999999999,-0.220189,-0.10340950000000003,,,,,-0.29415100000000005,,0.26328,,,3.9115,2.3404,,-0.026335,,4.7009,5.2490000000000006,3.959233333333333,4.5958,1.4482,2.7934919999999996,3.0301725,,5.2755,0.8902666666666667,0.1605099999999999,-0.27391,0.7662100000000001,0.17816,0.46673666666666663,0.5025466666666666,0.47192,,,,2.5942,0.96396,,-0.062148,-0.22564,,,-0.3844599999999999,0.19437749999999998,-0.10678233333333333
1,718,1,1,,,-0.2226199999999999,-0.28149,0.22213,0.0291839999999999,,,,,,,,,,,,,,,,,2.4262,4.0908,0.90887,,,,,,,,3.5152,,,,,,,,,,,,,,,,,,,,,,,,0.2777199999999999,0.46412
1,137,1,1,,,,,-0.012797,,0.35655,,,,,,,,0.29771,,,,,,,,,,,,0.13429,,,7.1682,,3.259,,-0.24977,,,-0.26448,,,,-0.31677,,-0.066727,,-0.40502,,,,0.032963,-0.17622,,,0.059111,-0.28898999999999997,,,,-0.35599
2,260,1,1,0.109815,1.7581,0.23284633333333335,0.1942,0.7083933333333333,0.32433,0.028586,,-0.221017,-0.22693,-0.2592666666666667,,-0.24980433333333332,-0.22457,0.15161,0.1096185,-0.16542,-0.009267500000000001,-0.09049933333333333,-0.06250449999999999,,0.17527,0.17527,,0.36691,,4.235966666666667,3.6745,3.7295,4.247,,2.7478166666666666,2.6193,2.620033333333333,0.356267,0.7040600000000001,,0.3188043333333333,0.5987750000000001,,,1.0459,,0.54199,0.23441900000000002,0.63840225,0.212181,0.008476000000000001,-0.010452499999999997,-0.08220949999999999,0.1267745,0.7998823333333333,-0.39255,-0.139393,0.49783,-0.50138,-0.2837199999999999,-0.256505
3,853,2,1,,0.92562,0.0438,0.33774,,,,,1.3828666666666667,1.121565,1.4829,,2.6525,,,2.1198,,,,,,,,,1.8748,,2.1014,,2.1198,4.9796,,4.9796,,,,,,,,,,,,,,,,,,,,,,,,,,-0.16441
1,233,1,1,-0.09888499999999996,0.39511,0.11057,0.713243,0.168364,,,,,-0.20065,,,,,,,-0.055415,,,0.60555,,,,2.3236506666666665,1.249455,3.5873,,,,,,,,0.2587649999999999,,,,,,,0.61147,-0.23325,-0.11765733333333334,0.11057,-0.254,-0.073199,-0.025775499999999948,,-0.32958,-0.25993,0.08487666666666664,-0.006510000000000002,,,-0.055415,,,-0.19768
1,826,1,1,,0.32406999999999997,,,,,,,0.12099,0.8937700000000001,,0.15453599999999998,0.76078,0.91175,,0.39057,0.18569,,,,,,0.21264500000000003,0.21204333333333328,0.2575699999999999,,,,3.7189,,4.0963,,,,,,0.44808,-0.011099999999999978,0.25577500000000003,-0.0030155000000000043,0.070668,0.28453,-0.069511,0.67811,1.0124,,0.45526,,0.24679,,,-0.1198299999999999,0.60263,,0.027536,,,
0,99,2,1,,,-0.01208466666666666,,,,-0.2672199999999999,,0.11642,-0.096921,-0.096921,,,,0.21935,0.150105,0.34286,0.040939333333333335,0.097707,0.020043,0.21373466666666663,,,,,,,,,3.9847,4.3956159999999995,3.5873333333333335,,,3.95845,,,0.81072,0.43456,0.6694249999999999,0.61983,0.79388,0.601874,0.31292,,0.18566499999999997,,,0.57492,0.689075,0.79388,,,1.0334,0.55808,0.37654999999999994,0.035950333333333334,
2,578,2,1,,-0.18097,-0.29988,0.10916,0.102027,,,,,,,,-0.004988,-0.004988,0.2411475,,,0.21022999999999997,,0.2661199999999999,,,,,,,,,,4.045,,,,,,,,,-0.186915,,,,-0.11319149999999994,-0.10249,,,-0.007364500000000003,-0.047795,-0.11438266666666667,-0.23328999999999994,,-0.35933,,,-0.21189,-0.152435,,
1,6,1,1,,,,,,,,,,,,0.4975199999999999,0.0974,,,,,-0.21674,,-0.2861855,,,,0.36194,0.7273350000000001,,4.007645,,,,,3.3148500000000003,4.836,4.3995,5.652766666666667,3.3699999999999997,2.6353150000000003,1.0696,,0.17676,1.0365,,-0.1985555,0.20322,-0.12415,-0.2299699999999999,0.2429,-0.4559300000000001,,-0.96737,-0.68299,-0.8681700000000001,,,,,,
2,1001,1,2,-0.36207,-0.36994,,-0.3542,,-0.24406,-0.30109499999999995,-0.50762,,,-0.06999075000000002,-0.4171399999999999,-0.30306,,,,,-0.031637,,,,0.757095,2.62165,1.0806075,1.9932500000000002,3.8706,3.4969,4.698650000000001,3.5677,6.0105,,,3.3317,,1.6795,,,,,,,-0.03557099999999995,-0.31093,-0.20865,,,,,-0.19292,,,,,0.346,,,0.23192333333333334,
1,94,1,2,0.182644,0.16663,0.2935175,,,,,0.52635,1.0438,,0.5978,0.5916399999999999,,,,,0.58055,,0.73824,,,1.5661,5.8224,,4.9711,4.08105,4.1729,5.49965,3.5190936666666666,4.8011,4.9009,3.3869,3.1553,3.505133333333333,3.3795,,-0.020625,,,,,,,,,,,,,,-0.48506499999999997,-0.58977,-0.10809249999999995,-0.045264,,,,
3,62,2,2,,,,,3.3917,,,3.5708,,,5.204,1.7517,,,,,0.06512499999999999,,0.3097666666666667,-0.10982,,0.66785,2.5457,1.6095366666666664,0.42321,3.8628,,4.6122,5.0701,,,5.1671,2.8218,4.7749,2.9558,,2.066,,,-0.070182,-0.27656,-0.21506,,,,,-0.25059,,,,,-0.23146,,,,,,
1,84,1,1,0.78283,1.5333,0.3799285,1.9273,,0.14306,1.1282,0.9193475000000001,0.06557400000000001,0.42752500000000004,,0.30909,0.26703,0.329015,,0.3268,0.18955,,1.5244,,0.5061100000000001,0.40871,0.55703,0.1729455,0.96879,1.4305755999999998,2.09558,6.0294,7.309,5.8014,4.0636,3.1183325,4.79305,0.6972466666666666,,4.0371,0.14748549999999994,,0.11871,0.18438333333333337,-0.45687,1.0706,0.578615,0.5304666666666666,,0.47734,,0.0832895,0.10985,-0.082744,,-0.09971333333333332,-0.35946,,0.050081,0.2581699999999999,0.009127250000000031,-0.07093766666666664
0,158,2,1,,-0.0368525,0.04679266666666667,2.357774,4.9132,,1.4339499999999998,0.5725600000000001,1.613164,,2.2953,0.66816,1.6562,0.72926,2.8402,,2.3363,,2.1765,3.0184,,,,7.52905,6.4823,,5.487466666666666,,4.943225,5.9845500000000005,4.2802,5.9108,0.1137099999999999,,4.1205,,0.5083733333333333,,1.6603,2.7275,1.6111,,3.12695,5.50005,0.253001,0.29397,-0.082942,0.460917,,,,,,,,,,
2,603,2,1,0.008645,0.015724,0.03837533333333333,0.160483,0.13606,0.061735,-0.11452,0.40469499999999997,0.1127,0.13287399999999994,,-0.024269999999999996,,,,-0.013655,0.53742,,-0.45642,,1.3168,-0.39059,,1.357135,4.077466666666667,6.8445,3.9437,4.3673,4.09655,6.4368,,1.3062,,,0.600065,,0.7497933333333333,0.6032653333333333,0.6775800000000001,0.44186,0.039435,-0.054005,0.21930279999999996,-0.41395,-0.31626,2.5931,0.9352353333333333,1.3571,1.1224735,0.43478666666666665,-0.16549,0.945155,-0.25893,0.93029,1.338,1.3189,0.8807299999999999,0.3307333333333334
0,89,2,1,0.33751,-0.25092,-0.16736499999999999,-0.310475,-0.069589,-0.1211435,0.022854,-0.19047700000000006,,0.01781666666666667,-0.2568463333333333,0.090408,0.2504099999999999,0.44596,0.07174150000000006,0.2213693333333333,0.1224099999999999,,0.09663000000000001,,0.34463,,0.11618549999999998,,0.462825,5.237,,,0.5312966666666666,7.7223,,4.7925,,,,-0.0607,0.07796533333333333,0.02700366666666663,-0.27847,-0.16795633333333335,-0.11048,0.024040000000000034,-0.08914333333333334,-0.30958,0.1654374,0.4184,0.20418499999999995,0.1448072,0.311515625,0.503735,0.5455319999999999,-0.062477399999999995,0.13189033333333333,-0.24914,-0.45447000000000004,0.18685149999999998,0.08080979999999997,0.2528932
2,566,1,1,0.14404333333333327,-0.0321199999999999,-0.012337,0.10579800000000002,-0.012336666666666633,0.16288499999999995,,0.061144,0.1593555,,,0.12143666666666669,,0.201045,,0.7667366666666666,,-0.051903,-0.028352999999999965,,,,,,1.208585,,4.55335,4.3026800000000005,6.20385,,5.869,2.887315,4.3023,-0.034946,-0.088644,,,0.072449,0.21941,0.2250599999999999,,,-0.33452,,0.17419,-0.0547299999999999,0.048424999999999996,0.14876,-0.064619,0.07527349999999995,0.013099000000000001,,0.075275,,0.17702,0.061144,,
1,94,1,3,,,,0.00155,,,,0.05637,-0.23498,,,,,,-0.08838,-0.34585,0.49924999999999997,0.39823,0.36127,,,,,5.1929,1.1743700000000001,1.64,,,6.1587499999999995,1.64,6.198133333333334,8.5018,,0.7912,,,-0.003378,,-0.33353,-0.37377666666666665,-0.40621999999999997,,-0.2177345,-0.65384,-0.46165,,-0.46412,-0.39513,-0.21281,-0.29534275,-0.37377666666666665,-0.53557,,,,,,0.15184
1,189,2,1,0.10944300000000001,-0.0219229999999999,0.030461000000000002,0.05114699999999996,-0.0976809999999999,0.25129,0.9065300000000001,0.5911109999999999,0.16182999999999997,0.41059666666666667,-0.12992,,0.6077866666666667,0.47292,2.5877,,0.22684333333333337,3.75875,1.61335,1.5093333333333332,2.8951647499999997,4.2786,2.082666666666667,2.1557500000000003,2.33305,3.0116500000000004,6.253525,3.898155,8.5178,3.390112,8.0423,3.18279,2.844,1.08385,3.6806,4.1399,,,1.6604775,1.2901666666666667,1.5827,1.125725,0.7560666666666666,0.82109,0.66635,0.7732833333333332,0.40039,0.44632749999999993,,1.648,0.44715,0.3337506666666667,0.17365,0.20148319999999997,,0.74211,0.32301666666666673,2.2718
0,544,1,1,,,0.28703,0.41754499999999994,-0.052922,-0.30485,0.018409999999999954,,,,,,-0.16826,,0.1899,,1.3706,,0.28702649999999996,,,0.28096,0.58145,,2.9854,,,5.7702,4.0265,,,,,,-0.001322,,,0.068489,0.40995499999999996,,,,,,0.12919,-0.1030015,,0.24453,,0.10188,,,,,,-0.5446300000000001,-0.10249500000000004,
0,190,1,1,-0.2965,-0.3552099999999999,0.43255,1.0833,0.22092,-0.27203,2.4704,-0.33319,2.501,,-0.36989,,1.1762,,0.16343,,-0.073872,,,0.93649,,,,0.3518,,,,,,7.1202,,4.372495,3.2851,4.2318,3.91377,,-0.11057,-0.10078333333333334,,-0.25001,-0.1081205,-0.4188199999999999,0.29064,-0.24022500000000002,0.184225,0.10797666666666668,,0.34202,-0.113013,0.32489,,0.0606809999999999,,,0.39707500000000007,0.77381,0.77993,0.9152766666666666
2,578,2,2,,,,,,-0.6684899999999999,,-0.1524299999999999,,,,,,,-0.35616000000000003,,-0.37122,,-0.20950499999999994,,,,,,,,,5.0866,,,,,,,,,,-0.14291999999999994,,,-0.12152,,,,,-0.5258,-0.085845,,,,,,,-0.31177,,,,
0,310,1,1,,0.2622419999999999,0.79956,,0.4689,0.8535200000000001,,,,,,2.2462,,2.1865,,,,-0.0982659999999999,1.0154,,,,6.6113,,,,7.7181,,6.3798,4.7468,5.96835,3.0958,5.392,3.9775,3.4362000000000004,,4.2726,-0.101709,,0.096913,-0.043156,,-0.18782,0.053285,1.2289,0.7576499999999999,,0.5940565,1.0659,-0.17863499999999993,-0.33707,1.37705,1.2657,-0.30033,0.8202200000000001,,,-0.11893
2,172,2,2,-0.010865000000000014,-0.24900999999999998,0.1146599999999999,-0.23697249999999997,-0.27501525,-0.33240000000000003,1.5836733333333333,4.22075,-0.08307999999999995,,0.0625033333333334,0.3313085,1.805755,1.1285666666666667,-0.37539,0.52733,,,1.21,,,,4.727366666666666,7.6312999999999995,5.574685714285715,4.5944225,4.54915,3.392656,7.90465,6.002092,8.1301,5.389954333333333,4.62995,4.40817,0.020087,0.020087,-0.1462725,-0.4503088571428572,-0.71928,,,,,,,,,,,,,,,,,,,
0,215,1,1,2.5927575000000003,,,,,,0.81184,,,,0.15955,,2.04158,0.66455,,,,,,,,4.3398,,-0.34779,-0.3220699999999999,0.61311,,8.7001,10.3297,,3.3251,,,,,,-0.18179499999999998,0.27410000000000007,,-0.35246,,,0.10577499999999995,,-0.18763749999999998,-0.193481,0.039141999999999996,-0.12022733333333331,,-0.013461,-0.33376,,-0.25193,-0.27999,,,,
2,119,1,1,0.62147,0.47495200000000004,,,,1.1632,0.6986950000000001,,,,1.9664,1.7219,,,0.37158,0.37158,,0.37158,-0.586465,,0.59975,0.4158199999999999,1.4891,0.89545,2.4227,5.424533333333333,3.89995,5.7431600000000005,7.291957142857143,6.79855,6.333620000000001,5.4284,5.445466666666666,3.9372000000000003,1.703696,0.2412099999999999,,0.62924,0.31027333333333335,0.2683666666666667,,0.27147,0.30407,-0.5061399999999999,-0.27798,-0.20347885714285713,-0.562016,-0.33589237499999997,-0.279376,-0.4595766666666667,0.022360000000000005,-0.3548075,0.1248,,0.006059999999999996,0.18417,-0.06145833333333333,-0.056802
1,208,2,1,1.0996,0.4377105,0.7194725,-0.15896274999999999,0.46068975,1.1538033333333335,0.6515466666666666,-0.07647,,,0.005651,,-0.093795,,-0.15859,-0.2565199999999999,-0.013183999999999998,0.038799,0.0372925,0.83286,-0.074207,,1.7836,,,3.6851,,,4.10325,6.816666666666666,5.8348775,5.7057,9.3038,0.409085,,,2.6635850000000003,,0.1013299999999999,0.71985,,0.3863533333333333,0.2678235,0.34919,-0.22864500000000001,0.17641666666666667,0.48329,0.3507,-0.10208249999999999,-0.0674275,-0.09178666666666663,-0.065167,-0.18269,-0.2294,-0.10132949999999999,-0.14201,-0.21232666666666664,-0.062153
2,181,2,4,,-0.1290805,,-0.1351099999999999,,,,,,,,-0.19367,-0.11875125,-0.121764,-0.14028,-0.066218,,,-0.014547,,,,6.439,,,1.3461,8.5661,6.74045,9.3257,6.3598,5.8948,5.40475,7.255433333333333,,0.99302,,1.0963466666666666,,,,,,,-0.10928,0.11463,-0.03177000000000004,0.17232500000000003,0.1981615,1.6837,-0.030909999999999993,-0.47786,-0.41068,,,,,-0.32629,
2,230,2,1,1.2795645000000002,0.9190875000000001,1.1948610000000002,,,0.042723500000000005,-0.0045034999999999485,,,0.4749,0.1223852,0.36796999999999996,0.21292,0.34212499999999996,,,0.635265,0.21114,0.83311,0.13005,0.17549,0.20697999999999994,0.1648,3.0905133333333334,0.03351599999999996,9.804499999999999,0.11579499999999994,6.7891,5.6984,,9.5603,9.204799999999999,4.2673,,0.693215,4.7628,-0.14708,,,,,,0.18262149999999994,-0.26113,-0.2878699999999999,-0.23797,-0.15777,-0.0754336,-0.26558999999999994,0.19450399999999998,0.0035172500000000273,-0.08826366666666667,0.02312,-0.10608999999999996,,-0.29499499999999995,-0.082916,0.16212500000000002
2,68,1,1,-0.53945,-0.1860905,0.046032,-0.22897,,,,,-0.23488,,,0.54576,,-0.31176,,0.022376,-0.013108,,,-0.033807,,3.8694,,,1.9355,,7.131,9.2452,,6.8751999999999995,7.71645,6.4656,3.105035,,6.4893,,0.6876849999999999,-0.38569000000000003,-0.32063,-0.019022,-0.0811175,,,,2.1071,0.20669633333333334,0.11108399999999999,0.1012273333333333,-0.08111866666666673,0.019419,-0.1787,0.08447333333333333,,0.28998500000000005,0.078559,,0.51767,0.2362633333333333
1,468,1,1,0.16685,0.5093653333333333,0.07313133333333334,0.32918050000000004,-0.03955566666666666,-0.13439,-0.0005059999999999,,,,0.43462,,0.2929226666666666,3.8353,-0.005527000000000001,,,-0.040671,,,-0.1461,-0.11765,,6.52295,,7.80325,,6.7138,,,,,,2.801,,,1.0271,2.4261,2.0111,1.7199,1.74,,1.7668,1.653,-0.0005059999999999,-0.050713,3.75495,,0.30575499999999994,,1.689775,,,1.26916,,1.256345,0.63879,0.59528
1,137,1,2,,0.29118,-0.27428,0.354368,0.13429,,,,,,,,,,,,,,,0.7520399999999999,,,,,0.062379,,,,,9.8255,,9.7013,,,,,,,,,,,,,-0.09614500000000005,0.80434,,,,,,-0.11739,,,,,-0.14680733333333332,
2,805,2,1,,,,0.1605,0.45535,1.4487,,0.8976299999999999,,0.37824,,0.99514,1.8418633333333334,2.229,0.76229,,,1.0768,0.34648,0.34648,2.113295,0.537,0.7048300000000001,9.7316,8.9197,11.2013,8.41161,11.413000000000002,10.9609,11.5052,,9.8133,9.2327,4.185513333333333,4.9234,5.885,,,,0.8137,,0.038029,0.475765,,,,-0.28403,,-0.28403,,0.01534775,,0.1831799999999999,,,,0.63225,0.9928649999999999
