gene,mean_centered_RNAPIISer5-P_Granule,mean_centered_RNAPIISer5-P_Purkinje,mean_centered_RNAPIISer5-P_MLI1,mean_centered_RNAPIISer5-P_MLI2+PLI,mean_centered_RNAPIISer5-P_Bergmann,normalized_scRNA_count_Granule,normalized_scRNA_count_Purkinje,normalized_scRNA_count_MLI1,normalized_scRNA_count_MLI2+PLI,normalized_scRNA_count_Bergmann,log10_intron_counts_Granule,log10_intron_counts_Purkinje,log10_intron_counts_MLI1,log10_intron_counts_MLI2+PLI,log10_intron_counts_Bergmann,intron_counts_Granule,intron_counts_Purkinje,intron_counts_MLI1,intron_counts_MLI2+PLI,intron_counts_Bergmann
Lrrc7,0.0210225,0.051400999999999995,0.3729595,0.4289745,0.0,-0.529670445020999,-0.613684072267377,1.05718281327156,1.62595700401897,-0.621598954128557,-2.1923815793846826,-inf,-1.7209857441537404,-1.24551266781415,-inf,0.0064212328767123,0.0,0.0190114068441064,0.0568181818181818,0.0
Sh3rf3,0.0,0.17212000000000005,0.3494900000000001,0.68008,0.24721000000000015,-0.596810289966966,-0.687477218890167,0.501490508230006,1.7504076633393837,-0.509280409458881,-3.368472838440384,-inf,-2.4199557484897687,-inf,-inf,0.0004280821917808,0.0,0.0038022813688212,0.0,0.0
Cntn4,0.0,0.90357,1.18116,1.5432299999999999,0.1489630000000001,-0.375422965166703,-0.210879706652718,1.6348387096631,2.228278572606505,-0.473889213120385,-2.8913515837207218,-2.1072099696478683,-1.9428344937700983,-1.9444826721501711,-inf,0.0012842465753424,0.0078125,0.0114068441064638,0.0113636363636363,0.0
Pam,0.0,0.40736300000000003,0.79007,0.8357749999999999,0.431731,-0.979148770473811,-1.05034621743517,1.10096473028577,1.45662605422652,-0.785054048371745,-2.669502834104345,-1.505149978319906,-1.4657132390504335,-1.4673614174305074,-2.71432975974524,0.0021404109589041,0.03125,0.0342205323193916,0.034090909090909,0.0019305019305019
Nxph1,0.0,0.404275,0.38324999999999987,1.2418,0.11182500000000001,-0.426652335018858,-0.419771211199352,-0.399509028007937,2.609894829999305,-0.431178407435963,-2.0462535437064453,-1.505149978319906,-inf,0.10859577133325113,-1.7143297597452332,0.0089897260273972,0.03125,0.0,1.2840909090909092,0.0193050193050193
Cacna2d3,0.0,0.5100100000000001,1.49926,1.58456,0.46938,-0.412512780358823,-0.516203608410117,1.16385864343699,2.239130465174835,-0.52831174039062,-2.1923815793846826,-2.1072099696478683,-2.1189257528257817,-1.24551266781415,-2.71432975974524,0.0064212328767123,0.0078125,0.0076045627376425,0.0568181818181818,0.0019305019305019
Camta1,0.23895,0.0,0.8312999999999999,0.7431999999999999,0.10565000000000002,0.843436504017033,0.262767368957425,1.30266726926306,1.864281014755065,-0.707318835838538,-1.9705328297683262,-1.3290587192642247,-2.4199557484897687,-inf,-1.8692317197309767,0.0107020547945205,0.046875,0.0038022813688212,0.0,0.0135135135135135
Upp2,0.038015000000000077,0.12526500000000007,0.776615,0.7673150000000002,0.0,0.442898093473316,0.194183589573074,1.66076242222036,1.55799098394101,-0.748847490357968,-3.067442842776403,-1.806179973983887,-2.1189257528257817,-inf,-inf,0.0008561643835616,0.015625,0.0076045627376425,0.0,0.0
Me3,0.030285000000000006,0.360865,0.38770499999999997,0.66513,0.0,0.0655015381669914,-0.359661841481627,1.06523841994316,1.51165510239871,-0.803527982715507,-3.067442842776403,-inf,-2.1189257528257817,-1.9444826721501711,-inf,0.0008561643835616,0.0,0.0076045627376425,0.0113636363636363,0.0
Zfpm2,0.22672,0.0,0.7177750000000002,1.0353350000000001,0.32792500000000013,0.6894419,-0.5660285,0.9199814,2.2868775,0.1789987,-1.988261596728757,-1.630088714928206,-1.306012396182921,-0.9444826721501688,-2.71432975974524,0.0102739726027397,0.0234375,0.0494296577946768,0.1136363636363636,0.0019305019305019
Epb41l3,0.0,0.6710150000000001,0.8595650000000001,0.685165,0.03353500000000009,0.1975647,0.4469234,1.387037,1.3061105,-1.087743,-1.988261596728757,-1.1072099696478683,-1.9428344937700983,-1.9444826721501711,-2.71432975974524,0.0102739726027397,0.078125,0.0114068441064638,0.0113636363636363,0.0019305019305019
Nrxn3,0.42977000000000004,0.49971000000000004,1.35199,1.07489,0.0,0.2910984,-0.1140666,1.810797,1.7044420000000002,-0.1728002,-1.4142303290010378,-1.630088714928206,-1.9428344937700983,-1.9444826721501711,-2.112269768417272,0.0385273972602739,0.0234375,0.0114068441064638,0.0113636363636363,0.0077220077220077
Ppm1l,0.0,0.16150000000000012,0.4268900000000001,0.6659150000000001,0.14598000000000008,0.517481772184764,-0.297621811602949,1.10189097129538,1.9163214212791804,-0.588140135832561,-1.5831430034295955,-1.0658172844896434,-0.9575577505908021,-1.0413926851582251,-2.112269768417272,0.0261130136986301,0.0859375,0.1102661596958174,0.0909090909090909,0.0077220077220077
Fam155a,0.0,0.51118,1.1878,0.9959,0.2669299999999999,0.03092718789055,0.395583573888597,1.00317596362987,0.778533082807948,-0.153878086865934,-1.5903215880567185,-0.3590219426416679,-1.0220157398177203,-1.0413926851582251,-1.8112397727532907,0.0256849315068493,0.4375,0.0950570342205323,0.0909090909090909,0.0154440154440154
Fam189a1,0.07857500000000006,0.36551500000000003,0.8067150000000001,0.5442150000000001,0.0,-0.513086999792147,0.693473268678811,1.22367295076214,1.6081161801439463,-0.668080236344267,-2.4653828514484277,-2.1072099696478683,-2.1189257528257817,-1.9444826721501711,-2.71432975974524,0.0034246575342465,0.0078125,0.0076045627376425,0.0113636363636363,0.0019305019305019
Chchd3,0.0,0.702265,1.263205,0.873005,0.505735,-0.23975471758567,0.566873314092707,1.0295773414262,0.6883814671717865,-0.35525789920038,-2.006745002422769,-1.630088714928206,-2.4199557484897687,-1.6434526764861879,-inf,0.0098458904109589,0.0234375,0.0038022813688212,0.0227272727272727,0.0
Spock3,0.0,0.7318849999999999,0.930585,0.9227549999999998,0.40946699999999997,-0.596671231033355,0.240915743067895,1.22144916098548,1.7202502345174566,0.163606001394204,-3.368472838440384,-1.505149978319906,-2.1189257528257817,-1.1663314217665255,-2.4132997640812586,0.0004280821917808,0.03125,0.0076045627376425,0.0681818181818181,0.0038610038610038
Kcnq1,0.0,0.45030000000000003,0.9431999999999999,0.5662999999999999,0.24335000000000007,-0.54629029577598,0.0334854124734645,1.11135805684,1.0112531825092286,-0.833043226432879,,,,,,,,,,
Sntg1,0.0,0.3575910000000001,0.8407099999999998,0.8677149999999999,0.4027635000000001,-0.583594684372582,-0.0492316815126637,1.33031395775276,1.556458410440105,-0.596784992746229,-3.067442842776403,-2.1072099696478683,-2.4199557484897687,-inf,-2.71432975974524,0.0008561643835616,0.0078125,0.0038022813688212,0.0,0.0019305019305019
Dscam,0.0,0.9348000000000001,1.2986,1.0733,0.652585,-0.5378573,0.01533708,0.7791801,0.7117697000000001,-0.5656983,-3.067442842776403,-1.630088714928206,-1.7209857441537404,-1.9444826721501711,-inf,0.0008561643835616,0.0234375,0.0190114068441064,0.0113636363636363,0.0
Ntm,0.17354999999999987,0.2098,0.4354,0.48730000000000007,0.0,0.4229469,1.000761,1.105887,1.3832335,0.5763258,-0.3799138815617464,-0.020850138973120137,-0.6875619886667894,-0.400414627799893,-0.7952516673691592,0.4169520547945205,0.953125,0.2053231939163498,0.3977272727272727,0.1602316602316602
Mdga2,0.0,0.8098699999999999,0.9782899999999999,1.3491749999999998,0.4952179999999998,-0.8597474,0.3486652,0.5583102,1.8351886,-0.07241143,-3.067442842776403,-0.42596873227228116,-1.0775330676675519,-0.7403626894942439,-1.8692317197309767,0.0008561643835616,0.375,0.0836501901140684,0.1818181818181818,0.0135135135135135
Inpp4b,0.0,0.27017,1.457115,1.116615,0.057554999999999995,-0.131903063211259,-0.81567090045634,1.99523129558178,1.712753300918975,-0.806671525587033,-1.4493947460642882,-2.1072099696478683,-0.30936603819050895,-0.36469907553335845,-2.237208505025577,0.0355308219178082,0.0078125,0.4904942965779467,0.4318181818181818,0.0057915057915057
Myo16,0.0,0.46670999999999996,1.252085,1.116185,0.62891,-0.689768481436998,-0.651125059328662,1.88269096511554,1.3728100003044,1.06814304058745,-2.0897192374875337,-1.505149978319906,-0.3707377258195763,-0.33169881543043317,-0.7698470875950646,0.0081335616438356,0.03125,0.4258555133079847,0.4659090909090909,0.1698841698841698
Hcn1,0.0,1.08268,1.2954700000000001,1.0020850000000001,0.19189000000000012,-0.2855538,0.1446395,2.47957,1.58227765,-0.6138934,-1.863322860120456,-0.7849906749139491,-0.5811066577525025,-0.5827548361325758,-2.4132997640812586,0.0136986301369863,0.1640625,0.2623574144486692,0.2613636363636363,0.0038610038610038
Kirrel3,0.38883500000000004,0.0,1.190575,0.662525,0.1886850000000001,0.7584271,-0.6212415,2.970814,0.704999,-0.3598936,-1.113200333337056,-1.806179973983887,-0.2615932563945082,-0.7683914130944876,-1.8692317197309767,0.0770547945205479,0.015625,0.5475285171102662,0.1704545454545454,0.0135135135135135
Grik3,0.0,0.0470600000000001,0.83836,0.7205600000000001,0.11236000000000002,-0.583105030859939,-0.590315994534872,1.88587846612722,1.70932591534942,-0.578933134948503,-2.414230329001048,-1.806179973983887,-0.5811066577525025,-0.6892101670468627,-2.71432975974524,0.0038527397260273,0.015625,0.2623574144486692,0.2045454545454545,0.0019305019305019
Sema3e,0.10438,0.0,0.49576,0.392395,0.16116,-0.548376060091006,-0.55402417564519,2.17222879010589,0.1383180850663145,-0.502616552821634,-inf,-inf,-inf,-inf,-2.71432975974524,0.0,0.0,0.0,0.0,0.0019305019305019
Zfp423,0.0,0.04730999999999996,0.6011099999999999,0.26151,0.16820999999999986,-0.447686175916071,-0.512861662942124,2.19897488731747,1.450461190792665,-0.698150153796396,-1.863322860120456,-1.630088714928206,-1.039744506778152,-1.24551266781415,-1.8692317197309767,0.0136986301369863,0.0234375,0.091254752851711,0.0568181818181818,0.0135135135135135
Erc2,0.0,0.7816700000000001,1.3314700000000002,1.2805700000000002,0.5587500000000001,-0.167410079729574,0.604811827579095,2.56671663351321,1.2356676983796495,-0.445051717706955,-inf,-inf,-2.4199557484897687,-inf,-inf,0.0,0.0,0.0038022813688212,0.0,0.0
Slc24a3,0.0,0.693816,1.293526,1.068176,0.6001110000000001,-0.667302306020676,-0.713493643292681,2.19561852580887,1.0879315929516602,-0.0290287827994426,-2.2892915923927424,-2.1072099696478683,-inf,-inf,-2.71432975974524,0.0051369863013698,0.0078125,0.0,0.0,0.0019305019305019
Hecw1,0.0,0.6024599999999999,0.8446399999999998,0.7090899999999999,0.0626335,-0.06505036,0.1093269,2.831652,1.16995565,-0.6520601,-1.7664128471124014,-0.9030899869919435,-0.888476831447503,-1.3424226808222068,-1.9361785093615926,0.0171232876712328,0.125,0.1292775665399239,0.0454545454545454,0.0115830115830115
Rora,0.0,0.4111,0.8594000000000002,0.6637000000000002,0.27280000000000015,-0.2429158,-0.4041908,2.78161,1.169366495,0.2126216,-1.7886892418235525,0.06888128940781288,-0.7209857441537392,-1.24551266781415,-1.091080469347333,0.0162671232876712,1.171875,0.1901140684410646,0.0568181818181818,0.081081081081081
Cacna1d,0.0,0.31416999999999995,1.13442,1.1905199999999998,0.31931999999999994,0.015132355843366,-0.628444873332953,2.62166374378153,1.0254636779181363,-0.602672798337488,-2.1643528557844403,-1.806179973983887,-1.4199557484897583,-1.6434526764861879,-2.71432975974524,0.0068493150684931,0.015625,0.0380228136882129,0.0227272727272727,0.0019305019305019
Btbd11,0.0,0.38107,0.92826,0.68481,0.4602100000000001,-0.365647668503035,-0.657309938815195,2.61351129435529,1.50691551038995,-0.543547248506635,-2.414230329001048,-2.1072099696478683,-1.9428344937700983,-1.9444826721501711,-2.237208505025577,0.0038527397260273,0.0078125,0.0114068441064638,0.0113636363636363,0.0057915057915057
Asic2,0.0,0.06930000000000014,0.8206500000000001,0.4054000000000002,0.11185,-0.5126372,-0.4301277,2.389026,0.99360485,0.008344012,-2.368472838440364,-1.630088714928206,-0.30601239618292114,-inf,-2.237208505025577,0.0042808219178082,0.0234375,0.494296577946768,0.0,0.0057915057915057
Xkr4,0.0,0.62496,1.1118350000000001,0.8126199999999999,0.10913000000000009,0.053301807083357,-0.222646551888885,2.44585346186495,1.1763992387980935,-0.67988081151102,-3.368472838440384,-inf,-1.9428344937700983,-inf,-inf,0.0004280821917808,0.0,0.0114068441064638,0.0,0.0
Unc5c,0.018970000000000015,0.2265299999999999,0.6991449999999999,0.702755,0.0,-0.0086372564666962,-0.388275569978352,1.67087532022229,1.5624968575136848,-0.745383460982024,-2.5903215880567236,-2.1072099696478683,-1.8178957571617975,-1.9444826721501711,-2.4132997640812586,0.0025684931506849,0.0078125,0.0152091254752851,0.0113636363636363,0.0038610038610038
Adamts2,0.033989999999999854,0.0,0.8954399999999999,0.4649899999999999,0.22799000000000003,-0.595704,-0.6425107,2.572569,1.6049925,-0.6489645,-2.414230329001048,-inf,-1.0775330676675519,-1.099384632135912,-2.71432975974524,0.0038527397260273,0.0,0.0836501901140684,0.0795454545454545,0.0019305019305019
Plxna4,0.0,0.85875,1.5316500000000002,0.8373499999999999,0.5673499999999999,-0.419157022926017,0.0219668201333374,3.18400657561474,0.2631581655762095,-0.736814046736966,-3.368472838440384,-1.630088714928206,-1.118925752825777,-inf,-2.71432975974524,0.0004280821917808,0.0234375,0.0760456273764258,0.0,0.0019305019305019
Sorcs3,0.0,0.5289789999999999,1.5544490000000002,0.624914,0.631979,-0.3498237,-0.3594967,3.873497,-0.33642055,-0.3549732,-3.067442842776403,-1.806179973983887,-0.40711852378458563,-inf,-inf,0.0008561643835616,0.015625,0.3916349809885932,0.0,0.0
Grid1,0.0,0.622665,1.720835,0.6887,0.8105450000000001,-0.611600905516853,-0.623315802698076,2.95438624568059,-0.0476159483897195,0.167345707769391,-2.5903215880567236,-inf,-1.516865761497815,-inf,-2.0153597554092166,0.0025684931506849,0.0,0.0304182509505703,0.0,0.0096525096525096
Galnt18,0.0,0.3009200000000001,1.04767,0.3237700000000001,0.26417,-0.381342744505879,-0.459827793426378,3.04861832349706,-0.4120925073575885,-0.0677631864816064,-1.863322860120456,-1.806179973983887,-0.06012026614986987,-inf,-1.4590572546419276,0.0136986301369863,0.015625,0.870722433460076,0.0,0.0347490347490347
Adarb2,0.0,0.3496529999999999,1.48082,0.7647399999999998,0.2390839999999999,-0.4759845,-0.4853123,3.247507,0.305803,-0.4398658,-2.1643528557844403,-1.4082399653118496,-0.37463276970310044,-1.6434526764861879,-2.4132997640812586,0.0068493150684931,0.0390625,0.4220532319391635,0.0227272727272727,0.0038610038610038
Plch1,0.0,0.2663419999999999,1.19366,0.6279149999999998,0.2162949999999999,-0.48381959060281,-0.481445229119003,2.92716471301951,-0.0289569163807104,-0.48270614940314,-2.8913515837207218,-1.806179973983887,-1.4657132390504335,-inf,-inf,0.0012842465753424,0.015625,0.0342205323193916,0.0,0.0
Adgrl3,0.0,0.23939,1.42879,0.348455,1.073355,-0.449228172678829,-0.721561888491851,2.51391900385781,-0.45269234812269,2.5389966965637,-2.669502834104345,-inf,-0.6491037368476138,-inf,-0.950901766182296,0.0021404109589041,0.0,0.2243346007604562,0.0,0.1119691119691119
Nell1,0.132435,1.1993449999999999,0.340125,0.29113,0.0,-0.231608093182905,4.00669122355437,-0.240334739228269,-0.21919336918922,-0.232450128385466,-3.368472838440384,-0.9932666173410316,-inf,-inf,-inf,0.0004280821917808,0.1015625,0.0,0.0,0.0
Cdh18,0.36739499999999997,0.8046149999999999,0.10533499999999998,0.26680699999999996,0.0,0.6125184,3.848094,-0.3787736,-0.234268135,-0.3951274,-1.863322860120456,-1.0658172844896434,-inf,-inf,-inf,0.0136986301369863,0.0859375,0.0,0.0,0.0
Arhgap26,0.11852000000000018,0.7249300000000001,0.0,0.27058000000000004,0.2689300000000001,0.448403,3.123069,-0.5462785,0.0862939999999999,0.1239548,-1.8913515837207013,-0.06581728448964333,-inf,-inf,-inf,0.0128424657534246,0.859375,0.0,0.0,0.0
Cntnap5b,0.0,1.437535,0.42743499999999995,0.4996650000000001,0.43729999999999997,-0.240173126813023,4.00627373448558,-0.242809607828863,-0.2047296272823945,-0.243255418554507,-3.067442842776403,-0.32905871926422475,-2.4199557484897687,-inf,-2.71432975974524,0.0008561643835616,0.46875,0.0038022813688212,0.0,0.0019305019305019
Kcnip1,0.14997500000000002,0.9321250000000001,0.123245,0.0,0.420675,-0.2215872,3.95709,-0.2941669,-0.29408035,-0.06948074,-2.368472838440364,-1.2621119296336116,-2.4199557484897687,-inf,-inf,0.0042808219178082,0.0546875,0.0038022813688212,0.0,0.0
Dpp10,0.0,1.4746299999999999,0.2934514999999999,0.5657099999999999,0.14242999999999992,0.263779361722571,3.62448017538183,-0.343008029092999,-0.426035166604545,-0.437191342952223,-1.8369939213981081,-0.028028723600243537,-1.8178957571617975,-inf,-inf,0.0145547945205479,0.9375,0.0152091254752851,0.0,0.0
Shank2,0.0,0.96379,1.0011899999999998,0.6101900000000001,0.21828999999999998,-0.648119357787082,2.82422656434209,1.60021820230031,0.289256811270577,-0.658725766584378,-2.327080153282141,-0.13872702109393326,-0.9014418086118706,-1.3424226808222068,-2.4132997640812586,0.004708904109589,0.7265625,0.1254752851711026,0.0454545454545454,0.0038610038610038
Cacnb2,0.0,0.81762,0.7517049999999998,0.42253999999999997,0.44028,-0.887050184744591,2.51954412334976,0.541730346030731,0.0568289774121642,-0.541451449388391,-2.2892915923927424,-0.6600519383056491,-inf,-inf,-2.71432975974524,0.0051369863013698,0.21875,0.0,0.0,0.0019305019305019
Lrfn5,0.0,1.218545,0.775745,0.9140499999999999,0.62883,-0.6160334,2.270237,0.3087855,0.9811199,-0.6332587,-2.1923815793846826,-0.5631419252975928,-1.6418044981061153,-1.6434526764861879,-2.71432975974524,0.0064212328767123,0.2734375,0.0228136882129277,0.0227272727272727,0.0019305019305019
Shisa6,0.0,0.832055,0.592605,0.21992500000000004,0.48755499999999996,-0.497547,3.35266,1.288497,0.1071018999999999,-0.4741177,-2.1643528557844403,-0.24388710952741247,-1.3407745024421331,-1.6434526764861879,-2.4132997640812586,0.0068493150684931,0.5703125,0.0456273764258555,0.0227272727272727,0.0038610038610038
Thsd7a,0.0,0.9288399999999999,0.88313,0.7637049999999999,0.30805999999999994,-0.870931950683399,2.95124204652079,1.42835634780071,0.4869536805447004,-0.462541132824142,-3.067442842776403,-0.5757310526056132,-1.3407745024421331,-inf,-inf,0.0008561643835616,0.265625,0.0456273764258555,0.0,0.0
Dner,0.014204999999999995,1.84047,1.2670700000000001,0.57167,0.0,-0.60750312681015,3.2551011217587,0.723759225347227,0.393087701351841,-0.61821856887255,-2.8913515837207218,-0.031663008255337605,-1.306012396182921,-1.4673614174305074,-2.71432975974524,0.0012842465753424,0.9296875,0.0494296577946768,0.034090909090909,0.0019305019305019
Sox5,0.0,0.95898,0.35345000000000004,0.2057729999999999,1.100525,-0.698493981464968,1.1913768530492,-0.750990922233681,-0.7437910650887896,1.45930639443827,-inf,-2.1072099696478683,-inf,-inf,-inf,0.0,0.0078125,0.0,0.0,0.0
Gm29536,0.0,0.8952360000000001,0.526606,0.19153599999999998,0.8640760000000001,0.0031184370333341,1.18892753258366,-0.0224197321830701,-0.0665493849722621,1.18753047762977,,,,,,,,,,
Rasal2,0.0,1.3179515,0.4363914999999999,0.38959649999999996,0.9769715,-0.74296702573771,2.05726021353523,-0.727979162691514,-0.702770772501975,0.537571154349442,-3.368472838440384,-0.8767610482695944,-inf,-inf,-2.237208505025577,0.0004280821917808,0.1328125,0.0,0.0,0.0057915057915057
Magi2,0.0,0.798802,0.532527,0.725457,0.936392,-0.292694572263093,1.4936119498487,0.0788671184758178,0.5081803514635683,1.35111343601822,-2.523374798426113,-1.505149978319906,-2.1189257528257817,-1.9444826721501711,-inf,0.0029965753424657,0.03125,0.0076045627376425,0.0113636363636363,0.0
Dgki,0.0,0.9941490000000001,0.950129,1.0365490000000002,0.354059,-0.182168232553439,1.2696162025823,1.14260840948122,0.8966071022495525,-0.748468055151604,-inf,-0.9932666173410316,-2.4199557484897687,-1.9444826721501711,-inf,0.0,0.1015625,0.0038022813688212,0.0113636363636363,0.0
Frmd4a,0.0,1.11581,1.53721,1.27691,0.6491,-0.942976938831058,0.944108618865574,1.50048086012408,0.6126779508102675,0.187722960565134,-2.0897192374875337,-0.8519374645445623,-1.3407745024421331,-1.3424226808222068,-1.5682017240669954,0.0081335616438356,0.140625,0.0456273764258555,0.0454545454545454,0.027027027027027
Phactr2,0.0,0.49494499999999997,0.612035,0.5792349999999999,0.30025,-0.997317610755353,0.92682775815677,1.38010054316348,-0.1242550687845185,-0.59153012617032,-2.669502834104345,-1.505149978319906,-2.4199557484897687,-1.9444826721501711,-2.71432975974524,0.0021404109589041,0.03125,0.0038022813688212,0.0113636363636363,0.0019305019305019
Vav3,0.0,0.6911149999999999,0.961045,0.40042,0.0935949999999999,-0.616027778130113,1.3411631276259,1.38587548139142,0.1318384059259554,-0.610068684903271,-2.8913515837207218,-inf,-2.4199557484897687,-inf,-inf,0.0012842465753424,0.0,0.0038022813688212,0.0,0.0
Vwa8,0.0,0.88671,1.2393699999999999,1.02127,0.5099400000000001,-0.467227,1.744045,1.5287,0.74518985,-0.133967,-2.2892915923927424,-1.505149978319906,-1.9428344937700983,-inf,-2.71432975974524,0.0051369863013698,0.03125,0.0114068441064638,0.0,0.0019305019305019
Grm7,0.0,1.149538,0.264278,0.145483,0.284748,-0.548356849078851,1.52041437581283,-0.398385171505299,-0.5253396611241485,-0.560293063942516,-2.5903215880567236,-0.17271151840430066,-1.7209857441537404,-inf,-inf,0.0025684931506849,0.671875,0.0190114068441064,0.0,0.0
Rbms1,0.0,1.142479,0.8907390000000001,0.693869,0.383869,-1.09737697672591,1.12734287788282,0.380686057154597,-0.380660538530217,-1.06578499112459,-2.8913515837207218,-2.1072099696478683,-1.9428344937700983,-inf,-inf,0.0012842465753424,0.0078125,0.0114068441064638,0.0,0.0
Ebf1,0.0,0.590415,0.01446499999999995,0.1946,0.213175,-0.05003644,1.642918,-0.4912133,-0.489093,-0.4893527,-inf,-1.3290587192642247,-inf,-inf,-inf,0.0,0.046875,0.0,0.0,0.0
Dach1,0.0,1.27481,0.9569599999999998,0.831567,0.71015,-0.7132949,1.022536,0.3452424,-0.61953195,-0.2008128,-3.368472838440384,-0.9030899869919435,-2.1189257528257817,-inf,-2.71432975974524,0.0004280821917808,0.125,0.0076045627376425,0.0,0.0019305019305019
Cdh12,0.0,0.7404949999999999,0.5571549999999998,0.2017649999999999,0.03294499999999989,-0.4263095,1.045611,0.6919491,-0.3037355,-0.444153,-3.067442842776403,-1.806179973983887,-2.4199557484897687,-inf,-2.4132997640812586,0.0008561643835616,0.015625,0.0038022813688212,0.0,0.0038610038610038
Cdk14,0.0,1.1221999999999999,0.5634649999999999,0.83984,0.48351,-1.004978163301,1.22161850180108,-0.368210440570977,-0.275930422302281,-0.690418880503606,-2.5903215880567236,-2.1072099696478683,-inf,-inf,-inf,0.0025684931506849,0.0078125,0.0,0.0,0.0
Syt1,0.4446829999999999,0.0,0.191843,0.10030800000000001,0.148393,2.13096034958949,-0.480089382063218,-0.424374302360281,-0.343844489416634,-0.475488999462656,-2.327080153282141,-1.806179973983887,-2.4199557484897687,-1.9444826721501711,-inf,0.004708904109589,0.015625,0.0038022813688212,0.0113636363636363,0.0
Negr1,0.547643,0.0,0.140348,0.0871879999999999,0.4475530000000001,2.10252148874211,-0.608321895697298,-0.259661181948484,-0.1431202583324044,1.35898613796046,-1.3077749980867504,-2.1072099696478683,-1.9428344937700983,-1.9444826721501711,-1.033088522369646,0.0492294520547945,0.0078125,0.0114068441064638,0.0113636363636363,0.0926640926640926
Syne1,0.3877450000000001,0.0,0.1035950000000001,0.29498,0.30745500000000003,1.38720749708181,-0.418140131551848,-0.229573903089421,-0.1235316689793015,0.701017409934456,-2.523374798426113,-2.1072099696478683,-inf,-1.9444826721501711,-2.4132997640812586,0.0029965753424657,0.0078125,0.0,0.0113636363636363,0.0038610038610038
Trhde,0.430436,0.115587,0.09417949999999989,0.252326,0.0,3.99369134470632,-0.311757966321178,-0.155589923759063,-0.143732318234134,-0.298560003959324,-2.0674428427763827,-inf,-inf,-inf,-2.71432975974524,0.0085616438356164,0.0,0.0,0.0,0.0019305019305019
Rims1,0.501765,0.021919999999999912,0.31908000000000003,0.04694000000000001,0.0,3.74208327883024,-0.451108493967138,0.131448548517283,-0.054019472808038,-0.408421125745274,-0.35774897304858877,-2.1072099696478683,-1.3407745024421331,-1.6434526764861879,-1.600386407438398,0.4387842465753425,0.0078125,0.0456273764258555,0.0227272727272727,0.025096525096525
Grik2,0.6765700000000001,0.0803780000000001,0.004959999999999992,0.25343,0.0,3.71600398972625,-0.448858573631524,-0.417457606607884,-0.082179061564712,-0.447915797578217,-2.669502834104345,-inf,-inf,-inf,-inf,0.0021404109589041,0.0,0.0,0.0,0.0
Kcnd2,0.5594759999999999,0.064057,0.0,0.4113609999999999,0.1393934999999999,3.55606446856728,-0.34277947235591,-0.452289387224164,0.0258951639343154,-0.477744505042326,-1.4876592461595715,-1.806179973983887,-inf,-1.9444826721501711,-inf,0.0325342465753424,0.015625,0.0,0.0113636363636363,0.0
Cadps2,0.5535930000000001,0.0,0.051104,0.209953,0.2176029999999999,3.98448388851774,-0.306232230307819,-0.296947213755135,-0.2840515100469875,-0.283678092549721,-0.9228686351667643,-2.1072099696478683,-2.1189257528257817,-1.9444826721501711,-2.112269768417272,0.1194349315068493,0.0078125,0.0076045627376425,0.0113636363636363,0.0077220077220077
Gabrb2,0.512095,0.10663999999999996,0.33685999999999994,0.42045,0.0,2.979272,0.8458902,1.323614,0.90566095,-0.6218947,-1.8771111446060917,-1.2041199826559248,-2.4199557484897687,-inf,-inf,0.0132705479452054,0.0625,0.0038022813688212,0.0,0.0
Fgf14,1.2117939999999998,0.799154,0.593814,0.947194,0.0,3.040346,0.3417132,0.3300554,0.69795155,-0.6441156,-2.2892915923927424,-2.1072099696478683,-inf,-inf,-2.71432975974524,0.0051369863013698,0.0078125,0.0,0.0,0.0019305019305019
Gabrb1,0.0,0.3904119999999999,0.47052000000000005,0.59848,1.292485,-0.352116427746956,-0.377740946117221,-0.377340211027637,-0.361751158358903,2.67200764243518,-2.0260501576181595,-1.806179973983887,-2.4199557484897687,-inf,-0.5529617575102581,0.009417808219178,0.015625,0.0038022813688212,0.0,0.2799227799227799
Ank2,0.0,0.28484,0.40032999999999996,0.32402999999999993,0.7800499999999999,-0.0763776145871151,-0.148710260471624,-0.0615086180524766,-0.148150806802727,3.95781916315964,-2.138023917062092,-1.505149978319906,-2.1189257528257817,-1.9444826721501711,-1.1461280356782382,0.0072773972602739,0.03125,0.0076045627376425,0.0113636363636363,0.0714285714285714
Gria1,0.0,0.53937,0.40296999999999994,0.12243500000000007,1.03497,-0.2593227,0.02797558,-0.2596936,-0.24383585,3.998055,-2.5903215880567236,-1.3290587192642247,-2.4199557484897687,-inf,-0.6972964204464528,0.0025684931506849,0.046875,0.0038022813688212,0.0,0.2007722007722007
Mcc,0.0,0.209165,0.236975,0.11155999999999988,0.8541049999999999,0.118595,-0.6501029,-0.5457466,-0.63783195,2.935083,-2.2892915923927424,-inf,-2.1189257528257817,-1.9444826721501711,-2.237208505025577,0.0051369863013698,0.0,0.0076045627376425,0.0113636363636363,0.0057915057915057
Prex2,0.0,0.31726,0.532497,0.574007,1.32904,-0.475567142302893,-0.478166547063412,-0.474824261501474,-0.471763187644848,3.45321471547852,-2.5903215880567236,-inf,-2.4199557484897687,-inf,-2.237208505025577,0.0025684931506849,0.0,0.0038022813688212,0.0,0.0057915057915057
Slc4a4,0.4667250000000001,0.0,0.06483000000000011,0.09602500000000008,0.9377300000000002,0.197244462345327,-0.404211708484802,-0.399522133074923,-0.398113253649247,2.7879120973963,-3.368472838440384,-1.806179973983887,-inf,-inf,-1.0515719280636588,0.0004280821917808,0.015625,0.0,0.0,0.0888030888030888
Prkca,0.1689299999999998,0.0,0.4208299999999998,0.68313,0.63693,-1.061695,-0.4061551,0.3430772,0.623318585,0.7133333,-2.414230329001048,-1.806179973983887,-2.4199557484897687,-1.9444826721501711,-2.237208505025577,0.0038527397260273,0.015625,0.0038022813688212,0.0113636363636363,0.0057915057915057
Lsamp,0.36733500000000013,0.0,0.8363049999999999,1.255605,0.7940050000000001,-0.05197587,-0.6968919,0.3178841,1.1604305,1.166082,-1.988261596728757,-inf,-0.8401721518729478,-1.1663314217665255,-1.182850842702978,0.0102739726027397,0.0,0.1444866920152091,0.0681818181818181,0.0656370656370656
Shisa9,0.0,0.23723000000000016,0.11865500000000007,0.5378650000000001,0.44066000000000005,-0.5193184,-0.5214362,-0.5196021,0.5450956,1.220185,-2.523374798426113,-1.505149978319906,-2.4199557484897687,-1.6434526764861879,-1.392110465011314,0.0029965753424657,0.03125,0.0038022813688212,0.0227272727272727,0.0405405405405405
Grin2b,0.0,0.5105599999999999,0.50512,1.02667,0.84841,-0.583128707190802,-0.59714107219198,-0.0109476520467095,2.125544138416035,1.07919096305504,-2.254529486133532,-2.1072099696478683,-2.4199557484897687,-inf,-2.112269768417272,0.0055650684931506,0.0078125,0.0038022813688212,0.0,0.0077220077220077
Trpm3,0.33230499999999996,0.0,0.5804949999999999,0.323055,0.7941949999999999,-0.1856317,-0.519201,-0.3052759,-0.36674755,0.3396009,-3.067442842776403,-inf,-2.1189257528257817,-inf,-2.4132997640812586,0.0008561643835616,0.0,0.0076045627376425,0.0,0.0038610038610038
Sox6,0.0,0.4939650000000001,0.35729999999999995,0.20516999999999996,0.84916,-0.46519017675796,-0.450927376788208,-0.47923077063652,-0.475535634537014,0.824663591505451,-2.8913515837207218,-2.1072099696478683,-2.4199557484897687,-inf,-2.71432975974524,0.0012842465753424,0.0078125,0.0038022813688212,0.0,0.0019305019305019
Xylt1,0.0,0.6860900000000001,0.4012299999999999,0.21154499999999998,0.9569400000000001,-0.441238956302581,-0.309634599220904,-0.433530247238537,-0.414973609791385,0.507376377287462,-2.254529486133532,-1.0658172844896434,-2.4199557484897687,-1.9444826721501711,-1.033088522369646,0.0055650684931506,0.0859375,0.0038022813688212,0.0113636363636363,0.0926640926640926
Sema6d,0.0,0.206492,0.41536700000000004,0.404687,1.087837,-0.493592599098581,-0.591894205785422,-0.501982263006636,-0.4812374420147735,1.74950755658181,-2.5903215880567236,-inf,-2.4199557484897687,-inf,-2.71432975974524,0.0025684931506849,0.0,0.0038022813688212,0.0,0.0019305019305019
Slc39a11,0.0,0.07098000000000004,0.15601999999999994,0.19252000000000014,0.51652,-0.7392182,-0.6041242,-0.798645,-0.640233,0.57046,-2.523374798426113,-2.1072099696478683,-inf,-inf,-inf,0.0029965753424657,0.0078125,0.0,0.0,0.0
A330093E20Rik,0.0,0.46211499999999994,0.44728999999999997,0.567,0.98485,-0.3132483,-0.2716968,-0.2816037,-0.24167335,1.186789,-1.988261596728757,-2.1072099696478683,-2.1189257528257817,-inf,-2.4132997640812586,0.0102739726027397,0.0078125,0.0076045627376425,0.0,0.0038610038610038
Rgl1,0.09414,0.20560500000000004,0.26863499999999996,0.0,0.6220699999999999,-0.982790152812782,-0.957759649456341,-0.793486780881218,-0.702730725266686,1.47962268236247,-2.1643528557844403,-1.806179973983887,-inf,-1.6434526764861879,-1.2671717284030142,0.0068493150684931,0.015625,0.0,0.0227272727272727,0.054054054054054
Cep112,0.08640000000000003,0.023214999999999986,0.10788000000000009,0.0,0.59562,-1.150066,-0.6024252,-1.253567,-0.95548505,0.6365064,-3.067442842776403,-inf,-2.4199557484897687,-inf,-2.71432975974524,0.0008561643835616,0.0,0.0038022813688212,0.0,0.0019305019305019
Kcnn2,0.0,0.35680499999999993,0.56273,0.7018849999999999,1.0266250000000001,-0.4369034,-0.4487368,0.107284,0.04607505,2.038182,-3.067442842776403,-1.505149978319906,-2.1189257528257817,-1.9444826721501711,-1.1958158198673456,0.0008561643835616,0.03125,0.0076045627376425,0.0113636363636363,0.0637065637065637
Rnf220,0.0,0.006999999999999895,0.43005000000000004,0.5442,0.08419999999999983,-0.336913587429761,-0.359770073958071,-0.317564674134285,-0.323442661479064,-0.343599786724723,-2.5903215880567236,-2.1072099696478683,-2.4199557484897687,-inf,-inf,0.0025684931506849,0.0078125,0.0038022813688212,0.0,0.0
Fras1,0.0,0.7009299999999999,0.2267799999999999,0.10539499999999999,0.12869,-0.281598844843546,0.13323463665463,-0.282298754498378,-0.281258954526366,-0.249840668546108,-3.067442842776403,-1.806179973983887,-inf,-inf,-inf,0.0008561643835616,0.015625,0.0,0.0,0.0
Rptor,0.3042,0.0,0.33555,0.4238000000000002,0.06805000000000017,0.3969119,-0.7206242,0.09389786,-0.054510062,-0.3930576,-3.067442842776403,-inf,-2.4199557484897687,-inf,-2.71432975974524,0.0008561643835616,0.0,0.0038022813688212,0.0,0.0019305019305019
Oca2,0.06266999999999989,0.07563999999999999,0.04866999999999999,0.6671499999999999,0.0,-0.27571632221117,-0.278965432950035,-0.277241824965461,-0.2586317490129025,-0.277071692386932,-2.4653828514484277,-2.1072099696478683,-1.9428344937700983,-inf,-inf,0.0034246575342465,0.0078125,0.0114068441064638,0.0,0.0
Elmo1,0.0,1.067905,0.43185999999999997,0.5589250000000001,0.0866599999999999,-0.5234648,0.5876454,-0.2919891,-0.1845952,-0.694061,-1.906074840541407,-0.5051499783199059,-0.6956798788889689,-0.6434526764861875,-2.4132997640812586,0.0124143835616438,0.3125,0.2015209125475285,0.2272727272727272,0.0038610038610038
Pakap,0.0,0.63521,0.19766,0.49576,0.315755,-0.628001647035135,-0.145075791445563,-0.495319777388691,-0.184238738280037,-0.593175483724266,-2.254529486133532,-2.1072099696478683,-inf,-1.6434526764861879,-2.237208505025577,0.0055650684931506,0.0078125,0.0,0.0227272727272727,0.0057915057915057
Bank1,0.0,0.22025000000000008,0.08782000000000009,0.06063500000000002,0.0842200000000001,-0.281865640015301,-0.235778862823518,-0.284617614068994,-0.2814461437669395,-0.281176424306554,-2.327080153282141,-inf,-inf,-inf,-2.71432975974524,0.004708904109589,0.0,0.0,0.0,0.0019305019305019
Ano4,0.0,1.1306600000000002,0.33119,0.3809599999999999,0.69915,-0.693596064392583,-0.0908150431733906,-0.593338021106541,-0.1502731730866027,-0.136779919546464,-2.5903215880567236,-1.3290587192642247,-2.4199557484897687,-1.9444826721501711,-2.4132997640812586,0.0025684931506849,0.046875,0.0038022813688212,0.0113636363636363,0.0038610038610038
Pdzrn4,0.0,0.84699,0.4747500000000001,0.4605,0.90739,-0.4485655,0.01848546,-0.4500571,-0.3827061499999999,-0.1737207,-2.414230329001048,-1.630088714928206,-inf,-1.9444826721501711,-2.71432975974524,0.0038527397260273,0.0234375,0.0,0.0113636363636363,0.0019305019305019
Ptprd,0.366465,0.08592,0.0,0.3679599999999999,0.5336599999999999,0.488868567592717,-0.618648540271919,-0.604879830399704,-0.1493322957096304,0.121399026224333,-2.766412847112422,-inf,-2.4199557484897687,-inf,-2.71432975974524,0.0017123287671232,0.0,0.0038022813688212,0.0,0.0019305019305019
Ptpro,0.0,0.18209999999999998,0.04335,0.30462,0.39591,-0.556001690418588,-0.560990474237559,-0.554525471602765,-0.1314659206727068,-0.239882902961067,,,,,,,,,,
Agbl4,0.023558999999999997,0.48551999999999995,0.71935,0.48719,0.0,-0.552229823439427,-0.157963635325432,-0.138545538225428,-0.0672454794476565,-0.329917372758603,-1.745223548042462,-1.806179973983887,-1.8178957571617975,-1.9444826721501711,-2.4132997640812586,0.0179794520547945,0.015625,0.0152091254752851,0.0113636363636363,0.0038610038610038
Adam12,0.0,0.38443000000000005,0.4726299999999999,0.31167999999999996,0.18788000000000005,-0.338616888032516,-0.162849743037882,-0.0096983123655545,-0.2488956055151415,-0.33760414603965,-3.067442842776403,-inf,-2.4199557484897687,-inf,-inf,0.0008561643835616,0.0,0.0038022813688212,0.0,0.0
Ap3b1,0.0,0.6224719999999999,0.467732,0.5284519999999999,0.856862,-0.986615,-0.6901836,-0.7333452,-0.41290185,-0.09155795,-2.5903215880567236,-2.1072099696478683,-inf,-inf,-inf,0.0025684931506849,0.0078125,0.0,0.0,0.0
Tmtc1,0.0,1.3052350000000001,0.602395,0.5045499999999999,0.594425,-0.656446889279149,0.406191695855639,-0.54144418079924,-0.3879297902681055,-0.470565925536106,-3.368472838440384,-1.0280287236002434,-2.4199557484897687,-inf,-2.237208505025577,0.0004280821917808,0.09375,0.0038022813688212,0.0,0.0057915057915057
Cdh2,0.0,0.457805,0.9834,0.91702,0.289385,-0.1526703,0.1655245,0.7687202,0.49967295,-0.1080582,-3.067442842776403,-1.1529674602085436,-2.4199557484897687,-1.9444826721501711,-2.71432975974524,0.0008561643835616,0.0703125,0.0038022813688212,0.0113636363636363,0.0019305019305019
Dscaml1,0.11294999999999988,0.0,0.5876999999999999,0.5335999999999999,0.04384999999999972,-0.3309982,-0.7275294,0.921801,0.5244449499999999,-0.73009,-1.9213148070981432,-2.1072099696478683,-1.4199557484897583,-1.9444826721501711,-2.71432975974524,0.011986301369863,0.0078125,0.0380228136882129,0.0113636363636363,0.0019305019305019
Tmtc2,0.0,0.1351835000000001,0.9077035000000001,1.0819535,0.028493499999999998,-0.0398305402618401,-0.78170124293035,1.0563080305653,0.906594544118157,-0.0764103169981722,-2.113200333337061,-1.4082399653118496,-0.9285940546554855,-0.830539319843332,-1.8112397727532907,0.0077054794520547,0.0390625,0.11787072243346,0.1477272727272727,0.0154440154440154
Grm5,0.0,0.5504,0.429471,0.9070199999999999,0.3414595,-0.466667945303325,-0.308456178930324,-0.454800999989995,0.9617789867742764,-0.460560188936919,-2.5903215880567236,-inf,-2.1189257528257817,-1.6434526764861879,-inf,0.0025684931506849,0.0,0.0076045627376425,0.0227272727272727,0.0
Fmn1,0.0,0.29668499999999987,0.80696,0.4577799999999999,0.27520999999999995,-0.489110080653986,-1.03334768555213,1.46536255807206,0.55011369351186,-0.993494587665658,-2.8913515837207218,-inf,-inf,-inf,-inf,0.0012842465753424,0.0,0.0,0.0,0.0
Grm8,0.0,0.07996199999999999,1.00846,0.3773049999999999,0.10925299999999999,-0.462028527779195,-0.464655457420072,0.911368217291733,-0.4570597901148195,-0.465265170305816,-2.2892915923927424,-1.806179973983887,-1.516865761497815,-inf,-inf,0.0051369863013698,0.015625,0.0304182509505703,0.0,0.0
Itgbl1,0.8803850000000001,0.5249100000000002,0.332205,0.39691500000000013,0.0,0.06500481,0.1297155,-0.1457337,0.0852233535,-0.5443731,-1.988261596728757,-inf,-inf,-inf,-2.237208505025577,0.0102739726027397,0.0,0.0,0.0,0.0057915057915057
Myo3b,0.0,0.6768000000000001,1.0380200000000002,0.9003200000000002,0.5549800000000001,-0.346634257181092,-0.0337139992257711,0.531766172669203,0.4139719806413759,-0.313515145951782,-2.5903215880567236,-inf,-2.4199557484897687,-inf,-2.71432975974524,0.0025684931506849,0.0,0.0038022813688212,0.0,0.0019305019305019
Slc4a10,0.0121,1.10269,0.89189,0.6502,0.0,-0.108904147400148,0.271966155859057,0.40248492692607,0.3341566962782695,-0.516198896290335,-inf,-inf,-inf,-inf,-2.4132997640812586,0.0,0.0,0.0,0.0,0.0038610038610038
Pbx3,0.0,0.22428000000000003,0.5941799999999999,0.47113000000000005,0.16073000000000004,-0.993470078575152,-0.071061851437307,0.386348304910218,-0.0124465963741005,0.0533245713063527,-inf,-2.1072099696478683,-inf,-inf,-2.71432975974524,0.0,0.0078125,0.0,0.0,0.0019305019305019
Slc24a2,0.0,0.562911,1.162211,0.664436,0.2614709999999999,-0.512849094389867,-0.346646249760666,1.07034920777962,0.2800478183010568,-0.524364836816948,-2.766412847112422,-1.806179973983887,-2.1189257528257817,-inf,-inf,0.0017123287671232,0.015625,0.0076045627376425,0.0,0.0
Sgcd,0.0,0.15884349999999997,0.5628785000000001,0.45163849999999994,0.5495185,-0.4946389,-0.4939652,0.5760601,-0.24142955,0.2234911,-2.2223448027621244,-1.806179973983887,-2.4199557484897687,-1.9444826721501711,-2.71432975974524,0.0059931506849315,0.015625,0.0038022813688212,0.0113636363636363,0.0019305019305019
Rnf150,0.1318399999999999,0.10368,1.1566699999999999,0.91442,0.0,-0.110043413464037,-0.271303024544883,0.282905581852929,0.1587956599981015,-0.649173666234485,-1.9534994904695466,-1.4082399653118496,-1.516865761497815,-1.9444826721501711,-inf,0.0111301369863013,0.0390625,0.0304182509505703,0.0113636363636363,0.0
Tln2,0.0,0.1535000000000002,0.6540000000000001,0.3999999999999999,0.1757000000000002,-0.9678281,-0.4494326,0.2015968,0.29614019,-0.9026388,-2.8913515837207218,-1.630088714928206,-2.1189257528257817,-inf,-inf,0.0012842465753424,0.0234375,0.0076045627376425,0.0,0.0
Lrrtm4,0.0,0.482921,0.5781299999999999,0.51298,0.3053,-0.523701392635677,0.225154484791921,0.268652495967254,0.4605004713024515,-0.554952818751876,-3.067442842776403,-inf,-inf,-inf,-2.71432975974524,0.0008561643835616,0.0,0.0,0.0,0.0019305019305019
