200kb name,category,MLI1_mean,MLI2-PLI_mean,gene,chrom,chrom_id,group,log2FC_M2M
chr1-g76,MLI2-PLI,0.9827234738544259,4.474999491809343,Kcnb2,chr1,1,76,-2.1870300961735243
chr1-g77,MLI2-PLI,0.9827234738544259,4.474999491809343,Kcnb2,chr1,1,77,-2.1870300961735243
chr1-g78,MLI2-PLI,0.9827234738544259,4.474999491809343,Kcnb2,chr1,1,78,-2.1870300961735243
chr1-g254,MLI1,7.378131133968077,2.5501512897372933,Tmeff2,chr1,1,254,1.532672592112728
chr1-g255,MLI1,7.378131133968077,2.5501512897372933,Tmeff2,chr1,1,255,1.532672592112728
chr1-g313,MLI1,1.9689157592886133,0.12842968093516174,Nrp2,chr1,1,313,3.9383508240558593
chr1-g314,MLI1,1.9689157592886133,0.12842968093516174,Nrp2,chr1,1,314,3.9383508240558593
chr1-g317,MLI2-PLI,1.5560005680910922,3.8942677918018616,Adam23,chr1,1,317,-1.323509508263811
chr1-g340,MLI2-PLI,3.4654020094850435,15.194734770749156,Erbb4,chr1,1,340,-2.1324768630268025
chr1-g341,MLI2-PLI,3.4654020094850435,15.194734770749156,Erbb4,chr1,1,341,-2.1324768630268025
chr1-g342,MLI2-PLI,3.4654020094850435,15.194734770749156,Erbb4,chr1,1,342,-2.1324768630268025
chr1-g343,MLI2-PLI,3.4654020094850435,15.194734770749156,Erbb4,chr1,1,343,-2.1324768630268025
chr1-g344,MLI2-PLI,3.4654020094850435,15.194734770749156,Erbb4,chr1,1,344,-2.1324768630268025
chr1-g345,MLI2-PLI,3.4654020094850435,15.194734770749156,Erbb4,chr1,1,345,-2.1324768630268025
chr1-g362,MLI1,4.499352460948861,1.161968073853802,March4,chr1,1,362,1.9531469562900416
chr1-g436,MLI2-PLI,0.05,0.5453990192589087,Efhd1,chr1,1,436,-3.4473121059891847
chr1-g523,MLI2-PLI,1.7823554948323865,4.911067568632207,Cdh20,chr1,1,523,-1.4622515575572417
chr1-g524,MLI2-PLI,1.7823554948323865,4.911067568632207,Cdh20,chr1,1,524,-1.4622515575572417
chr1-g549,MLI2-PLI,3.6273298414104342,9.988798982417567,Cdh7,chr1,1,549,-1.4614032850987824
chr1-g550,MLI2-PLI,3.6273298414104342,9.988798982417567,Cdh7,chr1,1,550,-1.4614032850987824
chr1-g616,MLI1,2.5168298041330033,0.781673053572969,Dpp10,chr1,1,616,1.6869704502045217
chr1-g617,MLI1,2.5168298041330033,0.781673053572969,Dpp10,chr1,1,617,1.6869704502045217
chr1-g618,MLI1,2.5168298041330033,0.781673053572969,Dpp10,chr1,1,618,1.6869704502045217
chr1-g619,MLI1,2.5168298041330033,0.781673053572969,Dpp10,chr1,1,619,1.6869704502045217
chr1-g620,MLI1,2.5168298041330033,0.781673053572969,Dpp10,chr1,1,620,1.6869704502045217
chr1-g636,MLI1,21.56726327400895,5.853593803304708,Mgat5,chr1,1,636,1.881448578971225
chr1-g637,MLI1,21.56726327400895,5.853593803304708,Mgat5,chr1,1,637,1.881448578971225
chr1-g664,MLI1,5.883321252689012,2.6640162626856,Lrrn2,chr1,1,664,1.1430279258014535
chr1-g851,MLI1,23.391087290001476,8.009744933485113,Nos1ap,chr1,1,851,1.5461307176303078
chr1-g852,MLI1,23.391087290001476,8.009744933485113,Nos1ap,chr1,1,852,1.5461307176303078
chr1-g960,MLI2-PLI,0.2578890205439421,1.1696136568480464,Kcnh1,chr1,1,960,-2.1812098041988777
chr1-g961,MLI2-PLI,0.2578890205439421,1.1696136568480464,Kcnh1,chr1,1,961,-2.1812098041988777
chr1-g962,MLI2-PLI,0.2578890205439421,1.1696136568480464,Kcnh1,chr1,1,962,-2.1812098041988777
chr2-g25,MLI2-PLI,1.7409149022235595,3.3935683105966326,Optn,chr2,2,25,-0.9629573698052917
chr2-g26,MLI2-PLI,7.81384138646926,17.53879280129209,Camk1d,chr2,2,26,-1.166445574606672
chr2-g27,MLI2-PLI,7.81384138646926,17.53879280129209,Camk1d,chr2,2,27,-1.166445574606672
chr2-g28,MLI2-PLI,7.81384138646926,17.53879280129209,Camk1d,chr2,2,28,-1.166445574606672
chr2-g60,MLI2-PLI,1.6278769879683967,5.647424966294322,Itga8,chr2,2,60,-1.7946015124473136
chr2-g61,MLI2-PLI,1.6278769879683967,5.647424966294322,Itga8,chr2,2,61,-1.7946015124473136
chr2-g101,MLI1,48.477651659225074,7.817774899436121,Etl4,chr2,2,101,2.632489863678448
chr2-g102,MLI1,48.477651659225074,7.817774899436121,Etl4,chr2,2,102,2.632489863678448
chr2-g103,MLI1,48.477651659225074,7.817774899436121,Etl4,chr2,2,103,2.632489863678448
chr2-g104,MLI1,48.477651659225074,7.817774899436121,Etl4,chr2,2,104,2.632489863678448
chr2-g140,MLI2-PLI,0.36677837371899585,1.3942294952350283,Olfm1,chr2,2,140,-1.9264875723828387
chr2-g141,MLI2-PLI,0.36677837371899585,1.3942294952350283,Olfm1,chr2,2,141,-1.9264875723828387
chr2-g164,MLI2-PLI,0.44817532645235236,1.6561952632074644,Garnl3,chr2,2,164,-1.88573764371177
chr2-g165,MLI2-PLI,0.44817532645235236,1.6561952632074644,Garnl3,chr2,2,165,-1.88573764371177
chr2-g202,MLI1,82.93241459423416,30.705597482738725,Lrp1b,chr2,2,202,1.4334344213703536
chr2-g203,MLI1,82.93241459423416,30.705597482738725,Lrp1b,chr2,2,203,1.4334344213703536
chr2-g204,MLI1,82.93241459423416,30.705597482738725,Lrp1b,chr2,2,204,1.4334344213703536
chr2-g205,MLI1,82.93241459423416,30.705597482738725,Lrp1b,chr2,2,205,1.4334344213703536
chr2-g206,MLI1,82.93241459423416,30.705597482738725,Lrp1b,chr2,2,206,1.4334344213703536
chr2-g207,MLI1,82.93241459423416,30.705597482738725,Lrp1b,chr2,2,207,1.4334344213703536
chr2-g208,MLI1,82.93241459423416,30.705597482738725,Lrp1b,chr2,2,208,1.4334344213703536
chr2-g209,MLI1,82.93241459423416,30.705597482738725,Lrp1b,chr2,2,209,1.4334344213703536
chr2-g210,MLI1,82.93241459423416,30.705597482738725,Lrp1b,chr2,2,210,1.4334344213703536
chr2-g211,MLI1,82.93241459423416,30.705597482738725,Lrp1b,chr2,2,211,1.4334344213703536
chr2-g212,MLI1,82.93241459423416,30.705597482738725,Lrp1b,chr2,2,212,1.4334344213703536
chr2-g213,MLI1,82.93241459423416,30.705597482738725,Lrp1b,chr2,2,213,1.4334344213703536
chr2-g272,MLI1,21.662446445326026,8.82074734744376,Galnt13,chr2,2,272,1.2962233827221736
chr2-g273,MLI1,21.662446445326026,8.82074734744376,Galnt13,chr2,2,273,1.2962233827221736
chr2-g274,MLI1,21.662446445326026,8.82074734744376,Galnt13,chr2,2,274,1.2962233827221736
chr2-g275,MLI1,21.662446445326026,8.82074734744376,Galnt13,chr2,2,275,1.2962233827221736
chr2-g291,MLI2-PLI,0.21349381416759639,3.535412561393047,Acvr1c,chr2,2,291,-4.049612404202381
chr2-g313,MLI2-PLI,0.46920683804548025,4.048668679536205,Kcnh7,chr2,2,313,-3.1091516417974012
chr2-g314,MLI2-PLI,0.46920683804548025,4.048668679536205,Kcnh7,chr2,2,314,-3.1091516417974012
chr2-g315,MLI2-PLI,0.46920683804548025,4.048668679536205,Kcnh7,chr2,2,315,-3.1091516417974012
chr2-g459,MLI1,8.385338790024097,2.556477325173092,Dgkz,chr2,2,459,1.7137118436773147
chr2-g753,MLI2-PLI,0.6222090068782634,2.0863655576494904,Pygb,chr2,2,753,-1.7455207743533319
chr2-g754,MLI2-PLI,0.6222090068782634,2.0863655576494904,Pygb,chr2,2,754,-1.7455207743533319
chr2-g782,MLI2-PLI,0.6919514655312757,1.9694288867031755,Epb41l1,chr2,2,782,-1.509034570388222
chr2-g807,MLI2-PLI,3.842762666877798,43.60609166323128,Ptprt,chr2,2,807,-3.504313908132623
chr2-g808,MLI2-PLI,3.842762666877798,43.60609166323128,Ptprt,chr2,2,808,-3.504313908132623
chr2-g809,MLI2-PLI,3.842762666877798,43.60609166323128,Ptprt,chr2,2,809,-3.504313908132623
chr2-g810,MLI2-PLI,3.842762666877798,43.60609166323128,Ptprt,chr2,2,810,-3.504313908132623
chr2-g811,MLI2-PLI,3.842762666877798,43.60609166323128,Ptprt,chr2,2,811,-3.504313908132623
chr2-g812,MLI2-PLI,3.842762666877798,43.60609166323128,Ptprt,chr2,2,812,-3.504313908132623
chr2-g813,MLI2-PLI,3.842762666877798,43.60609166323128,Ptprt,chr2,2,813,-3.504313908132623
chr2-g825,MLI2-PLI,0.22217849332897965,25.1878454055305,Cdh22,chr2,2,825,-6.824864735541238
chr2-g826,MLI2-PLI,0.22217849332897965,25.1878454055305,Cdh22,chr2,2,826,-6.824864735541238
chr2-g897,MLI1,3.5545470267086974,1.216179726599373,Cdh4,chr2,2,897,1.5473092763947296
chr2-g898,MLI1,3.5545470267086974,1.216179726599373,Cdh4,chr2,2,898,1.5473092763947296
chr2-g899,MLI1,3.5545470267086974,1.216179726599373,Cdh4,chr2,2,899,1.5473092763947296
chr3-g88,MLI2-PLI,0.2915706448971436,1.787560984101652,Mir124.2hg,chr3,3,88,-2.6160750787607006
chr3-g89,MLI2-PLI,0.2915706448971436,1.787560984101652,Mir124.2hg,chr3,3,89,-2.6160750787607006
chr3-g90,MLI2-PLI,3.850620147516417,8.68659581570755,Cyp7b1,chr3,3,90,-1.1737000985050867
chr3-g91,MLI2-PLI,3.850620147516417,8.68659581570755,Cyp7b1,chr3,3,91,-1.1737000985050867
chr3-g164,MLI2-PLI,0.7291243070384548,8.543282127075587,Pex5l,chr3,3,164,-3.550553722663487
chr3-g165,MLI2-PLI,0.7291243070384548,8.543282127075587,Pex5l,chr3,3,165,-3.550553722663487
chr3-g311,MLI1,8.37335900928542,0.143638408318439,Arhgef26,chr3,3,311,5.8652930056946
chr3-g312,MLI1,8.37335900928542,0.143638408318439,Arhgef26,chr3,3,312,5.8652930056946
chr3-g318,MLI1,9.91768673129501,2.2518041334278864,Plch1,chr3,3,318,2.1389223115644307
chr3-g319,"MLI1,MLI1",14.349380324835433,4.461964280770754,"Plch1,Gmps",chr3,3,319,1.6852375661674042
chr3-g320,MLI1,4.431693593540424,2.2101601473428674,Gmps,chr3,3,320,1.0037072266474432
chr3-g380,MLI2-PLI,0.45716051244406847,2.7417036481932042,Fstl5,chr3,3,380,-2.5842999378169282
chr3-g381,MLI2-PLI,0.45716051244406847,2.7417036481932042,Fstl5,chr3,3,381,-2.5842999378169282
chr3-g382,MLI2-PLI,0.45716051244406847,2.7417036481932042,Fstl5,chr3,3,382,-2.5842999378169282
chr3-g383,MLI2-PLI,0.45716051244406847,2.7417036481932042,Fstl5,chr3,3,383,-2.5842999378169282
chr3-g507,MLI1,3.03926220329521,0.9752723498105778,Atp1a1,chr3,3,507,1.6398440842122466
chr3-g508,MLI1,3.03926220329521,0.9752723498105778,Atp1a1,chr3,3,508,1.6398440842122466
chr3-g520,MLI2-PLI,2.2207763576452884,6.913951812325693,Magi3,chr3,3,520,-1.6384464343882426
chr3-g521,MLI2-PLI,2.2207763576452884,6.913951812325693,Magi3,chr3,3,521,-1.6384464343882426
chr3-g527,MLI2-PLI,14.4702735836688,30.194941176693842,Kcnd3,chr3,3,527,-1.0612146638580955
chr3-g528,MLI2-PLI,14.4702735836688,30.194941176693842,Kcnd3,chr3,3,528,-1.0612146638580955
chr3-g613,MLI1,2.0385222088584216,0.37552134318861385,Pde5a,chr3,3,613,2.4405568620604012
chr3-g614,MLI1,2.0385222088584216,0.37552134318861385,Pde5a,chr3,3,614,2.4405568620604012
chr3-g616,MLI2-PLI,0.4772427716426546,1.8861383775859095,Sec24d,chr3,3,616,-1.9826402722835748
chr3-g617,MLI2-PLI,2.504136801449016,5.004007740000425,Ndst3,chr3,3,617,-0.9987706418928682
chr3-g618,MLI2-PLI,2.504136801449016,5.004007740000425,Ndst3,chr3,3,618,-0.9987706418928682
chr3-g720,MLI2-PLI,0.3509542023463072,8.522063013464322,Lmo4,chr3,3,720,-4.601848035159653
chr3-g721,MLI2-PLI,0.3509542023463072,8.522063013464322,Lmo4,chr3,3,721,-4.601848035159653
chr3-g762,MLI2-PLI,1.0886117117677898,5.072108394650979,Ak5,chr3,3,762,-2.2200961148381895
chr3-g763,MLI2-PLI,1.0886117117677898,5.072108394650979,Ak5,chr3,3,763,-2.2200961148381895
chr4-g144,MLI1,2.6838994039080863,0.917909135112441,Epha7,chr4,4,144,1.5479073466690056
chr4-g208,"MLI2-PLI,MLI2-PLI",1.4312396887191392,4.570390502121081,"Cntfr,Il11ra1",chr4,4,208,-1.6750521374888083
chr4-g230,MLI2-PLI,1.0330523319955733,6.142626991027076,Tmod1,chr4,4,230,-2.5719424392034913
chr4-g248,MLI2-PLI,5.633145689666559,36.37514444389251,Grin3a,chr4,4,248,-2.690940287405646
chr4-g249,MLI2-PLI,5.633145689666559,36.37514444389251,Grin3a,chr4,4,249,-2.690940287405646
chr4-g317,MLI1,9.66823891558965,1.745770024120265,Whrn,chr4,4,317,2.4693896038956162
chr4-g370,MLI1,15.839074948775005,7.282325309126309,Frmd3,chr4,4,370,1.1210169859632573
chr4-g371,MLI1,15.839074948775005,7.282325309126309,Frmd3,chr4,4,371,1.1210169859632573
chr4-g379,MLI2-PLI,2.088992239281653,11.441387079347132,Ptprd,chr4,4,379,-2.4533829278436547
chr4-g380,MLI2-PLI,2.088992239281653,11.441387079347132,Ptprd,chr4,4,380,-2.4533829278436547
chr4-g381,MLI2-PLI,2.088992239281653,11.441387079347132,Ptprd,chr4,4,381,-2.4533829278436547
chr4-g382,MLI2-PLI,2.088992239281653,11.441387079347132,Ptprd,chr4,4,382,-2.4533829278436547
chr4-g383,MLI2-PLI,2.088992239281653,11.441387079347132,Ptprd,chr4,4,383,-2.4533829278436547
chr4-g384,MLI2-PLI,2.088992239281653,11.441387079347132,Ptprd,chr4,4,384,-2.4533829278436547
chr4-g385,MLI2-PLI,2.088992239281653,11.441387079347132,Ptprd,chr4,4,385,-2.4533829278436547
chr4-g386,MLI2-PLI,2.088992239281653,11.441387079347132,Ptprd,chr4,4,386,-2.4533829278436547
chr4-g387,MLI2-PLI,2.088992239281653,11.441387079347132,Ptprd,chr4,4,387,-2.4533829278436547
chr4-g388,MLI2-PLI,2.088992239281653,11.441387079347132,Ptprd,chr4,4,388,-2.4533829278436547
chr4-g389,MLI2-PLI,2.088992239281653,11.441387079347132,Ptprd,chr4,4,389,-2.4533829278436547
chr4-g390,MLI2-PLI,2.088992239281653,11.441387079347132,Ptprd,chr4,4,390,-2.4533829278436547
chr4-g391,MLI2-PLI,2.088992239281653,11.441387079347132,Ptprd,chr4,4,391,-2.4533829278436547
chr4-g487,MLI1,4.140167109363963,1.0471486652063504,E130114P18Rik,chr4,4,487,1.9832227220243774
chr4-g539,MLI2-PLI,0.075743680171139,1.060896194505665,Lrp8os2,chr4,4,539,-3.8080141701768135
chr4-g651,MLI2-PLI,0.1355506229686919,1.3683301655939035,Serinc2,chr4,4,651,-3.335512732692618
chr4-g652,MLI2-PLI,2.994608263773314,7.247329676468835,Nkain1,chr4,4,652,-1.2750822322366164
chr4-g683,MLI1,9.898913888459099,1.9496351226751742,Ephb2,chr4,4,683,2.3440660944228626
chr4-g684,MLI1,9.898913888459099,1.9496351226751742,Ephb2,chr4,4,684,2.3440660944228626
chr4-g760,MLI2-PLI,0.06135035316197988,0.6328697304420491,Plekhg5,chr4,4,760,-3.3667650127899735
chr4-g776,MLI2-PLI,0.24871037892492337,2.7542487030256186,Gabrd,chr4,4,776,-3.469120218782241
chr5-g47,MLI1,11.148990909319494,3.4146230078609836,Grm3,chr5,5,47,1.707114926922601
chr5-g48,MLI1,11.148990909319494,3.4146230078609836,Grm3,chr5,5,48,1.707114926922601
chr5-g70,MLI1,7.137752591258256,2.300460537570162,Sema3e,chr5,5,70,1.6335471871099936
chr5-g71,MLI1,7.137752591258256,2.300460537570162,Sema3e,chr5,5,71,1.6335471871099936
chr5-g113,MLI1,23.24505198793515,9.160830233029229,Lhfpl3,chr5,5,113,1.3433733937093537
chr5-g114,MLI1,23.24505198793515,9.160830233029229,Lhfpl3,chr5,5,114,1.3433733937093537
chr5-g115,MLI1,23.24505198793515,9.160830233029229,Lhfpl3,chr5,5,115,1.3433733937093537
chr5-g116,MLI1,23.24505198793515,9.160830233029229,Lhfpl3,chr5,5,116,1.3433733937093537
chr5-g134,MLI2-PLI,30.98747864497485,135.2811784274454,Dpp6,chr5,5,134,-2.1262038549666955
chr5-g135,MLI2-PLI,30.98747864497485,135.2811784274454,Dpp6,chr5,5,135,-2.1262038549666955
chr5-g136,MLI2-PLI,30.98747864497485,135.2811784274454,Dpp6,chr5,5,136,-2.1262038549666955
chr5-g137,MLI2-PLI,30.98747864497485,135.2811784274454,Dpp6,chr5,5,137,-2.1262038549666955
chr5-g138,MLI2-PLI,30.98747864497485,135.2811784274454,Dpp6,chr5,5,138,-2.1262038549666955
chr5-g180,MLI2-PLI,0.1511948652266605,2.430557687237874,Sorcs2,chr5,5,180,-4.006806325971044
chr5-g181,MLI2-PLI,0.1511948652266605,2.430557687237874,Sorcs2,chr5,5,181,-4.006806325971044
chr5-g241,MLI1,189.92987589741,22.01860295025285,Kcnip4,chr5,5,241,3.10867201879619
chr5-g242,MLI1,189.92987589741,22.01860295025285,Kcnip4,chr5,5,242,3.10867201879619
chr5-g243,MLI1,189.92987589741,22.01860295025285,Kcnip4,chr5,5,243,3.10867201879619
chr5-g244,MLI1,189.92987589741,22.01860295025285,Kcnip4,chr5,5,244,3.10867201879619
chr5-g245,MLI1,189.92987589741,22.01860295025285,Kcnip4,chr5,5,245,3.10867201879619
chr5-g246,MLI1,189.92987589741,22.01860295025285,Kcnip4,chr5,5,246,3.10867201879619
chr5-g318,MLI1,10.098439472129598,4.089566949728836,Nwd2,chr5,5,318,1.304112380984359
chr5-g319,MLI1,10.098439472129598,4.089566949728836,Nwd2,chr5,5,319,1.304112380984359
chr5-g354,MLI1,1.748972379449809,0.0492378578381195,Gabra2,chr5,5,354,5.150595698810173
chr5-g355,MLI1,1.748972379449809,0.0492378578381195,Gabra2,chr5,5,355,5.150595698810173
chr5-g405,MLI1,109.78525365667623,8.344189659284567,Adgrl3,chr5,5,405,3.717768524518481
chr5-g406,MLI1,109.78525365667623,8.344189659284567,Adgrl3,chr5,5,406,3.717768524518481
chr5-g407,MLI1,109.78525365667623,8.344189659284567,Adgrl3,chr5,5,407,3.717768524518481
chr5-g408,MLI1,109.78525365667623,8.344189659284567,Adgrl3,chr5,5,408,3.717768524518481
chr5-g409,MLI1,109.78525365667623,8.344189659284567,Adgrl3,chr5,5,409,3.717768524518481
chr5-g463,MLI2-PLI,2.9343705398475346,6.9404407674932855,Shroom3,chr5,5,463,-1.2419762272222343
chr5-g464,MLI2-PLI,2.9343705398475346,6.9404407674932855,Shroom3,chr5,5,464,-1.2419762272222343
chr5-g489,MLI2-PLI,0.6651679935880656,2.416142446547618,Antxr2,chr5,5,489,-1.8609148568549976
chr5-g490,MLI2-PLI,0.6651679935880656,2.416142446547618,Antxr2,chr5,5,490,-1.8609148568549976
chr5-g496,MLI2-PLI,4.271424905127085,11.860753183938224,A930011G23Rik,chr5,5,496,-1.4734063030493194
chr5-g497,MLI2-PLI,4.271424905127085,11.860753183938224,A930011G23Rik,chr5,5,497,-1.4734063030493194
chr5-g498,MLI2-PLI,4.271424905127085,11.860753183938224,A930011G23Rik,chr5,5,498,-1.4734063030493194
chr5-g518,MLI1,2.826673259957732,0.9351535558713813,Aff1,chr5,5,518,1.5958299434630934
chr5-g519,MLI1,2.826673259957732,0.9351535558713813,Aff1,chr5,5,519,1.5958299434630934
chr5-g528,MLI1,3.9081574107322776,2.031741374269765,Lrrc8d,chr5,5,528,0.9437718072653235
chr5-g529,MLI1,3.9081574107322776,2.031741374269765,Lrrc8d,chr5,5,529,0.9437718072653235
chr5-g552,MLI2-PLI,1.3544073889271764,3.9596166146612237,Galnt9,chr5,5,552,-1.5476990008284184
chr5-g553,MLI2-PLI,1.3544073889271764,3.9596166146612237,Galnt9,chr5,5,553,-1.5476990008284184
chr5-g562,MLI2-PLI,0.23896689070587313,1.9155508783639188,Sez6l,chr5,5,562,-3.0028766960923003
chr5-g566,MLI2-PLI,0.22328902968919612,2.109630226657206,Sgsm1,chr5,5,566,-3.2400058696860166
chr5-g677,MLI2-PLI,0.4465967904707745,1.8788990313230196,Hip1,chr5,5,677,-2.0728427528030626
chr5-g742,MLI2-PLI,1.7198687714699745,3.50643756863526,Ubl3,chr5,5,742,-1.0277075520033345
chr5-g747,MLI2-PLI,0.08255388819231663,1.4298383672884332,Medag,chr5,5,747,-4.11437209393088
chr6-g30,MLI2-PLI,0.17866938678572727,2.0444568458409607,Slc25a13,chr6,6,30,-3.5163532416595613
chr6-g31,MLI2-PLI,0.17866938678572727,2.0444568458409607,Slc25a13,chr6,6,31,-3.5163532416595613
chr6-g44,MLI2-PLI,2.5490434937676616,145.29191288709464,Nxph1,chr6,6,44,-5.832854602977712
chr6-g45,MLI2-PLI,2.5490434937676616,145.29191288709464,Nxph1,chr6,6,45,-5.832854602977712
chr6-g46,MLI2-PLI,2.5490434937676616,145.29191288709464,Nxph1,chr6,6,46,-5.832854602977712
chr6-g91,MLI1,15.096116205633187,5.722503974231916,Cttnbp2,chr6,6,91,1.399458968718372
chr6-g92,MLI1,15.096116205633187,5.722503974231916,Cttnbp2,chr6,6,92,1.399458968718372
chr6-g106,MLI2-PLI,5.847580201777219,35.39375570845643,Kcnd2,chr6,6,106,-2.5975832084619705
chr6-g107,MLI2-PLI,5.847580201777219,35.39375570845643,Kcnd2,chr6,6,107,-2.5975832084619705
chr6-g108,MLI2-PLI,5.847580201777219,35.39375570845643,Kcnd2,chr6,6,108,-2.5975832084619705
chr6-g136,MLI1,28.834429249553928,0.622842222906646,Grm8,chr6,6,136,5.532781906628609
chr6-g137,MLI1,28.834429249553928,0.622842222906646,Grm8,chr6,6,137,5.532781906628609
chr6-g138,MLI1,28.834429249553928,0.622842222906646,Grm8,chr6,6,138,5.532781906628609
chr6-g139,MLI1,28.834429249553928,0.622842222906646,Grm8,chr6,6,139,5.532781906628609
chr6-g140,MLI1,28.834429249553928,0.622842222906646,Grm8,chr6,6,140,5.532781906628609
chr6-g160,MLI1,34.031824681160955,15.162977749726823,Plxna4,chr6,6,160,1.1663314042360404
chr6-g161,MLI1,34.031824681160955,15.162977749726823,Plxna4,chr6,6,161,1.1663314042360404
chr6-g162,MLI1,34.031824681160955,15.162977749726823,Plxna4,chr6,6,162,1.1663314042360404
chr6-g181,MLI2-PLI,0.051065866864831624,4.347140224929586,Chrm2,chr6,6,181,-6.411563527014984
chr6-g182,MLI2-PLI,0.051065866864831624,4.347140224929586,Chrm2,chr6,6,182,-6.411563527014984
chr6-g190,MLI1,2.621315679441496,0.6617241610888237,D630045J12Rik,chr6,6,190,1.9859892430254606
chr6-g191,MLI1,2.621315679441496,0.6617241610888237,D630045J12Rik,chr6,6,191,1.9859892430254606
chr6-g225,MLI2-PLI,21.66248552187939,49.137843582359054,Cntnap2,chr6,6,225,-1.1816357611576678
chr6-g226,MLI2-PLI,21.66248552187939,49.137843582359054,Cntnap2,chr6,6,226,-1.1816357611576678
chr6-g227,MLI2-PLI,21.66248552187939,49.137843582359054,Cntnap2,chr6,6,227,-1.1816357611576678
chr6-g228,MLI2-PLI,21.66248552187939,49.137843582359054,Cntnap2,chr6,6,228,-1.1816357611576678
chr6-g229,MLI2-PLI,21.66248552187939,49.137843582359054,Cntnap2,chr6,6,229,-1.1816357611576678
chr6-g230,MLI2-PLI,21.66248552187939,49.137843582359054,Cntnap2,chr6,6,230,-1.1816357611576678
chr6-g231,MLI2-PLI,21.66248552187939,49.137843582359054,Cntnap2,chr6,6,231,-1.1816357611576678
chr6-g232,MLI2-PLI,21.66248552187939,49.137843582359054,Cntnap2,chr6,6,232,-1.1816357611576678
chr6-g233,MLI2-PLI,21.66248552187939,49.137843582359054,Cntnap2,chr6,6,233,-1.1816357611576678
chr6-g234,MLI2-PLI,21.66248552187939,49.137843582359054,Cntnap2,chr6,6,234,-1.1816357611576678
chr6-g235,MLI2-PLI,21.66248552187939,49.137843582359054,Cntnap2,chr6,6,235,-1.1816357611576678
chr6-g236,MLI2-PLI,21.66248552187939,49.137843582359054,Cntnap2,chr6,6,236,-1.1816357611576678
chr6-g251,MLI2-PLI,2.0338022896042296,4.77038569105267,Osbpl3,chr6,6,251,-1.2299264760119617
chr6-g252,MLI2-PLI,2.0338022896042296,4.77038569105267,Osbpl3,chr6,6,252,-1.2299264760119617
chr6-g296,MLI2-PLI,0.088488924638739,2.7267261587031135,Gprin3,chr6,6,296,-4.945529112098729
chr6-g297,MLI2-PLI,0.088488924638739,2.7267261587031135,Gprin3,chr6,6,297,-4.945529112098729
chr6-g316,MLI1,481.75612947053713,107.55443118457048,Grid2,chr6,6,316,2.1632360580650234
chr6-g317,MLI1,481.75612947053713,107.55443118457048,Grid2,chr6,6,317,2.1632360580650234
chr6-g318,MLI1,481.75612947053713,107.55443118457048,Grid2,chr6,6,318,2.1632360580650234
chr6-g319,MLI1,481.75612947053713,107.55443118457048,Grid2,chr6,6,319,2.1632360580650234
chr6-g320,MLI1,481.75612947053713,107.55443118457048,Grid2,chr6,6,320,2.1632360580650234
chr6-g321,MLI1,481.75612947053713,107.55443118457048,Grid2,chr6,6,321,2.1632360580650234
chr6-g322,MLI1,481.75612947053713,107.55443118457048,Grid2,chr6,6,322,2.1632360580650234
chr6-g323,MLI1,481.75612947053713,107.55443118457048,Grid2,chr6,6,323,2.1632360580650234
chr6-g426,MLI1,5.157376048464645,2.069691386825649,Sfxn5,chr6,6,426,1.3172215805668215
chr6-g453,MLI1,13.384554698684802,5.031550917375507,Iqsec1,chr6,6,453,1.4114940738634174
chr6-g454,MLI1,13.384554698684802,5.031550917375507,Iqsec1,chr6,6,454,1.4114940738634174
chr6-g522,MLI2-PLI,9.38246651837055,32.4218080031147,Cntn6,chr6,6,522,-1.7889254031007618
chr6-g523,MLI2-PLI,9.38246651837055,32.4218080031147,Cntn6,chr6,6,523,-1.7889254031007618
chr6-g524,MLI2-PLI,9.38246651837055,32.4218080031147,Cntn6,chr6,6,524,-1.7889254031007618
chr6-g585,MLI1,1.061981418053437,0.05,Cxcl12,chr6,6,585,4.408686617793373
chr6-g624,MLI1,4.412476492076229,1.768325699140994,Ptms,chr6,6,624,1.3192045702492479
chr6-g639,MLI2-PLI,1.3874649326375241,6.5673189454894985,Tspan9,chr6,6,639,-2.242853213574359
chr6-g640,MLI2-PLI,1.3874649326375241,6.5673189454894985,Tspan9,chr6,6,640,-2.242853213574359
chr6-g678,MLI2-PLI,7.540675225378191,34.608852777083285,Grin2b,chr6,6,678,-2.1983754998001985
chr6-g679,MLI2-PLI,7.540675225378191,34.608852777083285,Grin2b,chr6,6,679,-2.1983754998001985
chr6-g680,MLI2-PLI,7.540675225378191,34.608852777083285,Grin2b,chr6,6,680,-2.1983754998001985
chr6-g686,MLI2-PLI,0.021876663126537875,1.0704239112615486,Ptpro,chr6,6,686,-5.612645739406788
chr6-g687,"MLI2-PLI,MLI2-PLI",0.6454480202540626,3.214786041252104,"Ptpro,Eps8",chr6,6,687,-2.3163499017493887
chr6-g688,MLI2-PLI,0.6235713571275247,2.1443621299905553,Eps8,chr6,6,688,-1.7819219955529526
chr7-g16,MLI1,9.410041315798631,0.7532178584263423,Prkcg,chr7,7,16,3.64306194621271
chr7-g231,MLI2-PLI,1.812528378941261,9.45520497506001,Kcnc1,chr7,7,231,-2.3831051503119
chr7-g232,MLI2-PLI,1.812528378941261,9.45520497506001,Kcnc1,chr7,7,232,-2.3831051503119
chr7-g244,MLI2-PLI,4.304852843643372,9.170639242511696,Nav2,chr7,7,244,-1.0910583792480395
chr7-g245,MLI2-PLI,4.304852843643372,9.170639242511696,Nav2,chr7,7,245,-1.0910583792480395
chr7-g246,MLI2-PLI,4.304852843643372,9.170639242511696,Nav2,chr7,7,246,-1.0910583792480395
chr7-g247,MLI2-PLI,4.304852843643372,9.170639242511696,Nav2,chr7,7,247,-1.0910583792480395
chr7-g248,MLI2-PLI,4.304852843643372,9.170639242511696,Nav2,chr7,7,248,-1.0910583792480395
chr7-g274,MLI2-PLI,18.952814530487274,98.98848215718638,Luzp2,chr7,7,274,-2.3848485622465705
chr7-g275,MLI2-PLI,18.952814530487274,98.98848215718638,Luzp2,chr7,7,275,-2.3848485622465705
chr7-g276,MLI2-PLI,18.952814530487274,98.98848215718638,Luzp2,chr7,7,276,-2.3848485622465705
chr7-g283,MLI2-PLI,0.3013056450923015,1.769526060072156,Gabrg3,chr7,7,283,-2.554063400885712
chr7-g284,MLI2-PLI,0.3013056450923015,1.769526060072156,Gabrg3,chr7,7,284,-2.554063400885712
chr7-g285,MLI2-PLI,0.3013056450923015,1.769526060072156,Gabrg3,chr7,7,285,-2.554063400885712
chr7-g286,MLI2-PLI,0.3013056450923015,1.769526060072156,Gabrg3,chr7,7,286,-2.554063400885712
chr7-g299,MLI2-PLI,1.186533650395382,4.935245671698509,Snrpn,chr7,7,299,-2.0563688861066356
chr7-g300,MLI2-PLI,1.186533650395382,4.935245671698509,Snrpn,chr7,7,300,-2.0563688861066356
chr7-g301,MLI2-PLI,1.186533650395382,4.935245671698509,Snrpn,chr7,7,301,-2.0563688861066356
chr7-g302,MLI2-PLI,1.186533650395382,4.935245671698509,Snrpn,chr7,7,302,-2.0563688861066356
chr7-g391,MLI2-PLI,0.330372130525081,1.2560536481499136,Ntrk3,chr7,7,391,-1.9267341910763442
chr7-g392,MLI2-PLI,0.330372130525081,1.2560536481499136,Ntrk3,chr7,7,392,-1.9267341910763442
chr7-g437,MLI2-PLI,0.6401018559686225,6.300322136928173,Grm5,chr7,7,437,-3.299052199028145
chr7-g438,MLI2-PLI,0.6401018559686225,6.300322136928173,Grm5,chr7,7,438,-3.299052199028145
chr7-g439,MLI2-PLI,0.6401018559686225,6.300322136928173,Grm5,chr7,7,439,-3.299052199028145
chr7-g440,MLI2-PLI,0.6401018559686225,6.300322136928173,Grm5,chr7,7,440,-3.299052199028145
chr7-g455,MLI2-PLI,36.01885648556923,81.3768948287484,Dlg2,chr7,7,455,-1.1758668514729687
chr7-g456,MLI2-PLI,36.01885648556923,81.3768948287484,Dlg2,chr7,7,456,-1.1758668514729687
chr7-g457,MLI2-PLI,36.01885648556923,81.3768948287484,Dlg2,chr7,7,457,-1.1758668514729687
chr7-g458,MLI2-PLI,36.01885648556923,81.3768948287484,Dlg2,chr7,7,458,-1.1758668514729687
chr7-g459,MLI2-PLI,36.01885648556923,81.3768948287484,Dlg2,chr7,7,459,-1.1758668514729687
chr7-g460,MLI2-PLI,36.01885648556923,81.3768948287484,Dlg2,chr7,7,460,-1.1758668514729687
chr7-g461,MLI2-PLI,36.01885648556923,81.3768948287484,Dlg2,chr7,7,461,-1.1758668514729687
chr7-g462,MLI2-PLI,36.01885648556923,81.3768948287484,Dlg2,chr7,7,462,-1.1758668514729687
chr7-g536,MLI1,4.573106754242613,1.9838736243587372,Syt9,chr7,7,536,1.204854470821931
chr7-g537,MLI1,4.573106754242613,1.9838736243587372,Syt9,chr7,7,537,1.204854470821931
chr7-g557,MLI1,25.723003520198564,0.9576251834130732,Galnt18,chr7,7,557,4.747454204634977
chr7-g558,MLI1,25.723003520198564,0.9576251834130732,Galnt18,chr7,7,558,4.747454204634977
chr7-g568,MLI2-PLI,1.2918608304397252,3.9299873311023124,Spon1,chr7,7,568,-1.605074001972379
chr7-g569,MLI2-PLI,1.2918608304397252,3.9299873311023124,Spon1,chr7,7,569,-1.605074001972379
chr7-g570,MLI2-PLI,1.2918608304397252,3.9299873311023124,Spon1,chr7,7,570,-1.605074001972379
chr7-g619,MLI2-PLI,0.32225498359407073,4.272773540167959,Hs3st4,chr7,7,619,-3.728898280454972
chr7-g620,MLI2-PLI,0.32225498359407073,4.272773540167959,Hs3st4,chr7,7,620,-3.728898280454972
chr7-g621,MLI2-PLI,0.32225498359407073,4.272773540167959,Hs3st4,chr7,7,621,-3.728898280454972
chr7-g646,MLI1,4.039226906901795,0.4984400026665369,Plpp4,chr7,7,646,3.0185874302354474
chr7-g669,MLI1,3.2787714711777403,1.1687527441264982,Adam12,chr7,7,669,1.4881855977498213
chr7-g670,MLI1,3.2787714711777403,1.1687527441264982,Adam12,chr7,7,670,1.4881855977498213
chr7-g671,MLI1,3.2787714711777403,1.1687527441264982,Adam12,chr7,7,671,1.4881855977498213
chr7-g677,MLI1,7.206118953264911,2.0553326141998993,Ptpre,chr7,7,677,1.8098505829562626
chr7-g678,MLI1,7.206118953264911,2.0553326141998993,Ptpre,chr7,7,678,1.8098505829562626
chr7-g720,MLI1,29.838539208632213,13.004940110525892,Shank2,chr7,7,720,1.198117152483393
chr7-g721,MLI1,29.838539208632213,13.004940110525892,Shank2,chr7,7,721,1.198117152483393
chr7-g722,MLI1,29.838539208632213,13.004940110525892,Shank2,chr7,7,722,1.198117152483393
chr8-g118,MLI2-PLI,0.10090235670815201,5.28602504056847,Zmat4,chr8,8,118,-5.711151483220889
chr8-g119,MLI2-PLI,0.10090235670815201,5.28602504056847,Zmat4,chr8,8,119,-5.711151483220889
chr8-g120,MLI2-PLI,0.10090235670815201,5.28602504056847,Zmat4,chr8,8,120,-5.711151483220889
chr8-g287,MLI1,6.111910693943268,1.4022602727820865,Galnt7,chr8,8,287,2.1238693110863034
chr8-g288,"MLI1,MLI2-PLI",7.259625772324899,6.070255690180147,"Galnt7,Galntl6",chr8,8,288,0.2581378937146892
chr8-g289,MLI2-PLI,1.1477150783816312,4.6679954173980605,Galntl6,chr8,8,289,-2.0240386090218605
chr8-g290,MLI2-PLI,1.1477150783816312,4.6679954173980605,Galntl6,chr8,8,290,-2.0240386090218605
chr8-g291,MLI2-PLI,1.1477150783816312,4.6679954173980605,Galntl6,chr8,8,291,-2.0240386090218605
chr8-g292,MLI2-PLI,1.1477150783816312,4.6679954173980605,Galntl6,chr8,8,292,-2.0240386090218605
chr8-g293,MLI2-PLI,1.1477150783816312,4.6679954173980605,Galntl6,chr8,8,293,-2.0240386090218605
chr8-g294,MLI2-PLI,1.1477150783816312,4.6679954173980605,Galntl6,chr8,8,294,-2.0240386090218605
chr8-g328,MLI2-PLI,0.6798642189938747,3.309001870617201,March1,chr8,8,328,-2.2830775589007217
chr8-g329,MLI2-PLI,0.6798642189938747,3.309001870617201,March1,chr8,8,329,-2.2830775589007217
chr8-g330,MLI2-PLI,0.6798642189938747,3.309001870617201,March1,chr8,8,330,-2.2830775589007217
chr8-g331,MLI2-PLI,0.6798642189938747,3.309001870617201,March1,chr8,8,331,-2.2830775589007217
chr8-g332,MLI2-PLI,0.6798642189938747,3.309001870617201,March1,chr8,8,332,-2.2830775589007217
chr8-g351,MLI1,3.386015192093885,0.8661012424464991,Homer3,chr8,8,351,1.9669808632176453
chr8-g545,MLI2-PLI,1.3019483315090714,5.974840718415515,D030068K23Rik,chr8,8,545,-2.1982280576650988
chr8-g546,MLI2-PLI,1.3019483315090714,5.974840718415515,D030068K23Rik,chr8,8,546,-2.1982280576650988
chr8-g599,MLI1,6.406404091148001,1.9147486488997316,Cotl1,chr8,8,599,1.7423597801354993
chr8-g621,MLI1,3.4305955012626916,1.868185060974966,Pgbd5,chr8,8,621,0.8768216545321222
chr8-g622,MLI1,3.4305955012626916,1.868185060974966,Pgbd5,chr8,8,622,0.8768216545321222
chr8-g641,MLI2-PLI,0.05,1.8590739222388015,Nrp1,chr8,8,641,-5.216512232076978
chr8-g642,MLI2-PLI,0.05,1.8590739222388015,Nrp1,chr8,8,642,-5.216512232076978
chr9-g108,MLI2-PLI,0.32616751334370375,1.4971918652796004,Kank2,chr9,9,108,-2.1985741145033577
chr9-g133,MLI1,1.1724657806449645,0.0586294571791215,B3gat1,chr9,9,133,4.321776307313915
chr9-g142,MLI2-PLI,4.4520453777247635,19.270017398839087,Opcml,chr9,9,142,-2.1138176716207138
chr9-g143,MLI2-PLI,4.4520453777247635,19.270017398839087,Opcml,chr9,9,143,-2.1138176716207138
chr9-g144,MLI2-PLI,4.4520453777247635,19.270017398839087,Opcml,chr9,9,144,-2.1138176716207138
chr9-g203,MLI1,24.92442235337255,4.986047288737963,Clmp,chr9,9,203,2.321591598378975
chr9-g212,MLI2-PLI,0.04126132010969263,1.841271340135665,Grik4,chr9,9,212,-5.479768456438515
chr9-g213,MLI2-PLI,0.04126132010969263,1.841271340135665,Grik4,chr9,9,213,-5.479768456438515
chr9-g214,MLI2-PLI,0.04126132010969263,1.841271340135665,Grik4,chr9,9,214,-5.479768456438515
chr9-g237,MLI2-PLI,4.112735789454965,43.47288723305764,Cadm1,chr9,9,237,-3.4019456165143716
chr9-g238,MLI2-PLI,4.112735789454965,43.47288723305764,Cadm1,chr9,9,238,-3.4019456165143716
chr9-g239,MLI2-PLI,4.112735789454965,43.47288723305764,Cadm1,chr9,9,239,-3.4019456165143716
chr9-g276,MLI2-PLI,0.8255570991885129,2.262727184708398,Tmem266,chr9,9,276,-1.4546227435626844
chr9-g277,MLI2-PLI,0.8255570991885129,2.262727184708398,Tmem266,chr9,9,277,-1.4546227435626844
chr9-g294,MLI1,8.716742780241356,3.75612389531665,Neo1,chr9,9,294,1.2145444872298776
chr9-g295,MLI1,8.716742780241356,3.75612389531665,Neo1,chr9,9,295,1.2145444872298776
chr9-g302,MLI1,3.2186192139823575,1.3499464308847062,Lrrc49,chr9,9,302,1.2535397468058815
chr9-g303,MLI1,3.2186192139823575,1.3499464308847062,Lrrc49,chr9,9,303,1.2535397468058815
chr9-g310,MLI1,7.203843028832147,3.4776930546535825,Glce,chr9,9,310,1.0506361411017278
chr9-g321,MLI1,20.115493399374376,1.5945167383714145,Megf11,chr9,9,321,3.657115977879511
chr9-g322,MLI1,20.115493399374376,1.5945167383714145,Megf11,chr9,9,322,3.657115977879511
chr9-g323,MLI1,20.115493399374376,1.5945167383714145,Megf11,chr9,9,323,3.657115977879511
chr9-g487,MLI2-PLI,0.3475588713125257,1.737884590494266,Clstn2,chr9,9,487,-2.322003004018905
chr9-g488,MLI2-PLI,0.3475588713125257,1.737884590494266,Clstn2,chr9,9,488,-2.322003004018905
chr9-g489,MLI2-PLI,0.3475588713125257,1.737884590494266,Clstn2,chr9,9,489,-2.322003004018905
chr9-g490,MLI2-PLI,0.3475588713125257,1.737884590494266,Clstn2,chr9,9,490,-2.322003004018905
chr9-g509,MLI2-PLI,1.5205179404815077,6.097757807493829,Ephb1,chr9,9,509,-2.003716011383313
chr9-g510,MLI2-PLI,1.5205179404815077,6.097757807493829,Ephb1,chr9,9,510,-2.003716011383313
chr9-g511,MLI2-PLI,1.5205179404815077,6.097757807493829,Ephb1,chr9,9,511,-2.003716011383313
chr9-g536,MLI2-PLI,2.02589030031984,9.254399418994424,Cacna2d2,chr9,9,536,-2.19158331088609
chr9-g537,MLI2-PLI,2.02589030031984,9.254399418994424,Cacna2d2,chr9,9,537,-2.19158331088609
chr9-g601,MLI1,6.8840294489437115,1.2084322925581454,Myrip,chr9,9,601,2.5101166266629997
chr9-g602,MLI1,6.8840294489437115,1.2084322925581454,Myrip,chr9,9,602,2.5101166266629997
chr10-g16,MLI2-PLI,0.268908287673507,1.4117007450267298,Ppp1r14c,chr10,10,16,-2.392248171375933
chr10-g17,MLI2-PLI,0.268908287673507,1.4117007450267298,Ppp1r14c,chr10,10,17,-2.392248171375933
chr10-g18,MLI2-PLI,0.12791094978709025,1.5243641226289406,Plekhg1,chr10,10,18,-3.5749958822594783
chr10-g19,MLI2-PLI,0.12791094978709025,1.5243641226289406,Plekhg1,chr10,10,19,-3.5749958822594783
chr10-g43,MLI2-PLI,0.10867028226363712,1.983232567343088,Sash1,chr10,10,43,-4.189824497797604
chr10-g44,MLI2-PLI,0.10867028226363712,1.983232567343088,Sash1,chr10,10,44,-4.189824497797604
chr10-g48,MLI2-PLI,0.1918832874902741,2.9307353880275557,Samd5,chr10,10,48,-3.932961747679242
chr10-g99,MLI2-PLI,1.6137580912853642,4.8880068720931575,Map3k5,chr10,10,99,-1.5988219843199134
chr10-g100,MLI2-PLI,1.6137580912853642,4.8880068720931575,Map3k5,chr10,10,100,-1.5988219843199134
chr10-g140,MLI1,39.55077294272222,1.2375903861244384,Ptprk,chr10,10,140,4.998100089752579
chr10-g141,MLI1,39.55077294272222,1.2375903861244384,Ptprk,chr10,10,141,4.998100089752579
chr10-g142,MLI1,39.55077294272222,1.2375903861244384,Ptprk,chr10,10,142,4.998100089752579
chr10-g205,MLI2-PLI,0.9154596868130984,2.3653141589976765,Fig4,chr10,10,205,-1.3694635518001588
chr10-g206,MLI2-PLI,0.9154596868130984,2.3653141589976765,Fig4,chr10,10,206,-1.3694635518001588
chr10-g210,MLI2-PLI,2.5398380904985163,5.593714095938322,Foxo3,chr10,10,210,-1.1390699860870999
chr10-g211,MLI2-PLI,2.5398380904985163,5.593714095938322,Foxo3,chr10,10,211,-1.1390699860870999
chr10-g245,MLI2-PLI,1.764781050965765,11.682960894287712,Grik2,chr10,10,245,-2.726844842280701
chr10-g246,MLI2-PLI,1.764781050965765,11.682960894287712,Grik2,chr10,10,246,-2.726844842280701
chr10-g247,MLI2-PLI,1.764781050965765,11.682960894287712,Grik2,chr10,10,247,-2.726844842280701
chr10-g248,MLI2-PLI,1.764781050965765,11.682960894287712,Grik2,chr10,10,248,-2.726844842280701
chr10-g263,MLI2-PLI,0.7321434756839278,2.8743184565732856,Slc35f1,chr10,10,263,-1.973021610869298
chr10-g264,MLI2-PLI,0.7321434756839278,2.8743184565732856,Slc35f1,chr10,10,264,-1.973021610869298
chr10-g265,MLI2-PLI,0.7321434756839278,2.8743184565732856,Slc35f1,chr10,10,265,-1.973021610869298
chr10-g317,MLI2-PLI,1.632782690295205,5.506377891631856,Ctnna3,chr10,10,317,-1.753770829542219
chr10-g318,MLI2-PLI,1.632782690295205,5.506377891631856,Ctnna3,chr10,10,318,-1.753770829542219
chr10-g319,"MLI2-PLI,MLI2-PLI",1.9362742020117398,8.62749435988654,"Ctnna3,Lrrtm3",chr10,10,319,-2.1556583537571057
chr10-g320,"MLI2-PLI,MLI2-PLI",1.9362742020117398,8.62749435988654,"Ctnna3,Lrrtm3",chr10,10,320,-2.1556583537571057
chr10-g321,MLI2-PLI,1.632782690295205,5.506377891631856,Ctnna3,chr10,10,321,-1.753770829542219
chr10-g322,MLI2-PLI,1.632782690295205,5.506377891631856,Ctnna3,chr10,10,322,-1.753770829542219
chr10-g323,MLI2-PLI,1.632782690295205,5.506377891631856,Ctnna3,chr10,10,323,-1.753770829542219
chr10-g324,MLI2-PLI,1.632782690295205,5.506377891631856,Ctnna3,chr10,10,324,-1.753770829542219
chr10-g325,MLI2-PLI,1.632782690295205,5.506377891631856,Ctnna3,chr10,10,325,-1.753770829542219
chr10-g369,MLI2-PLI,2.369299583616617,14.19236324991142,Pcdh15,chr10,10,369,-2.5825823053395416
chr10-g370,MLI2-PLI,2.369299583616617,14.19236324991142,Pcdh15,chr10,10,370,-2.5825823053395416
chr10-g371,MLI2-PLI,2.369299583616617,14.19236324991142,Pcdh15,chr10,10,371,-2.5825823053395416
chr10-g372,MLI2-PLI,2.369299583616617,14.19236324991142,Pcdh15,chr10,10,372,-2.5825823053395416
chr10-g373,MLI2-PLI,2.369299583616617,14.19236324991142,Pcdh15,chr10,10,373,-2.5825823053395416
chr10-g407,MLI2-PLI,0.044426454349276875,0.803172320411857,Tle2,chr10,10,407,-4.176218640434286
chr10-g444,MLI2-PLI,1.8304813548610825,5.628422625976419,Ano4,chr10,10,444,-1.6205075829258406
chr10-g445,MLI2-PLI,1.8304813548610825,5.628422625976419,Ano4,chr10,10,445,-1.6205075829258406
chr10-g446,MLI2-PLI,1.8304813548610825,5.628422625976419,Ano4,chr10,10,446,-1.6205075829258406
chr10-g460,MLI2-PLI,6.928366996862905,18.91341030348218,Rmst,chr10,10,460,-1.448822264084383
chr10-g468,MLI1,2.9717431635195766,0.34377911641683245,Ntn4,chr10,10,468,3.111755621553081
chr10-g473,MLI1,3.872456497900203,1.8874282386792116,Plxnc1,chr10,10,473,1.0368272390488782
chr10-g474,MLI1,3.872456497900203,1.8874282386792116,Plxnc1,chr10,10,474,1.0368272390488782
chr10-g477,MLI1,18.260363379575665,2.8786041196859,Socs2,chr10,10,477,2.665274174229719
chr10-g548,MLI2-PLI,1.0501813308599721,3.6683209803497534,Nav3,chr10,10,548,-1.8044814270370078
chr10-g549,MLI2-PLI,1.0501813308599721,3.6683209803497534,Nav3,chr10,10,549,-1.8044814270370078
chr10-g550,MLI2-PLI,1.0501813308599721,3.6683209803497534,Nav3,chr10,10,550,-1.8044814270370078
chr10-g606,MLI1,3.906796479294536,1.5147380632429306,Tbc1d30,chr10,10,606,1.3669177651241586
chr11-g17,"MLI2-PLI,MLI2-PLI",2.181661032281779,8.62172100457025,"Pla2g3,Inpp5j",chr11,11,17,-1.982548912707485
chr11-g35,MLI1,3.3257849125842647,1.4797558577503207,Adcy1,chr11,11,35,1.1683357008551523
chr11-g141,MLI1,2.5870938849465124,0.7465239873028425,Ccdc85a,chr11,11,141,1.7930718871077331
chr11-g142,MLI1,2.5870938849465124,0.7465239873028425,Ccdc85a,chr11,11,142,1.7930718871077331
chr11-g229,MLI1,2.75146899756041,0.6106422769962986,Lsm11,chr11,11,229,2.171802691889932
chr11-g234,MLI1,43.13149112904476,10.451957969003834,Sgcd,chr11,11,234,2.044968365158708
chr11-g235,MLI1,43.13149112904476,10.451957969003834,Sgcd,chr11,11,235,2.044968365158708
chr11-g236,MLI1,43.13149112904476,10.451957969003834,Sgcd,chr11,11,236,2.044968365158708
chr11-g269,MLI2-PLI,0.059806942797552755,1.4269600643181644,Slc22a4,chr11,11,269,-4.576488177085318
chr11-g270,MLI2-PLI,0.059806942797552755,1.4269600643181644,Slc22a4,chr11,11,270,-4.576488177085318
chr11-g285,MLI2-PLI,0.2574309977413248,1.7578630374251767,Gria1,chr11,11,285,-2.771564981660264
chr11-g286,MLI2-PLI,0.2574309977413248,1.7578630374251767,Gria1,chr11,11,286,-2.771564981660264
chr11-g331,MLI1,26.634596040111326,13.310879816793152,Shisa6,chr11,11,331,1.0006954670540573
chr11-g332,MLI1,26.634596040111326,13.310879816793152,Shisa6,chr11,11,332,1.0006954670540573
chr11-g351,MLI2-PLI,5.078257191311915,11.314589359288426,Slc16a11,chr11,11,351,-1.15577885769872
chr11-g382,MLI2-PLI,0.5602033962625924,1.9226805873871946,Abr,chr11,11,382,-1.7790964744262452
chr11-g383,MLI2-PLI,0.906323000335537,2.750488605576453,Cpd,chr11,11,383,-1.6015907238019393
chr11-g384,MLI2-PLI,0.906323000335537,2.750488605576453,Cpd,chr11,11,384,-1.6015907238019393
chr11-g389,MLI1,2.9585087862756714,0.7288562804824233,Sez6,chr11,11,389,2.0211639097540544
chr11-g436,MLI2-PLI,3.5856980716475615,7.732903013942995,Ppm1e,chr11,11,436,-1.1087561055437187
chr11-g475,MLI2-PLI,0.18593637974850763,1.0587869013624023,Itga3,chr11,11,475,-2.5095312756245702
chr11-g568,MLI1,6.321595344305519,1.0050928145591,Sdk2,chr11,11,568,2.6529599567486213
chr11-g569,MLI1,6.321595344305519,1.0050928145591,Sdk2,chr11,11,569,2.6529599567486213
chr11-g570,MLI1,6.321595344305519,1.0050928145591,Sdk2,chr11,11,570,2.6529599567486213
chr11-g592,MLI2-PLI,1.0383815257708273,2.6863039326370037,Rbfox3,chr11,11,592,-1.371285921620204
chr11-g593,MLI2-PLI,1.0383815257708273,2.6863039326370037,Rbfox3,chr11,11,593,-1.371285921620204
chr11-g594,MLI2-PLI,1.0383815257708273,2.6863039326370037,Rbfox3,chr11,11,594,-1.371285921620204
chr11-g595,MLI2-PLI,0.8058221837153278,3.0397515950070075,Tbc1d16,chr11,11,595,-1.9154200055907005
chr11-g596,MLI2-PLI,0.8058221837153278,3.0397515950070075,Tbc1d16,chr11,11,596,-1.9154200055907005
chr11-g597,MLI1,1.6877455352391537,0.1232014290347975,Nptx1,chr11,11,597,3.7760065071191073
chr11-g599,MLI1,6.910607870548568,1.9002557611693363,Baiap2,chr11,11,599,1.862619010152033
chr11-g600,MLI1,6.910607870548568,1.9002557611693363,Baiap2,chr11,11,600,1.862619010152033
chr12-g200,MLI1,3.7883231715991226,1.1934525769813147,Arl4a,chr12,12,200,1.666418167822205
chr12-g221,MLI2-PLI,2.117339878275424,7.512706583519758,Nrcam,chr12,12,221,-1.8270798861237925
chr12-g222,MLI2-PLI,2.117339878275424,7.512706583519758,Nrcam,chr12,12,222,-1.8270798861237925
chr12-g223,MLI2-PLI,2.117339878275424,7.512706583519758,Nrcam,chr12,12,223,-1.8270798861237925
chr12-g382,MLI2-PLI,0.18679733078319435,1.3087524409406552,Sptb,chr12,12,382,-2.8086464828148174
chr12-g383,MLI2-PLI,0.18679733078319435,1.3087524409406552,Sptb,chr12,12,383,-2.8086464828148174
chr12-g410,MLI2-PLI,2.5402163357600687,6.27407815747074,Sipa1l1,chr12,12,410,-1.304452132888856
chr12-g411,MLI2-PLI,2.5402163357600687,6.27407815747074,Sipa1l1,chr12,12,411,-1.304452132888856
chr12-g412,MLI2-PLI,2.5402163357600687,6.27407815747074,Sipa1l1,chr12,12,412,-1.304452132888856
chr12-g413,MLI2-PLI,1.815931430747799,16.250892493745674,Rgs6,chr12,12,413,-3.161737319802334
chr12-g414,MLI2-PLI,1.815931430747799,16.250892493745674,Rgs6,chr12,12,414,-3.161737319802334
chr12-g415,MLI2-PLI,1.815931430747799,16.250892493745674,Rgs6,chr12,12,415,-3.161737319802334
chr12-g435,MLI2-PLI,1.774217050365668,4.195195200641804,Tmem63c,chr12,12,435,-1.241555426439565
chr12-g502,MLI1,4.1250511547283555,1.3223303044966606,Rps6ka5,chr12,12,502,1.6413294180895812
chr12-g503,MLI1,4.1250511547283555,1.3223303044966606,Rps6ka5,chr12,12,503,1.6413294180895812
chr13-g41,MLI1,140.03090804139362,21.29263086852552,Adarb2,chr13,13,41,2.7173191762893665
chr13-g42,MLI1,140.03090804139362,21.29263086852552,Adarb2,chr13,13,42,2.7173191762893665
chr13-g43,MLI1,140.03090804139362,21.29263086852552,Adarb2,chr13,13,43,2.7173191762893665
chr13-g57,MLI2-PLI,3.1211765558463225,15.04271586896906,Ryr2,chr13,13,57,-2.268903186440302
chr13-g58,MLI2-PLI,3.1211765558463225,15.04271586896906,Ryr2,chr13,13,58,-2.268903186440302
chr13-g59,MLI2-PLI,3.1211765558463225,15.04271586896906,Ryr2,chr13,13,59,-2.268903186440302
chr13-g60,MLI2-PLI,3.1211765558463225,15.04271586896906,Ryr2,chr13,13,60,-2.268903186440302
chr13-g71,MLI1,20.163184062026424,9.4068130532847,Hecw1,chr13,13,71,1.0999455412307977
chr13-g72,MLI1,20.163184062026424,9.4068130532847,Hecw1,chr13,13,72,1.0999455412307977
chr13-g178,MLI2-PLI,1.6421255325145252,4.015930935073105,Cdyl,chr13,13,178,-1.2901700400568512
chr13-g179,MLI2-PLI,1.6421255325145252,4.015930935073105,Cdyl,chr13,13,179,-1.2901700400568512
chr13-g191,MLI2-PLI,0.5765416611831718,2.6280043603798795,Bmp6,chr13,13,191,-2.188470902771532
chr13-g192,MLI2-PLI,0.5765416611831718,2.6280043603798795,Bmp6,chr13,13,192,-2.188470902771532
chr13-g287,MLI1,21.47019467387186,7.1558802735914275,Spock1,chr13,13,287,1.5851341177186566
chr13-g288,MLI1,21.47019467387186,7.1558802735914275,Spock1,chr13,13,288,1.5851341177186566
chr13-g289,MLI1,21.47019467387186,7.1558802735914275,Spock1,chr13,13,289,1.5851341177186566
chr13-g381,MLI2-PLI,0.9680010622038979,2.258123751655015,Mctp1,chr13,13,381,-1.2220440163945225
chr13-g382,MLI2-PLI,0.9680010622038979,2.258123751655015,Mctp1,chr13,13,382,-1.2220440163945225
chr13-g383,MLI2-PLI,0.9680010622038979,2.258123751655015,Mctp1,chr13,13,383,-1.2220440163945225
chr13-g384,MLI2-PLI,0.9680010622038979,2.258123751655015,Mctp1,chr13,13,384,-1.2220440163945225
chr13-g385,MLI2-PLI,0.9680010622038979,2.258123751655015,Mctp1,chr13,13,385,-1.2220440163945225
chr13-g448,MLI1,2.00411024049092,0.036981785598339,Vcan,chr13,13,448,5.760003174770696
chr13-g513,MLI2-PLI,1.926516665561031,7.306629939648889,Mast4,chr13,13,513,-1.9232114744722926
chr13-g514,MLI2-PLI,1.926516665561031,7.306629939648889,Mast4,chr13,13,514,-1.9232114744722926
chr13-g515,MLI2-PLI,1.926516665561031,7.306629939648889,Mast4,chr13,13,515,-1.9232114744722926
chr13-g516,MLI2-PLI,1.926516665561031,7.306629939648889,Mast4,chr13,13,516,-1.9232114744722926
chr14-g66,MLI2-PLI,2.1230332515259187,8.447423819628899,Synpr,chr14,14,66,-1.9923844676636357
chr14-g67,MLI2-PLI,2.1230332515259187,8.447423819628899,Synpr,chr14,14,67,-1.9923844676636357
chr14-g68,MLI2-PLI,2.1230332515259187,8.447423819628899,Synpr,chr14,14,68,-1.9923844676636357
chr14-g127,MLI2-PLI,1.9633491854922775,5.189661371153535,Zmiz1,chr14,14,127,-1.4023236230875926
chr14-g128,MLI2-PLI,1.9633491854922775,5.189661371153535,Zmiz1,chr14,14,128,-1.4023236230875926
chr14-g174,MLI1,44.45399235146878,4.110441429797081,Grid1,chr14,14,174,3.434947749624951
chr14-g175,MLI1,44.45399235146878,4.110441429797081,Grid1,chr14,14,175,3.434947749624951
chr14-g176,MLI1,44.45399235146878,4.110441429797081,Grid1,chr14,14,176,3.434947749624951
chr14-g177,MLI1,44.45399235146878,4.110441429797081,Grid1,chr14,14,177,3.434947749624951
chr14-g191,MLI2-PLI,18.946316920921287,65.02441521769443,Nrg3,chr14,14,191,-1.7790640974730128
chr14-g192,MLI2-PLI,18.946316920921287,65.02441521769443,Nrg3,chr14,14,192,-1.7790640974730128
chr14-g193,MLI2-PLI,18.946316920921287,65.02441521769443,Nrg3,chr14,14,193,-1.7790640974730128
chr14-g194,"MLI2-PLI,MLI2-PLI",21.415412375803257,71.97185434013058,"Nrg3,Nrg3os",chr14,14,194,-1.7487833715004164
chr14-g195,MLI2-PLI,18.946316920921287,65.02441521769443,Nrg3,chr14,14,195,-1.7790640974730128
chr14-g196,MLI2-PLI,18.946316920921287,65.02441521769443,Nrg3,chr14,14,196,-1.7790640974730128
chr14-g197,MLI2-PLI,18.946316920921287,65.02441521769443,Nrg3,chr14,14,197,-1.7790640974730128
chr14-g352,MLI1,3.1231770901521037,0.19925908402463038,Phyhip,chr14,14,352,3.970296973395168
chr14-g354,MLI2-PLI,0.2296897060015834,1.581790293845395,Gfra2,chr14,14,354,-2.7838002408676963
chr14-g377,MLI2-PLI,0.05,1.2547046766441425,Siah3,chr14,14,377,-4.649275927845346
chr14-g465,MLI2-PLI,37.27537710497416,156.19579461236188,Pcdh9,chr14,14,465,-2.0670607580862743
chr14-g466,MLI2-PLI,37.27537710497416,156.19579461236188,Pcdh9,chr14,14,466,-2.0670607580862743
chr14-g467,MLI2-PLI,37.27537710497416,156.19579461236188,Pcdh9,chr14,14,467,-2.0670607580862743
chr14-g468,MLI2-PLI,37.27537710497416,156.19579461236188,Pcdh9,chr14,14,468,-2.0670607580862743
chr14-g469,MLI2-PLI,37.27537710497416,156.19579461236188,Pcdh9,chr14,14,469,-2.0670607580862743
chr14-g480,MLI2-PLI,0.4953954137454095,3.2571918492880894,Klhl1,chr14,14,480,-2.716976279652852
chr14-g481,MLI2-PLI,0.4953954137454095,3.2571918492880894,Klhl1,chr14,14,481,-2.716976279652852
chr14-g482,MLI2-PLI,0.4953954137454095,3.2571918492880894,Klhl1,chr14,14,482,-2.716976279652852
chr14-g488,MLI1,9.949137131383143,0.37654142824509984,Dach1,chr14,14,488,4.723690900563308
chr14-g489,MLI1,9.949137131383143,0.37654142824509984,Dach1,chr14,14,489,4.723690900563308
chr14-g490,MLI1,9.949137131383143,0.37654142824509984,Dach1,chr14,14,490,4.723690900563308
chr14-g507,MLI1,28.214412511275096,8.746280257113167,Tbc1d4,chr14,14,507,1.6896908271194984
chr14-g508,MLI1,28.214412511275096,8.746280257113167,Tbc1d4,chr14,14,508,1.6896908271194984
chr14-g592,MLI2-PLI,0.1980304128592985,1.1537824057678903,Abcc4,chr14,14,592,-2.542577251976501
chr14-g593,MLI2-PLI,0.1980304128592985,1.1537824057678903,Abcc4,chr14,14,593,-2.542577251976501
chr14-g595,MLI1,3.88034231225914,1.7170037984048534,Hs6st3,chr14,14,595,1.176290697377789
chr14-g596,MLI1,3.88034231225914,1.7170037984048534,Hs6st3,chr14,14,596,1.176290697377789
chr14-g597,MLI1,3.88034231225914,1.7170037984048534,Hs6st3,chr14,14,597,1.176290697377789
chr14-g598,MLI1,3.88034231225914,1.7170037984048534,Hs6st3,chr14,14,598,1.176290697377789
chr14-g599,MLI1,3.88034231225914,1.7170037984048534,Hs6st3,chr14,14,599,1.176290697377789
chr14-g612,"MLI1,MLI1",2.381901115862064,0.18431016455988575,"Zic5,Zic2",chr14,14,612,3.6919059794891114
chr15-g21,MLI2-PLI,5.715851643465304,12.190132543418468,Plcxd3,chr15,15,21,-1.0926734360019381
chr15-g22,MLI2-PLI,5.715851643465304,12.190132543418468,Plcxd3,chr15,15,22,-1.0926734360019381
chr15-g94,MLI1,4.034550286800899,1.1786310598985759,Cdh10,chr15,15,94,1.775295681275513
chr15-g95,MLI1,4.034550286800899,1.1786310598985759,Cdh10,chr15,15,95,1.775295681275513
chr15-g105,MLI1,11.622685132111968,5.349219562265715,Cdh12,chr15,15,105,1.1195430796420973
chr15-g106,MLI1,11.622685132111968,5.349219562265715,Cdh12,chr15,15,106,1.1195430796420973
chr15-g107,MLI1,11.622685132111968,5.349219562265715,Cdh12,chr15,15,107,1.1195430796420973
chr15-g131,MLI1,34.10459373351466,12.805824733987187,March11,chr15,15,131,1.4131659069244022
chr15-g132,MLI1,34.10459373351466,12.805824733987187,March11,chr15,15,132,1.4131659069244022
chr15-g161,MLI2-PLI,0.06426574465375212,1.3948952243584047,Sema5a,chr15,15,161,-4.439963002129414
chr15-g162,MLI2-PLI,0.06426574465375212,1.3948952243584047,Sema5a,chr15,15,162,-4.439963002129414
chr15-g163,MLI2-PLI,0.06426574465375212,1.3948952243584047,Sema5a,chr15,15,163,-4.439963002129414
chr15-g203,MLI2-PLI,34.57644837771619,78.04059398018835,Zfpm2,chr15,15,203,-1.1744350726878894
chr15-g204,MLI2-PLI,34.57644837771619,78.04059398018835,Zfpm2,chr15,15,204,-1.1744350726878894
chr15-g205,MLI2-PLI,34.57644837771619,78.04059398018835,Zfpm2,chr15,15,205,-1.1744350726878894
chr15-g310,MLI2-PLI,2.685213200841757,13.127291170095258,Pvt1,chr15,15,310,-2.2894607002263894
chr15-g311,MLI2-PLI,2.685213200841757,13.127291170095258,Pvt1,chr15,15,311,-2.2894607002263894
chr15-g320,MLI1,10.769696767510098,5.327858491163098,Asap1,chr15,15,320,1.015349960008283
chr15-g321,MLI1,10.769696767510098,5.327858491163098,Asap1,chr15,15,321,1.015349960008283
chr15-g333,MLI1,3.0924944750292953,0.8560309908825497,Sla,chr15,15,333,1.85303608516168
chr15-g334,MLI1,3.0924944750292953,0.8560309908825497,Sla,chr15,15,334,1.85303608516168
chr15-g344,MLI2-PLI,0.5320747969034523,5.99970846109632,Khdrbs3,chr15,15,344,-3.495191425453241
chr15-g345,MLI2-PLI,0.5320747969034523,5.99970846109632,Khdrbs3,chr15,15,345,-3.495191425453241
chr15-g357,MLI2-PLI,0.17912080611162362,5.690098301406495,Fam135b,chr15,15,357,-4.989448745455401
chr15-g358,MLI2-PLI,0.17912080611162362,5.690098301406495,Fam135b,chr15,15,358,-4.989448745455401
chr15-g367,MLI2-PLI,0.2593711968864078,1.2514985600359847,Dennd3,chr15,15,367,-2.270566448439457
chr15-g411,MLI2-PLI,0.07113298317772701,2.3852606158657363,Shisa8,chr15,15,411,-5.067484426254546
chr15-g416,MLI2-PLI,0.22983623552308952,1.2484417837659212,Pacsin2,chr15,15,416,-2.441450374899417
chr15-g417,MLI2-PLI,0.22983623552308952,1.2484417837659212,Pacsin2,chr15,15,417,-2.441450374899417
chr15-g430,MLI2-PLI,1.3741546044141182,3.3691147358244105,Cerk,chr15,15,430,-1.29382523144179
chr15-g498,MLI1,6.403907840403463,1.4219907746489935,Lima1,chr15,15,498,2.171040440648177
chr15-g499,MLI1,6.403907840403463,1.4219907746489935,Lima1,chr15,15,499,2.171040440648177
chr16-g54,MLI2-PLI,0.09165405887832312,0.7421542044585104,Litaf,chr16,16,54,-3.0174483038020226
chr16-g59,MLI2-PLI,0.028516075642092624,5.427589665251247,Shisa9,chr16,16,59,-7.57239239153859
chr16-g60,MLI2-PLI,0.028516075642092624,5.427589665251247,Shisa9,chr16,16,60,-7.57239239153859
chr16-g61,MLI2-PLI,0.028516075642092624,5.427589665251247,Shisa9,chr16,16,61,-7.57239239153859
chr16-g119,MLI2-PLI,0.8948651460338948,3.381172874620895,Bcl6,chr16,16,119,-1.917781587796467
chr16-g129,MLI2-PLI,0.0357496690116595,0.4415564884052724,P3h2,chr16,16,129,-3.6265962240582534
chr16-g130,MLI2-PLI,0.0357496690116595,0.4415564884052724,P3h2,chr16,16,130,-3.6265962240582534
chr16-g144,MLI1,7.066354304981172,2.2386828392263376,Mb21d2,chr16,16,144,1.658315935534971
chr16-g363,MLI2-PLI,0.4473421120493307,2.6718218615054887,Robo1,chr16,16,363,-2.5783733393674413
chr16-g364,MLI2-PLI,0.4473421120493307,2.6718218615054887,Robo1,chr16,16,364,-2.5783733393674413
chr16-g365,MLI2-PLI,0.4473421120493307,2.6718218615054887,Robo1,chr16,16,365,-2.5783733393674413
chr16-g369,MLI2-PLI,0.686253012980537,4.607634645878222,Robo2,chr16,16,369,-2.747213842031791
chr16-g370,MLI2-PLI,0.686253012980537,4.607634645878222,Robo2,chr16,16,370,-2.747213842031791
chr16-g371,MLI2-PLI,0.686253012980537,4.607634645878222,Robo2,chr16,16,371,-2.747213842031791
chr16-g372,MLI2-PLI,0.686253012980537,4.607634645878222,Robo2,chr16,16,372,-2.747213842031791
chr16-g373,MLI2-PLI,0.686253012980537,4.607634645878222,Robo2,chr16,16,373,-2.747213842031791
chr16-g374,MLI2-PLI,0.686253012980537,4.607634645878222,Robo2,chr16,16,374,-2.747213842031791
chr16-g375,MLI2-PLI,0.686253012980537,4.607634645878222,Robo2,chr16,16,375,-2.747213842031791
chr16-g451,MLI1,11.362045376276063,5.086290684737746,Hunk,chr16,16,451,1.159536749320542
chr16-g452,MLI1,11.362045376276063,5.086290684737746,Hunk,chr16,16,452,1.159536749320542
chr17-g42,MLI2-PLI,13.365679932193476,27.57429817651746,Pde10a,chr17,17,42,-1.0447909351724793
chr17-g43,MLI2-PLI,13.365679932193476,27.57429817651746,Pde10a,chr17,17,43,-1.0447909351724793
chr17-g44,MLI2-PLI,13.365679932193476,27.57429817651746,Pde10a,chr17,17,44,-1.0447909351724793
chr17-g63,MLI2-PLI,1.0520829303525787,3.876747962956542,Airn,chr17,17,63,-1.8815985155056387
chr17-g64,MLI2-PLI,1.0520829303525787,3.876747962956542,Airn,chr17,17,64,-1.8815985155056387
chr17-g175,MLI2-PLI,0.27313071308193504,1.4987203188739255,Ddah2,chr17,17,175,-2.456067725408852
chr17-g211,MLI2-PLI,4.566561328656076,14.584198394063632,Ptchd4,chr17,17,211,-1.6752259782778105
chr17-g212,MLI2-PLI,4.566561328656076,14.584198394063632,Ptchd4,chr17,17,212,-1.6752259782778105
chr17-g227,MLI1,4.9599718890278375,2.41493433519055,Tmem151b,chr17,17,227,1.0383479829883526
chr17-g313,MLI1,15.738411622783426,2.832200667514161,Efna5,chr17,17,313,2.474294554005526
chr17-g314,MLI1,15.738411622783426,2.832200667514161,Efna5,chr17,17,314,2.474294554005526
chr17-g323,MLI1,8.069992791894343,0.7160995143454507,Man2a1,chr17,17,323,3.4943353910641672
chr17-g331,MLI2-PLI,2.5463190821033574,7.605955697077061,Mtcl1,chr17,17,331,-1.578716319326929
chr17-g332,MLI2-PLI,2.5463190821033574,7.605955697077061,Mtcl1,chr17,17,332,-1.578716319326929
chr17-g333,MLI1,1.740568058889211,0.24808058071039488,Ptprm,chr17,17,333,2.81067751350048
chr17-g334,MLI1,1.740568058889211,0.24808058071039488,Ptprm,chr17,17,334,2.81067751350048
chr17-g335,MLI1,1.740568058889211,0.24808058071039488,Ptprm,chr17,17,335,2.81067751350048
chr17-g336,MLI1,1.740568058889211,0.24808058071039488,Ptprm,chr17,17,336,2.81067751350048
chr17-g406,MLI1,16.109120237130938,4.925841901663555,Slc8a1,chr17,17,406,1.7094354773083469
chr17-g407,MLI1,16.109120237130938,4.925841901663555,Slc8a1,chr17,17,407,1.7094354773083469
chr17-g408,MLI1,16.109120237130938,4.925841901663555,Slc8a1,chr17,17,408,1.7094354773083469
chr18-g34,MLI1,3.6190445952047416,1.3876278637108974,Mkx,chr18,18,34,1.3829881697480557
chr18-g35,MLI1,3.6190445952047416,1.3876278637108974,Mkx,chr18,18,35,1.3829881697480557
chr18-g77,MLI1,15.448504346340677,0.3075002866684904,Chst9,chr18,18,77,5.650735604106902
chr18-g78,MLI1,15.448504346340677,0.3075002866684904,Chst9,chr18,18,78,5.650735604106902
chr18-g179,MLI1,2.447993494581217,0.6236365540514318,Psd2,chr18,18,179,1.9728223258874138
chr18-g180,MLI1,2.447993494581217,0.6236365540514318,Psd2,chr18,18,180,1.9728223258874138
chr18-g194,"MLI2-PLI,MLI2-PLI",4.358783186466505,12.50494864627509,"Fgf1,Arhgap26",chr18,18,194,-1.5205017844521163
chr18-g195,MLI2-PLI,4.0238481608348895,10.010527184740827,Arhgap26,chr18,18,195,-1.3148701814205888
chr18-g196,MLI2-PLI,4.0238481608348895,10.010527184740827,Arhgap26,chr18,18,196,-1.3148701814205888
chr18-g213,MLI2-PLI,0.9111241079200056,11.05565644877888,Ppp2r2b,chr18,18,213,-3.600993297221565
chr18-g214,MLI2-PLI,0.9111241079200056,11.05565644877888,Ppp2r2b,chr18,18,214,-3.600993297221565
chr18-g215,MLI2-PLI,0.9111241079200056,11.05565644877888,Ppp2r2b,chr18,18,215,-3.600993297221565
chr18-g263,MLI2-PLI,0.045099582445478,1.2039134054818068,Sncaip,chr18,18,263,-4.738473739763305
chr18-g264,MLI2-PLI,0.045099582445478,1.2039134054818068,Sncaip,chr18,18,264,-4.738473739763305
chr18-g285,MLI1,11.335072143413335,2.292495540776504,Megf10,chr18,18,285,2.3058027406192383
chr18-g286,MLI1,11.335072143413335,2.292495540776504,Megf10,chr18,18,286,2.3058027406192383
chr18-g327,MLI1,3.797123374537788,0.37225615772306264,Malt1,chr18,18,327,3.350539256517065
chr18-g335,MLI1,7.837330343695303,2.619733006479075,Gnal,chr18,18,335,1.580942522835966
chr18-g336,MLI1,7.837330343695303,2.619733006479075,Gnal,chr18,18,336,1.580942522835966
chr18-g356,MLI1,12.28800459566806,3.284709021709178,Dcc,chr18,18,356,1.9034131815826596
chr18-g357,MLI1,12.28800459566806,3.284709021709178,Dcc,chr18,18,357,1.9034131815826596
chr18-g358,MLI1,12.28800459566806,3.284709021709178,Dcc,chr18,18,358,1.9034131815826596
chr18-g359,MLI1,12.28800459566806,3.284709021709178,Dcc,chr18,18,359,1.9034131815826596
chr18-g360,MLI1,12.28800459566806,3.284709021709178,Dcc,chr18,18,360,1.9034131815826596
chr18-g361,MLI1,12.28800459566806,3.284709021709178,Dcc,chr18,18,361,1.9034131815826596
chr19-g150,MLI1,13.197427471457805,0.8432478390408966,Gldc,chr19,19,150,3.968156211138594
chr19-g152,MLI2-PLI,2.3652241545308343,10.464090670214857,Prkg1,chr19,19,152,-2.1453981260689527
chr19-g153,MLI2-PLI,2.3652241545308343,10.464090670214857,Prkg1,chr19,19,153,-2.1453981260689527
chr19-g154,MLI2-PLI,2.3652241545308343,10.464090670214857,Prkg1,chr19,19,154,-2.1453981260689527
chr19-g155,MLI2-PLI,2.3652241545308343,10.464090670214857,Prkg1,chr19,19,155,-2.1453981260689527
chr19-g156,MLI2-PLI,2.3652241545308343,10.464090670214857,Prkg1,chr19,19,156,-2.1453981260689527
chr19-g157,MLI2-PLI,2.3652241545308343,10.464090670214857,Prkg1,chr19,19,157,-2.1453981260689527
chr19-g158,MLI2-PLI,2.3652241545308343,10.464090670214857,Prkg1,chr19,19,158,-2.1453981260689527
chr19-g241,MLI1,64.27098985061366,0.8450724444929876,Sorcs3,chr19,19,241,6.248948858709308
chr19-g242,MLI1,64.27098985061366,0.8450724444929876,Sorcs3,chr19,19,242,6.248948858709308
chr19-g243,MLI1,64.27098985061366,0.8450724444929876,Sorcs3,chr19,19,243,6.248948858709308
chr19-g244,MLI1,64.27098985061366,0.8450724444929876,Sorcs3,chr19,19,244,6.248948858709308
chr19-g284,MLI2-PLI,0.48527511947716373,6.383218877484262,Afap1l2,chr19,19,284,-3.717409319209772
chr19-g285,MLI2-PLI,0.48527511947716373,6.383218877484262,Afap1l2,chr19,19,285,-3.717409319209772
chrX-g333,MLI2-PLI,0.2261780625145665,1.3055695879317588,Slitrk2,chrX,20,333,-2.5291484453280444
chrX-g433,MLI1,73.89206678993243,10.338717940092536,Il1rapl1,chrX,20,433,2.8373621875228245
chrX-g434,MLI1,73.89206678993243,10.338717940092536,Il1rapl1,chrX,20,434,2.8373621875228245
chrX-g435,MLI1,73.89206678993243,10.338717940092536,Il1rapl1,chrX,20,435,2.8373621875228245
chrX-g436,MLI1,73.89206678993243,10.338717940092536,Il1rapl1,chrX,20,436,2.8373621875228245
chrX-g437,MLI1,73.89206678993243,10.338717940092536,Il1rapl1,chrX,20,437,2.8373621875228245
chrX-g438,MLI1,73.89206678993243,10.338717940092536,Il1rapl1,chrX,20,438,2.8373621875228245
chrX-g439,MLI1,73.89206678993243,10.338717940092536,Il1rapl1,chrX,20,439,2.8373621875228245
chrX-g440,MLI1,73.89206678993243,10.338717940092536,Il1rapl1,chrX,20,440,2.8373621875228245
chrX-g837,MLI1,144.58596574469087,31.535685716758373,Frmpd4,chrX,20,837,2.196870314861998
chrX-g838,MLI1,144.58596574469087,31.535685716758373,Frmpd4,chrX,20,838,2.196870314861998
chrX-g839,MLI1,144.58596574469087,31.535685716758373,Frmpd4,chrX,20,839,2.196870314861998
chrX-g840,MLI1,144.58596574469087,31.535685716758373,Frmpd4,chrX,20,840,2.196870314861998
chrX-g841,MLI1,144.58596574469087,31.535685716758373,Frmpd4,chrX,20,841,2.196870314861998
chrX-g842,MLI1,144.58596574469087,31.535685716758373,Frmpd4,chrX,20,842,2.196870314861998
