fov,cellID,rep,dbscan_ldp_nbr_allele,chr2-g150,chr2-g151,chr2-g152,chr2-g153,chr2-g154,chr2-g155,chr2-g156,chr2-g157,chr2-g158,chr2-g159,chr2-g160,chr2-g161,chr2-g162,chr2-g163,chr2-g164,chr2-g165,chr2-g166,chr2-g167,chr2-g168,chr2-g169,chr2-g170,chr2-g171,chr2-g172,chr2-g173,chr2-g174,chr2-g175,chr2-g176,chr2-g177,chr2-g178,chr2-g179,chr2-g180,chr2-g181,chr2-g182,chr2-g183,chr2-g184,chr2-g185,chr2-g186,chr2-g187,chr2-g188,chr2-g189,chr2-g190,chr2-g191,chr2-g192,chr2-g193,chr2-g194,chr2-g195,chr2-g196,chr2-g197,chr2-g198,chr2-g199,chr2-g200,chr2-g201,chr2-g202,chr2-g203,chr2-g204,chr2-g205,chr2-g206,chr2-g207,chr2-g208,chr2-g209,chr2-g210,chr2-g211,chr2-g212,chr2-g213,chr2-g214,chr2-g215
0,886,1,1,,,,,,,,,,,,,,,,,,,,,,,,,,,-0.5076,,,,,,,,,,,,,,,,,,,,,,,,,,,,,,0.85664,1.0461,,,,,,0.6798016666666666,0.6924233333333333,
1,144,1,4,,,,,,,,,,,,,,,,,,,-0.69357,,,,,,,,,,,,,2.6652,1.1164,,,,1.2610000000000001,,-0.516305,-0.9703200000000001,,-1.23935,-1.1227,-0.9524625,-1.0061300000000002,-1.1693500000000001,,,-0.53496,,,,,1.7228,1.340335,0.43999933333333335,0.6499199999999999,,-0.24574,1.39631,0.71058,0.0061650000000000316,-0.04360466666666668,-1.066765,,
1,713,1,1,,,,,,,,,,,,,,,,,,,-0.7770066666666667,,-0.51883,-0.28857,,,,0.09868019999999997,0.13008,,0.2452099999999999,,,,,,,,,,,,,,,,,,1.7942,1.3546,,,,,0.4336,0.5906,,0.41267,,,,,,,,,,1.1558
1,98,1,1,-0.9818800000000001,-0.6091366666666667,-0.70499,-0.6552899999999999,0.09195175,-0.7676866666666666,-0.25593675,0.5552,,,-0.7653399999999999,0.51261,-0.4281,,,,,0.058230000000000004,-0.4979076666666667,-0.7653349999999999,-0.46005,-0.96413,,-0.79373,,,,-0.7795349999999999,,-0.38905500000000004,0.12449,-0.115713,2.0840333333333336,3.4661,0.69245,0.991855,1.43556,-0.82922,-0.44585,0.32091,-0.7511300000000001,,,-0.55235,,-0.7440399999999999,0.17418999999999996,1.109,2.0674,2.1597,0.7942383333333334,0.07243,0.15288666666666667,0.2073199999999999,0.671644,0.338665,0.3457725,2.3301,-0.20268450000000002,0.5552,0.74333,1.038,2.0248,0.31382,1.96095,0.5427805
1,189,2,4,,,,,,,,,,,,,,,,,-1.2052,-1.1971,-1.2457,-1.2052,-1.1323,,,,,,,,,,,,,,,,,,-0.41957,-1.095865,,,,,-1.2538,,,,,,,,,,,0.4632699999999999,,,,,,,,,,
3,157,2,3,,,,,,,,,,,,,,,,,,,,,,,,,,,,,,,,,,,,,,,,,-1.1646,,-0.865265,,,,,,,,,0.519155,,,,,,,,,,-0.54723,-0.50981,-0.67818,-0.35079,
2,591,2,1,-1.099,,,-1.331,-1.05837,-1.3078,-1.331,,,,,,,-1.1802,,,-0.8321299999999999,,,0.10761,-1.2846,,,,-0.82053,,,,,-0.078015,-0.35645499999999997,,,,,-0.29264499999999993,-0.8321299999999999,,,-0.327455,,-0.82053,,-0.90174,,,-0.21724,,-0.8321299999999999,,,,,,0.69931,,,-0.12442,-0.0026035000000000485,-0.27525,-0.6001,-0.73352,,,,-1.0526
1,6,1,1,,,,,,,,,,0.11888,,,-0.356715,-1.01521,,,,-0.94207,0.19937,-0.7225600000000001,,0.4457,0.1591225,,,-0.078675,,-0.7774350000000001,,,0.29449,,,,,,,,,0.685925,,,0.1408299999999999,,-0.85426,,,,,0.2579,0.0018099999999999922,0.023761,0.023761,0.15729299999999996,0.1115599999999999,-0.23964599999999994,-0.6493899999999999,,,-0.47378499999999996,-0.48475999999999997,-0.027457,-0.06038499999999995,,0.111565,-0.23233
2,181,2,3,,,,,,,,,,,,-0.7393099999999999,,,0.0128539999999999,,,,,,,,-0.33209,0.060762,,,-0.5333049999999999,,,-0.5780166666666666,,,,,,,,,,,1.4118,,,0.68996,,,,,-0.4279,,,,,,,0.18532,,,0.88479,,,,,0.247605,-0.17878,
3,91,2,1,,,,,-0.68965,,0.0063533333333333315,-0.12194,,-0.15081,,,,,,,,,,,,,,0.11861,0.31105,,,0.070499,0.85951,,,-0.19250533333333333,,-0.064211,-0.26628,,-0.24703,-0.24703,,-0.028930000000000036,,-0.083454,,-0.4202333333333333,0.003144,0.13785,,,,,-0.17968,,0.71518,,,,0.4169,0.78254,,0.484252,,,-0.16043,0.0512539999999999,-0.17968,-0.19892
2,603,2,1,-0.66842,,,,,-0.978815,-0.90459,,,-0.87085,-0.20957499999999998,,,,,,-0.0476269999999999,1.4234,1.1805,0.88356,1.8732666666666666,,1.17598,,,,,0.42472,,,,,0.23578,,,,,,,0.3369935,,0.61365,,,-0.5267149999999999,-0.57395,,,,,,,,,1.3559,0.9847999999999999,-0.1421,0.08058,,0.937555,0.64064,0.2672696666666667,-0.18932849999999996,0.31675,0.073833,0.1817975
2,516,2,2,,,,0.2797199999999999,0.4308949999999999,,0.2365199999999999,,,-0.10902949999999995,,-0.19542,,-0.3142,-0.1198299999999999,,0.19333133333333333,0.49568,0.29051425,,2.2126,3.2709,0.69006,1.607923,,2.3854,3.962,,,,1.6619,0.1861313333333334,0.97082,0.7728366666666666,1.23,,0.4308899999999999,0.77644,,0.8034427500000001,,0.16093,0.57397,0.760245,-0.02264,,,,0.97082,,,,,,,1.1112066666666667,0.66846,0.58207,0.20413,,,,0.1501299999999999,,,-0.07663299999999999
1,208,2,2,,,-1.2516,,,,,,,,,,,,,,,,,,,,,,,,,,,,,,,-0.081726,0.075427,,0.023043,,,,,,,,,,,,,,,,,-0.30873,,0.70404,0.73023,,,,,0.057966,,1.1318,0.031773,
2,648,2,1,,,,,-1.0612566666666667,,-0.96123,,,-1.2353,-1.0917,-0.7328330000000001,-0.49141999999999997,-0.0803414999999999,0.004485,,,-0.6741199999999999,-0.086866,,-0.71328,-0.6610750000000001,,0.069736,-0.72633,,,,,,,,,0.7091925,,0.480815,,,0.00883666666666666,-0.83073,-0.51752,-0.6741199999999999,,-0.6480199999999999,,-0.602345,0.17414,0.4090583333333333,1.8968,,2.0142,,-0.354395,-0.51752,,-0.42617,,,,,,,0.69614,1.52485,,1.3356
2,260,1,1,-0.74831,-0.8221849999999999,,,,-0.64603,,,,,,,,,,,,-0.06642000000000005,1.9906,0.7821773333333333,,,-0.6005699999999999,-0.77104,,-0.5210199999999999,,,,0.35409,0.57002,-0.1687,-0.009593,-0.009593,,,,,-0.901755,-0.90742,,-0.95288,,-0.4301,-0.333495,0.41091,,,,,-0.33918,,,,-0.4982899999999999,-0.70854,-0.6573899999999999,-0.73695,-0.64603,-0.54375,-0.45283,,-0.82787,-0.839235,,
2,1001,1,1,,,,-0.46879,,-0.19122,,,,,-0.49801,,,,2.3215,-0.03782500000000001,0.42235,0.91905,,,,0.20322,,,,0.30548,1.6787,0.39313,,,,0.8411433333333332,0.58792,0.48564999999999997,,1.1528,0.7729649999999999,,0.3054800000000001,-0.08311600000000001,0.027911,-0.023215,-0.1254805,-0.015915,-0.0962655,,0.81679,,,2.4384,,,1.182,0.34201,0.19590999999999997,1.0724200000000002,1.3646099999999999,,1.437655,2.13155,1.7371,1.7590499999999998,2.2046,,1.8345333333333336,2.1316
3,741,2,2,,,,-0.93008,0.040451,-0.326775,,0.13226,,,,,,,,,-0.62843,,-0.43826,0.15849,,,,,,,,0.52572,,,,,0.72245,,,,-0.2612,,,,,,-0.32678,,,,,,-0.65466,0.158489,0.027336,-0.16939,-0.16939,-0.57597,-0.10382,,,-0.30055,,,-0.530065,,,,-0.003266666666666677,0.40768
2,210,2,3,,,,,,,,0.33481,,,,,,,,,0.41311,0.32363,0.42802333333333326,1.973425,0.7822100000000001,1.7889,0.59207,0.362775,,0.94999,,,,0.60325,,0.7001926666666667,-0.052934666666666665,0.077559,0.9919450000000001,0.92762,0.08315000000000002,,,,,0.30126,0.0495935,,,,,,,,,,,0.1111099999999999,2.6054,0.81577,1.4309,1.24085,0.7989700000000001,1.57912,1.2370726666666665,,,,0.9574633333333334,
1,142,2,1,0.69872,,-0.18114000000000008,0.39637500000000003,-0.28305,-0.27422,,-0.33401,-0.3815699999999999,-0.254175,-0.10640050000000001,0.14498649999999993,-0.35439,-0.62616,,,,,,,,,,,,,,,,,,,1.8198,,0.094032,,,-0.53104,,,,,,,,,,,,,,,,,,,,,,,,0.77346,,,,
0,55,2,1,-0.7942,,,,,,,,-0.82339,,,,,,,,-0.9752,,,-0.794195,-0.96352,,,,,,,,,,,,,,,-0.30374,,-0.5372899999999999,,,,,,,,,-0.92265,,,,,,,,,,,,,,,,,,,
2,1229,1,1,,-1.1966,,,,,,,,,,,,,,,,-1.37,-1.3917,,,-1.0016,,,,,,,,,,0.36349,,-0.8282799999999999,0.4068199999999999,-0.28657,,,,,,,,-0.80661,,,-0.69827,,,,-0.17823,,,-0.32991,-0.78494,,0.7029626666666666,0.7751899999999999,,-0.17823,,,,0.4935,,
2,210,2,2,,,,,,1.0954,,,,,,,,,,,,,-0.2356199999999999,-0.20207,-0.5264300000000001,-0.5879449999999999,,,,,,,-0.49287499999999995,-0.61032,-0.5040600000000001,,,,,,,,0.72629,-0.94028,,-1.287,,,,-1.0969,,-0.045478,-0.5040600000000001,,0.21178,,,,,,,,,,-0.19088,,-0.5935400000000001,,0.30126,
1,98,1,2,,,-0.797285,-0.92863,,,,,-1.2552,,-0.8505299999999999,,,,,,,,,,,,,,-0.90023,,,,-0.7475849999999999,-0.65174,,,,-0.94283,,,,-1.028,,,,,,,,,0.39901,,0.058227,,,,,,,,,,,,,,,,,
0,885,1,1,,,,,,,,,,,,0.33971,,,,-0.07045000000000001,-0.54961,-0.12029,,0.42404,-0.12029,0.33204,-0.10495,,1.1294,0.7077,,0.5160399999999999,,0.7306999999999999,0.70004,,,,,,1.9037,,-0.28128,0.56204,0.15571000000000002,,,0.6751199999999999,0.7077,0.28987499999999994,,,0.90703,,1.8347,,1.7887,,1.470515,,,1.367,,1.38235,,0.53137,0.23238,,,0.8814616666666666
2,555,1,1,,,-0.12597,,,,0.676725,,0.07661666666666668,-0.9401133333333335,-1.1029579999999999,-0.58465,-0.80252,0.50472,-0.50438,,,-0.739455,,-0.74519,,-0.98599,-0.37824,-0.5273166666666667,,,0.10337,,-0.2521,0.4703199999999999,,,0.16071,-0.27504,0.068972,-0.75665,-0.33237,,,2.328,,0.29829666666666665,2.9357,3.2568,1.8922,2.61465,,,1.473685,2.3394,,1.6744,1.6858,,2.1617,0.27538,,1.08379,2.4197,0.52765,0.7072866666666666,2.6892,,0.5505899999999999,,
0,646,2,1,-0.057136,,,0.31062,0.3426,,,,,,,,,,,,1.0222,,0.738335,0.7903,,0.23067499999999996,0.5504600000000001,,,0.47851,,0.1827099999999999,1.0621,1.0301,0.33460633333333334,0.35059,,0.050794,-0.08112,0.3665820000000001,-0.001173,,0.1027599999999999,1.1501,,0.75832,0.3825699999999999,,,0.27864,,,1.4459,,,1.314,1.1181,2.6051,1.47517,1.5418,1.31,2.0375,2.1774,1.5258,,1.058125,1.509825,1.1474033333333333,0.826275,0.666385
1,142,2,2,,,0.26389,,,-0.74846,,-0.5989800000000001,-0.6941,,-0.6533399999999999,,,-1.0814,-0.92511,,,,,,0.0532659999999999,,,,-0.7076899999999999,,,,,,,,,,-0.6533399999999999,-0.39854999999999996,-0.5650149999999999,-0.49028,,,0.29107,0.29107,,,0.080443,,,,,,,,,,,-0.72128,,,,,,0.29107,-0.6533399999999999,-0.6941,,-0.7824300000000001
1,189,2,3,,,-1.1404,-0.93387,,-0.4195699999999999,-1.0999,-0.80834,,,,,,,,,,,,,,,,,,,,,,,,-0.3790699999999999,,,,-0.42767,,,,,-0.1846799999999999,,,,,,,,,,,,-0.16849,0.63741,1.0707,1.2974999999999999,,1.2894,,,,,0.77915,,0.082597,
1,189,2,2,-0.71925,-0.52891,-0.8488399999999999,-0.70305,,,-0.50866,,,0.12849333333333332,0.35798,,,,,,2.8526,2.3787925,,,,,,,1.2651,,,0.17169,,-0.13609,,,0.0421,1.1517,0.4119706666666667,-0.19278,0.7548475,0.36608,0.9006449999999999,1.3461,,1.4311500000000001,,1.842225,1.3461,1.13957,,0.4106265,-0.29808,0.22029,-0.3709699999999999,0.22029,-0.34262499999999996,-0.25757966666666665,,0.19598966666666665,0.14739,,1.0113333333333332,0.7872349999999999,1.1436,1.9212,1.2057133333333334,,0.21624,0.507818
2,841,2,1,,,,,,,,,,,-1.0322,,,-0.82224,,,,-0.93423,-0.93423,,,,-0.93423,,-0.7872399999999999,,-0.68224,,,,,1.0397,,-0.010254,,,,,,,,,,,,,3.2797,2.4887,,,,,,,-0.72424,,-0.97623,,,,,,5.5476,-0.3789133333333334,-0.93423,-0.752235
0,116,1,2,,,,,,,,,,,,,,,,,,,0.3422699999999999,0.78783,0.71821,0.13805266666666663,,0.38868,,,0.1102,,0.63931,0.99204,,,,,,,,,,2.1059,0.92707,,1.2427,,0.88065,,,-0.7159399999999999,,-0.24253,-0.7066600000000001,-0.32608,-0.51173,,0.8945599999999999,,,1.1127,,0.57433,,1.1777,,0.39796,,1.3912
3,27,2,2,,,,,,,,,,0.3225099999999999,,,,,,,,0.98463,,,,,,,,2.4727,,0.6433300000000001,1.0802,,,-2.7219,-2.7219,-2.7219,-2.7219,0.11773,,,,,,,,,,,,0.1109,0.02899,,-0.032443,,0.6205733333333333,0.13365633333333335,-0.17806333333333335,0.1757495,-1.588775,-0.018791499999999996,-0.05633499999999995,0.03354299999999997,0.03582,0.184632,-2.7219,0.93002,0.93002,0.8583449999999999
1,208,2,1,0.88739,,0.389735,0.066696,,,,-0.32619,,0.1321765,0.95289,,1.9176,1.2628,1.2715,0.3460825,,0.5839799999999999,0.59054,0.46392999999999995,0.878666,0.76516,0.39555366666666664,1.00963,,,,1.5597,0.39846,1.05328,0.835,0.5599799999999999,0.24131100000000003,,1.2977433333333332,1.1464033333333334,1.8870475,0.7935274999999999,0.79571,2.6161,0.154003,-0.033706999999999994,,,0.93104,2.09805,0.686589,1.30647,1.3327,0.29661000000000004,0.5381600000000001,0.88739,1.7081,2.389066666666667,2.0311,1.6585999999999999,1.5159900000000002,0.6312899999999999,1.92198,1.3457474999999999,0.8670286666666666,1.2169699999999999,0.875146,1.117868,0.16272816666666665,1.4087242857142857
3,157,2,2,,-0.63609,,-0.5191600000000001,,,,,0.79043,,,-0.51449,1.7446,-0.18241333333333332,-0.06704333333333333,-0.5425500000000001,,0.20111,,-0.22449499999999994,,0.50512,0.0374125,-0.516043,,-0.434977,-0.65012,0.52851,,0.252561,,0.35077699999999995,0.458325,0.32583266666666666,0.060798,0.463028,0.4692526666666666,0.2884,,,,,,-0.1637,,0.34766,,2.1655,-0.1169299999999999,-0.2666,0.90737,-0.594,0.5098,-0.21359499999999998,0.22605499999999998,-0.3741725,,,0.6360655,-0.70625,-0.06548000000000001,0.92138,0.25022300000000003,0.53786,-0.18241,0.8372
0,544,1,1,,,,,,,,-0.61962,,,,,,,,,,,-0.23922999999999997,,,,,,,,0.1411599999999999,,,,,-0.41312,,,,,-0.33704,,,,,,,,,,,,,,1.9779,,,,,,,,,1.3149,,,2.13,0.081381,,
0,99,2,2,,,,,,,,,,,,,,,,,,,2.7323,,,,,1.5412,,,,,,,,-0.3115199999999999,,1.0201313333333333,0.28813000000000005,-0.16539866666666664,0.14007959999999997,,2.0829649999999997,,,,,1.2765,,,1.4585,,,,0.556945,1.6157,0.63966,0.72237,0.7058300000000001,0.4122015,0.72237,0.81335,,,1.7645,0.565215,1.1277,,1.2213833333333335,0.81335
2,244,2,1,-1.0102,,,-0.2155,-0.30857,,,-0.41953,,-0.91351,-0.92425,0.047599999999999976,-0.27455999999999997,-0.91888,,,,-0.8276,,,,,-0.043681,,,,,,,1.6423,0.7831899999999999,2.5712,,1.5671,1.9752,1.6101,,,,0.847625,0.85836,1.1590500000000001,1.7303460000000002,1.7425233333333334,1.9967,,,,,,3.8867,,,1.696,1.6799,,,1.287915,,2.641,,1.3416,0.49324999999999997,2.4289,1.8195000000000001,1.6888333333333332
2,578,2,1,,-0.88999,,-0.984245,-1.267,-0.77399,,,,,,,-0.44048,-0.7884899999999999,,-1.238,,,-0.32448,,,-0.48398,,,-0.83199,-1.006,,0.0887715,0.951515,,,1.4203333333333334,1.604,,1.7055,-0.027229999999999976,,,,,,,,,2.4015500000000003,1.1835,,1.1835,,1.1158833333333333,,,,0.973265,0.85003,3.9676,,,,,1.72725,,,1.58225,1.009515,0.93703
2,80,2,1,-0.475978,-0.08489750000000001,-0.6136233333333334,-0.85726,,,,,,,-0.2243099999999999,,0.419945,0.45385,0.17505,-0.5784600000000001,-0.42021833333333336,0.05449333333333337,,-0.04911825000000007,-0.22054249999999997,-0.422731,-0.8723299999999999,-0.009560000000000055,0.019325333333333333,,0.36343,,0.3785,0.17505,0.13738,-0.101865,0.13988800000000004,-0.18964599999999998,0.004257000000000029,-0.3461256666666667,,-0.02086,0.21272899999999997,-0.26575024999999997,0.589485,-0.18663249999999998,,0.039421,0.27866225,0.369083,0.4639,0.480205,,0.34836,0.77786,1.3505,,0.27551999999999993,,-0.043465000000000004,,0.009280000000000066,,0.6095766666666668,0.24286999999999997,0.077097,1.267625,0.465155,1.1772200000000002,1.33295
0,55,2,2,,0.081618,-0.029319,-0.02348,0.19839,-0.142203,-0.2979,0.13884060000000004,-0.19864,-0.33292999999999995,-0.6015199999999999,-0.38158866666666663,,,,0.5545665000000001,-0.4672266666666666,,-0.09704799999999998,-0.3776966666666666,-0.7338666666666667,-0.3723575,-0.05121499999999999,0.23343,0.040746,-0.1928,,,1.1268,1.2143,0.30349000000000004,1.1676,,0.97493,,,1.071305,1.42455,0.30933,,0.6683925000000001,-0.011802,0.93798,,0.1662775,0.099134,,1.040344,,,1.08,,0.98662,,0.68885,,,0.423185,1.1268,,,,-0.052670999999999996,0.7881100000000001,,0.5779150000000001
2,578,2,2,,,,,-0.454985,-0.3051456666666667,1.14,,,-0.0779779999999999,,,,,,,0.29903,,,,,,,,3.9096,0.023523,,,,,,,1.14,,,0.7340300000000001,-0.0344779999999999,,,,,,,,,-0.49848,-0.44048,,-0.52748,-0.46948,0.023525000000000018,,,0.8210299999999999,0.47303,,0.90803,-0.11422899999999994,,0.48753,-0.085225,,,-0.20848,0.009023,-0.36073
2,711,2,2,,-0.69587,,,,,,,,,,,-0.77566,-0.57618,,,,-0.8022549999999999,-0.81555,,,-0.687888,-0.6825700000000001,,-0.76236,,-0.556235,,-0.57618,,,,,0.48766,,,,,,-0.72246,-0.97513,,,,,,-0.004369,,,,,,,,,,-0.90864,,,,,0.07542,-0.42991,0.15521,0.062122,
2,636,2,1,-0.34036,,,,0.3502,,,0.6785100000000001,,,0.15775,-0.28753,-0.35168,,,,,,,,0.067184,0.26341333333333333,,,0.41813,,0.57662,,,,0.55398,0.837,2.2068,2.655866666666667,,,,2.2068,,,,,,,1.1087266666666666,,,,1.7237866666666666,1.403,1.5728499999999999,,1.2954700000000001,,-0.057344,0.067184,0.5313399999999999,0.39549,-0.012061,0.316245,,1.754,0.7803899999999999,,1.7087,2.037
1,942,2,1,,,,,,,,,,,,,,,,,,,,,,,,-0.7067,-0.82005,-0.59335,,-0.69253,-0.42333,,,,,,,,,,,-0.026616,,,,,,,,,,1.5744,0.69597,0.92267,,,,,,,,,,,,,-0.012448,0.2898113333333333
1,53,1,2,0.35235,,,,,,,,,0.29538000000000003,0.6030466666666666,0.31133,,-0.4134,,,,0.63951,,-0.3723785,,0.14724,,-0.010012,,,1.3881999999999999,0.94718,,,,1.9180666666666666,3.3282249999999998,2.3055,2.0513725,,0.3797,1.6514000000000002,0.8583,-0.43391499999999994,-0.7279100000000001,-0.224245,-1.0082,1.7608,,,,,,,,,,,,,,,,,,,,,,
0,89,2,1,-0.2706866666666667,-0.6038600000000001,,0.38154000000000005,-0.4081866666666667,0.7058766666666667,0.34276,-0.3905606666666667,-0.49809,0.28062175,,-0.54568,-0.2891975,,-0.344725,,,0.5543,-0.13847999999999994,0.03074500000000005,0.1523775,0.11624066666666666,0.22641650000000002,-0.40995,0.043969999999999954,,-0.104105,0.57545,0.18412333333333328,-0.1666858333333333,0.0519009999999999,0.58074,0.0981725,0.35862499999999997,1.1360000000000001,1.1518933333333334,0.49083566666666667,0.96679,0.8345799999999999,,,,-0.51395,,,0.0011319999999999885,,,-0.08206666666666666,0.09420779999999998,0.4150333333333333,0.08045860000000002,0.35068999999999995,-0.15222960000000002,0.36214999999999997,0.32689500000000005,0.7208775000000001,0.5331425,0.8953774999999999,1.1395266666666668,0.13783499999999999,-0.13980000000000004,0.3890345,-0.381745,0.59131,0.20314839999999998
2,244,2,2,,-0.78465,,,0.2462599999999999,,0.3822866666666666,-0.66652,0.8905799999999999,,,,-0.38732,,-0.60209,,2.0289,,,2.08795,1.3684500000000002,0.8010866666666666,0.3071143333333333,2.83425,1.5886,,,,,,2.7233,,3.79,,,3.5645000000000002,3.7256,1.3846,,,-0.5806100000000001,-0.3551,-0.2530835,-0.065158,-0.53766,,1.9108,2.9739,1.1913,,1.8034,,1.078485,,,,,,,,1.0624,,1.6101,1.8893,1.52415,0.8154
2,730,2,1,,,,,0.5169199999999999,0.39443,,0.23112,,,-0.081898,,,,,,0.13585,0.095025,0.25834,0.19029,0.17668,-0.000241,,0.58497,,0.6802300000000001,0.55775,0.1494599999999999,,0.1494599999999999,,0.8707550000000001,0.5305300000000001,0.9751066666666667,0.17668,0.58497,0.6983733333333332,,,1.9595,,1.7418,,,,1.1838,1.006845,,0.70745,1.2382,1.4696,1.0681025,,1.2042125000000001,,1.6873,0.27195,1.5649,1.1702,1.2518,,1.769,,0.578165,0.76189,0.5169199999999999
3,921,2,1,,,,,,,,,-0.13923,0.10617,,-0.38463,,-0.66509,,-0.46643,,,,,,-0.30283,0.10617,,,-0.3612599999999999,0.53854,-0.3262,,0.059430000000000004,,-0.37295,-0.5716,-0.451825,,-0.4898033333333333,-0.5131749999999999,-0.18597,,,0.39831350000000004,0.43337000000000003,,,,1.2747,1.7071,,0.0009969999999999996,0.21134,0.024368499999999998,,0.16070333333333334,-0.092489,,-0.12755,,-0.12755,,-0.10807,,-0.37878999999999996,-0.15092,-0.25609,1.1228,0.152915
2,591,2,2,,-0.8901399999999999,,,,,,,,,,,,,,,,,,,,,,,,-0.47828000000000004,,,-0.12442,-0.5072800000000001,,-0.24430999999999994,-0.22497366666666663,-0.10121899999999995,0.0031974999999999504,,-0.29264950000000006,,0.21203,-0.34195624999999996,-0.5304850000000001,,,,,-0.28104850000000003,,,-0.80893,-0.53049,,-0.5072800000000001,,,-0.85534,-0.77412,,-0.19403499999999999,0.16562,-0.843735,-1.0178,,,-0.6349,-0.18243,-0.50728
0,884,1,1,,,,,,,,,-0.22582,,,,,,,,,0.13304,,,,0.05916,,,,,-0.7641100000000001,,,,,,,,0.23859,,,0.23859,,0.28609,,,,0.10138,,,,,,,,-0.58468,,,,,,,,,,,,,0.65023,0.90354
2,792,2,1,-0.8499099999999999,-0.37374,-0.37374,,-0.7825700000000001,-0.6479,,-0.82105,-0.45309999999999995,,-0.35209,-0.53246,,-0.27273000000000003,,-0.48917,,1.0692,,-0.95091,-1.1385,-0.61182,-0.56132,,-1.1962,,0.1168599999999999,0.53532,,,,-0.77776,,-1.2395,,,,-0.44588,,,,,,,,-0.34488,0.5882266666666666,0.419885,0.7553774999999999,,,0.49203,0.8672,0.24672666666666668,-0.35208999999999996,,,,1.3867,,,-0.18615,,-0.272729,,0.38525200000000004
0,164,1,1,0.5684899999999999,,,,,-0.6454,,,,,,-0.017523333333333325,0.639655,-0.0928679999999999,,,,0.03828633333333332,,,,-0.49052500000000004,-1.0389,,-0.91747,-0.8044600000000001,-0.634935,,,-0.1989093333333333,-1.2482,-0.1417088333333333,0.33409,-0.7319,,,-0.18077500000000002,-0.3607599999999999,-0.51982,-0.98025,-1.0975,-1.1393,-0.49470749999999997,-0.8407433333333335,0.6354799999999999,0.1834,,1.3303,0.137352,0.20013999999999998,-0.7081899999999999,1.9498,1.9498,-0.0928679999999999,-0.75423,,0.71081,,,,,,,,,
2,711,2,1,0.41452,,,,,,,,-0.52299,-0.044263,-0.33682,,-0.13735,,,,,,0.93979,,,,,,,,,,,,2.0967,0.946435,1.18358,1.6047,1.15925,0.8134600000000001,1.2589333333333332,,,1.1724999999999999,,1.65785,,0.12417666666666664,0.0887179999999999,0.36798,2.4691,1.2058,,1.7376666666666667,2.340526666666667,1.7776,,1.0462,1.3431333333333333,0.71374,,,,,0.56745,,-0.097455,0.16850500000000002,0.7203849999999999,0.75362
0,250,1,2,,,,,,,1.0015,1.5795,0.93026,,1.817,,0.28897,0.80755,0.96193,,,-0.59775,,,,,,-1.0649,,,-1.0807,-0.93027,-0.89861,-0.86693,,,,-0.3760699999999999,,,-1.334,,0.07125475000000003,,-0.7851133333333333,-1.1598333333333333,,,-0.8880466666666668,0.42356333333333335,0.93026,,0.6953866666666667,,,,,,,-0.31272999999999995,0.32064,-0.47635266666666665,-0.23356,0.41565,0.11875499999999997,0.91443,,,,
2,43,2,1,,,,,,,,,,,-0.06319799999999999,0.053995,-0.30875333333333327,,-0.09166274999999999,-0.25071,0.08412999999999998,-0.30429,-0.25071,0.10422033333333326,0.38549,0.057344,0.51273,-0.183745,-0.230624,,,,,-0.31098,,,-0.012972499999999998,0.30512975000000003,-0.2373199999999999,,0.98488,,,-0.096684,-0.08329,,,,0.16449,,,,,,,,,,,,-0.34447,,,,,,,,,
3,718,2,1,0.32150599999999996,-0.5435300000000001,0.38585,0.52883,,0.27623066666666657,-0.4005499999999999,,-0.41484,0.107033,,,,,,0.628915,,0.82909,,,0.6146199999999999,0.34295,0.59317,,2.3304,,,2.0873,,,,1.3009,0.9482433333333332,0.8386166666666668,,1.2401675,1.00781,,,,,1.2080000000000002,,,,,2.841525,1.9586,2.60205,,2.4305,,2.4591,,1.9658000000000002,,2.08015,2.3161,,0.9005799999999999,,,0.8004899999999999,2.6878,1.87284,1.544
2,770,2,1,,,,,,,,,,,1.058705,,0.9526325,1.018545,,,0.22143,-0.40939,-0.1685299999999999,,-0.19721049999999996,,-0.1685299999999999,0.22143,,,,0.15643533333333332,-0.47821,,2.6300499999999998,,,,,,1.6608999999999998,,,5.1763,,,,,4.144,0.5425800000000001,,,1.64365,,,,1.7354,,,1.96481,1.873,2.091,,1.00708,2.5153,1.4372,0.37627000000000005,0.84653,,0.19849
0,817,1,1,,,,,,,,,,,,,,,0.2380699999999999,0.34283,0.4214,0.49125,0.36465499999999995,0.28171999999999997,0.705125,1.5104925,0.7400599999999999,,1.63706,1.4689999999999999,2.02777,0.22934,-0.11987,1.3381,,2.627266666666667,3.0492,1.5912,1.7746,1.1518266666666668,2.927,,1.5214,1.3671666666666666,,1.0412,2.3988,0.4476,0.465055,0.21188,,1.3468,0.37775,,2.3682,1.163475,,0.4214,0.52617,0.5545325,1.1721949999999999,0.93211,0.98886,0.098389,0.5087153333333333,1.7484,,,1.084885,1.61745
0,190,1,2,,,-0.7855,,,,,,,,-0.0693039999999999,,,-0.3885699999999999,,,,-0.14264499999999997,,-0.50937,,-0.13833,,,-0.185795,,,,,0.2068199999999999,,,0.21545,,0.388025,0.40096499999999996,-0.060675,,,-0.20736,,,,,-0.06498949999999995,,-0.25914,,-0.013216499999999999,,0.034242,-0.12395400000000001,0.055815000000000003,0.18093,0.051499,0.042870500000000006,,,0.84535,,,,-0.02616,0.2327,,
3,455,2,2,,,,-1.1688,,,,,,,,,,,,,,-0.835965,-0.73227,,,,,,,,,,,,,,,,,,,1.0357,,0.0971669999999999,,,,,,0.18448,0.11899,,,,,-0.4376,,0.40275,,,,,,,0.56645,,0.50097,,,-0.33938
2,68,1,1,,0.2479,-0.47641,-0.16213666666666668,1.5499,0.21872499999999997,,1.50943,-0.012490000000000001,,0.020432666666666693,-0.53327,-0.0753409999999999,,0.29729,0.48733999999999994,,1.54759,0.409525,0.09526,1.3314,0.27484216666666667,0.09525833333333333,0.77766,0.014449,,0.7387600000000001,,1.3792336666666667,0.7417536666666665,,2.0527,2.858525,2.6452999999999998,2.52855,1.0170866666666667,2.28165,0.36463,,0.34667,0.11920333333333333,0.24341000000000002,-0.11126,0.29579,0.25389033333333333,0.68786,0.2636175,0.328714,0.48136,,,1.3793,,0.6699166666666666,0.84949,0.445445,,0.7455957142857143,0.7507405,,1.7384,0.23443500000000003,0.9594825,0.7357616666666668,1.1997,0.42298875
3,157,2,1,-0.6127,,,-0.25725,-0.19177,-0.2853075,,-0.66883,,,,,,,,,,,-0.079515,,,,-0.74366,,,-0.6875399999999999,,-0.4911,-0.47239,-0.8839799999999999,,,,-0.27595,0.42561,,-0.1356385,,-0.31337,,-0.7156,,-0.565935,-0.6220600000000001,,,0.004673,,,1.1646,2.38065,,,,,0.79978,,2.072,0.30401,,0.533185,0.56592,-0.06548400000000004,0.3133599999999999,1.7882333333333333,
2,230,2,1,0.2574599999999999,0.008524,-0.6943600000000001,-0.35756333333333323,-0.57233,0.3477625,0.11590999999999999,,-0.15743300000000005,0.19889,-0.144742,0.06222,-0.47470499999999993,-0.12327,0.276981,0.809055,,0.81393,1.058,,-0.47796666666666665,,1.6111666666666666,0.6528349999999999,2.3856,0.75534,,0.1110299999999999,1.4240499999999998,0.042692,-0.85544,-1.519265,1.565625,2.04885,2.5223,2.2457,0.9278,-0.32827,,0.59914,,0.21516333333333335,0.1696,,0.31604,,0.51128,-0.15255,0.3453199999999999,0.687,,0.30627,0.1207895,,,,-0.09398,,,,,0.75534,,0.57962,0.6251766666666666,0.41366
0,352,1,2,,,,-0.66068,,,,,,-0.39863,-0.329483,,,,,,,,,,,,,,,,,,,,0.64227,,,-0.75531,-0.85721,,,,-0.071075,,,,,,,,,,0.53309,-0.27489,,,,,0.4603,,,,,,,1.1081,,,-0.20938,-0.23121
1,843,2,1,,0.42276,,-0.2246415,0.12559250000000005,-0.0017649999999999,0.3166245,,-0.1715755,-0.4262849999999999,,,,,0.6987,,0.05130000000000001,0.4369166666666667,0.15743,-0.42982666666666663,-0.3449283333333332,,-0.9993700000000002,-0.4581266666666666,-0.45813,0.11498000000000003,-0.5536399999999999,0.10012600000000002,-0.30954,,,,1.5159,-0.05837333333333335,0.66686,1.04365,-0.5960966666666666,0.78891,,0.6084849999999999,0.2741699999999999,0.48644,,1.14977,1.9589825,1.7706,2.2163500000000003,1.31955,2.1491333333333333,2.1102,,1.1232000000000002,,1.4151,1.4522333333333333,,-0.0972805,-0.1185099999999999,,0.71992,,-0.34138,0.68454,0.23173050000000003,0.33609333333333336,0.668976
1,81,1,1,-0.37616,0.63505,,1.4285,1.261237,1.0177794,0.54172,1.00844,1.5996333333333332,1.9691,0.48727,,,,,,,,-0.58619,1.1769766666666668,0.7984049999999999,,1.1251,0.83731,,-0.26726,,1.1874,1.3818,1.5607,,0.7336033333333334,,1.2224,0.7699266666666666,1.234,0.633512,-0.53174,-0.6328600000000001,1.0603266666666666,0.49505,0.868425,0.72452,0.6584,1.051205,,0.53978525,0.7154533333333334,0.642835,0.49503774999999994,,0.5261742500000001,-0.27504,1.2456955,0.19557,0.49765333333333334,2.5797,1.8369,2.2984333333333336,,-0.67176,1.385705,-0.4487666666666666,0.30058,2.4811900000000002,1.8699325
0,406,1,2,,,,,,,0.0102265,,,,,,,,,,,,,,,,,,-0.8411799999999999,,,,,,,,1.7783333333333333,,2.584566666666667,0.030330000000000006,0.055436,1.3187566666666666,1.475715,0.25134,0.8917799999999999,,,,,,,,,,2.3309,,,1.1555,,1.5172,,,2.2178500000000003,,,,,-0.2384099999999999,1.93155,
1,142,2,3,,,-1.1289,-1.1289,,,-1.1289,,-1.1289,,,,,,,,,,,,,,,,,,,,,,2.0576,2.2886,,2.28856,3.216,,1.9455,,3.1401333333333334,,2.489,3.56255,,,,1.847,2.0123,2.0236,2.44825,2.6124666666666667,3.0427,1.819755,,,,,,,,,,1.0588,,,,
2,805,2,1,,,,,,,-0.1383599999999999,,,,,,-0.51212,,,,-0.5270699999999999,,-0.6965033333333333,,,,-0.69152,,,,-0.1383599999999999,,,,-0.49717,,,,,-0.1757385,,,,-0.41494,,,,-0.57192,0.10084,-0.09351,,,,,,3.0161,,,,,,,,,,0.5643,,1.431425,,
0,190,1,1,,,,,,0.53471,,,,,1.2682,,-0.26489,-0.2275,-0.4230899999999999,-0.52663,-0.85884,0.16365000000000007,-0.19011,,,1.5011,-0.37994,0.14642,0.41391,,-1.0789,0.67277,0.4858200000000001,,,,0.85398,,,,,,,,-0.13833,-0.67332,,,,,,,,,,,,,,,,,,,,,,,,
2,172,2,3,,-0.42455,-0.7102433333333332,,,-0.1184555,,,,,,,,-0.2511,,,,,,,,,,-0.49598,,-0.49598,,-0.65923,,-0.61842,-0.61842,-0.28171,,-0.47557333333333335,-0.5674,,,-0.47557,-0.31232,,,,-0.016424,,,,,-0.281707,,,,1.7385,,-0.2613,,0.172336,,,,,0.009083999999999998,-0.5674,,,0.14683,0.41211
2,172,2,1,-0.11846,-0.5572,-0.077644,0.044795,-0.39394,,,,,,,,,-0.59801,,,,0.54475,,,,-0.1898766666666667,,,,,,0.11622,,-0.14907,,0.2769275,0.17744,-0.1669225,-0.20008349999999994,-0.09465133333333335,-0.35823,0.325385,-0.27151,,,,,,-0.43476,-0.036831,,,,0.5141399999999999,,,,,,,0.18764,0.18764,,,,,-0.34802999999999995,-0.297015,-0.16947,-0.2613
3,353,2,2,,,,,,,,,-0.55587,-0.9562250000000001,,,,,,-0.8227700000000001,,,,-0.55587,-0.7827350000000001,-0.722685,-0.46245,,,,,,,,,-0.4758,0.15142999999999998,,,1.0722,-0.4891399999999999,,,-0.6426099999999999,,-0.92953,-0.7360249999999999,,,,,,-0.46245,,-0.51583,,,,-0.07543999999999998,,,-0.22224,,,,,,,-0.208895,
0,275,1,1,-0.26123,,-0.39022333333333337,-0.23972500000000008,0.5844400000000001,0.297765,-0.74139,-0.1035599999999999,-0.46667,,,,-0.30422666666666665,,-0.6553899999999999,-0.7843899999999999,-0.8488899999999999,,,,,-0.16806,-0.5335599999999999,-0.02473,-0.26123,,,,,,1.08608,,,0.691935,,0.13054000000000007,,,,0.903345,-0.060563,1.1578,-0.02473,0.11860000000000001,,-0.39381,,,0.013490000000000002,,1.2008,,,-0.61239,0.29777,-0.1780956,,,0.77793,,0.12218500000000002,0.557555,0.989365,0.4679825000000001,0.8899175,0.5342600000000001
2,181,2,2,,1.2904366666666667,0.3170625,,1.3255,0.44403,0.29072,0.44403,0.9231150000000001,,,,,,-0.54288,-0.17878,0.25878233333333334,-0.51893,-0.55007,0.21886,0.271557,,-0.044636,0.16616,0.45361,,,0.28752666666666665,0.44403,,-0.10213,0.25558666666666663,0.25719000000000003,0.10867,-0.015891,0.3482099999999999,0.5015199999999999,,,,,,,0.9231149999999999,,,,,2.0298,,,,,0.5973366666666666,1.1818,1.3303150000000001,,1.201,1.9675,2.0921,,3.7593,2.4434,3.2754000000000003,3.8072,3.9174
0,407,1,1,,0.2470699999999999,,,,,,,,0.56687,,0.15912,,-1.06415,,,,1.1905,,0.43095333333333335,,1.5583,1.1985,0.39897,,-0.48049,-0.49648,,,,1.8461,3.2212333333333336,0.0192065,1.706164,2.5337,,2.253833333333333,,0.015209,-0.40853,-0.020764999999999978,-0.76031,-0.76031,0.059185000000000015,,,,,,0.42296,,1.6222,0.52489225,0.90266,0.9646275,0.82804,,0.800725,0.7459659999999999,0.19909533333333332,,,-1.0162,,0.2790465,0.047188999999999995
1,144,1,3,,,,,,,,,,,,,,,,,,,-0.86151,,,,,,,,,,,,,,0.87384,,,,0.024825,,,,,,,,,,,,,,-0.47431999999999996,,,,,,-0.65625,,,0.14611,,,,-0.36702499999999993,,
3,86,2,1,0.26825,-0.01993500000000005,1.1195,,0.30372,0.63772,0.78255,,,,,,0.32588999999999996,,,,0.21505,,-0.4056599999999999,,0.073173,0.5194866666666667,,0.4456,-0.583,-0.60073,-0.51206,,-0.5298,-0.4765899999999999,,1.0397,,-0.65837,,,-0.34358500000000003,,,,-0.583,-0.627335,-0.6214233333333333,-0.5564,,,2.6624,,,1.399706,0.9643200000000001,,,-0.4499899999999999,,,,,,,0.56087,0.41013,,0.28599,,0.3569199999999999
2,808,2,1,0.001417,,,,,,,,2.0826,,0.93864,0.42868,-0.49476,,,,,-0.1226299999999999,,,0.48381,,,2.0688,0.4700235,0.001417,,,0.1668099999999999,,,0.855954,0.5527175,1.69665,0.690545,0.7629125,1.5115914285714285,-0.026148,0.4011099999999999,,,,0.2081599999999999,,0.62163,,1.2005,0.015199,,,,,,,1.40035,2.8682,2.03435,2.5374,-0.21911,0.8214994999999999,0.028982,0.304634,1.71045,0.125461,0.80081,
2,181,2,1,,-0.38958,-0.8255399999999999,-0.67703,-0.13087,,,,-0.41353,,,,,,-0.7680549999999999,,-0.75368,,-1.0028,,-0.65786,-0.60037,-0.60037,,,-0.33208499999999996,-0.1548275,-0.092545,0.59734,0.29551499999999997,-0.24585,-0.37041324999999997,-0.67224,-0.6650400000000001,-0.9006133333333333,-0.25781750000000003,-0.035055,-0.6099600000000001,,,,,,,,,,,1.795,-0.5620449999999999,4.133,2.2166,3.2515,,,1.7631333333333332,2.8107,3.4048,,-0.025473,0.41528,0.4951299999999999,1.6896499999999999,2.4658,1.081205,
1,94,1,3,,,,,,,,,,,,,,,,,-0.1157599999999999,,,,,,,,,,,,0.4366,,,,,-0.25206,-0.2687933333333334,-0.1372799999999999,,,,,0.12097,,,,,,0.092272,,,,,0.16401,0.092272,-0.1372799999999999,,,,,-0.18749,-0.4027,-0.49595,,,,-0.43498000000000003,
2,566,1,1,,0.642,-0.14215,0.28841,,,,,,,-0.95959,,,0.1948115,0.3133715,,0.5910375,4.119766666666667,2.2103365000000004,-0.61847,1.5364,-0.11927000000000003,-0.61015,-0.44791000000000003,-0.50407,-0.67255,0.05545100000000001,,,-0.47703,,0.32585074999999997,-0.52279,-0.02359,-0.14839000000000002,-0.05389342857142857,-0.26071,-0.28983,,0.051293,-0.23575,-0.48535,,,,,1.6487,0.93737,-0.29815,-0.048547,0.893715,,0.81257,3.2961,-0.19831,1.8692333333333335,1.11834075,-0.2232699999999999,,,1.41785,1.3949666666666667,0.23849,1.2369,1.0330633333333334,2.76194
3,62,2,1,1.29867,,0.12383,0.12383,,,,,,0.23917,-0.3910905,-0.007992,-0.238675,,,-0.71652,-0.83186,,,,-0.082138,0.3462699999999999,,0.25565,,1.7221,0.1403,,-0.18512499999999993,1.7304,,0.15952666666666668,0.53576,0.6511,1.063,-0.003872500000000001,0.181499,1.096,,,-0.10686,,,-0.20572,0.049679,0.185618,-0.012114999999999945,-0.1274525,-0.17277,-0.362255,-0.19253919999999997,-0.23043824999999998,0.12382616666666668,0.305065,-0.82362,-0.86482,,-0.18924,,-0.70004,0.10735,-0.49407,-0.11509,-0.33479333333333333,-0.23868,-0.61765
0,37,1,2,,,0.23067,-0.90289,,-0.66532,-0.006905,0.07002333333333327,0.1492099999999999,,,,0.8551466666666667,,0.18315,,-0.41417,,-0.41417,-0.5227733333333333,-0.26484,-0.5340866666666667,,,,,,0.62436,,1.0723,0.62436,,0.62436,0.48181,0.3918775,0.4342993333333333,0.38,,,,,,,,,,,,,,,,,,,,,,,,,,,,,
1,718,1,2,,,,,,0.057584,,,,,0.729785,,,,,,1.388805,0.2333199999999999,,,,1.4283,,,,,,,,,,0.12788,,0.5232899999999999,,,0.431025,,0.7166,0.8454800000000001,1.2614,,,,1.03292,1.7798,2.1225,,2.07855,,,3.5021,1.9028,3.5021,1.046135,3.0188,0.30362,1.112,1.6948999999999999,2.5794,0.47936,,0.048797,0.176205,0.21282233333333334,
1,339,2,1,,,,,,,,,-0.47847,,,-0.44016,0.77295,,,,-0.65725,0.5899133333333334,-0.63171,1.9796950000000002,1.1964866666666667,0.13446999999999998,-0.4050475,0.5846,,,-0.3316195,,-0.65725,,,3.582266666666667,2.3372,3.1992000000000003,0.95811,1.9903333333333333,1.9605,2.0627,0.93895,,-0.14646000000000003,,-0.79771,1.9094,,1.9094,0.78572,1.475275,0.73464,1.213485,1.8413333333333333,0.73464,1.92225,2.6117999999999997,1.2933249999999998,0.7133466666666667,1.8201,0.77295,2.95015,0.26216,-0.069845,1.7647403333333334,2.7778,2.1861,2.5575,1.65405
1,137,1,1,-0.64375,0.4836899999999999,,,1.2107999999999999,1.2517,,,-0.77447,,,,-0.1780725,,-0.15355666666666667,,0.4857325,,0.41561000000000003,,0.3448,0.09970499999999996,,-0.22709,0.14873,,-0.35781,,,0.01800999999999997,,1.1455,1.0441259999999999,1.27004,0.9493785,1.3905,,0.018004999999999993,0.798235,0.37748,-0.7336199999999999,0.30191,1.2843,,,,0.643005,1.3959666666666666,0.847275,0.4836899999999999,1.0487743333333333,0.6389299999999999,0.8186733333333333,0.99839,0.6340336,-0.45175999999999994,,0.49186,1.5621,-0.039181,0.90035,0.14056,,0.37748450000000006,0.33663,0.616052
1,233,1,1,,0.795925,,,,,,,,0.1901,,,,,,,,,,1.0088,,,,-0.50575,-0.33384,,-0.6531100000000001,,-0.48938,,,0.17373149999999998,0.14917,0.959625,,,,-0.07596,,-0.28472,,,,,,0.4684399999999999,,,0.1000515,,,-0.018655000000000053,,,,,,,,,,0.1941945,,-0.42389,0.14098,
1,233,1,2,,1.4263,1.0742,,,0.68129,,,,,,,1.8356,0.44388,0.5666800000000001,0.99238,,0.42751,0.6540066666666666,,,,,,,1.9748,,1.6063999999999998,,,1.6801,,1.8096766666666666,1.6555,1.6609666666666667,2.3923,1.180685,,0.64036,0.64036,0.24741000000000002,,,,0.484815,-0.0759615,,0.3825,,0.59943,-0.56306,,,1.0128300000000001,0.890055,0.10824,0.32927,0.13689000000000004,0.67311,0.15736,0.23103500000000002,0.71406,1.6637,1.983,0.988275,2.27765
3,741,2,1,-0.9104099999999999,-1.3498,,,-1.035,-1.376,,,-1.36285,,,-1.0481,-1.5072,-1.1596,,,,,,-1.0088,,-1.2842,,,,-1.4219,,,,,,-0.9235249999999999,,-0.78057,,-0.772695,-0.8645050000000001,,,,,,,-1.01535,-1.2186,-1.035,-1.3629,,,,-1.376,-0.62843,,,,,,,,,,,,,,
1,877,1,1,,,,,,,,,,,,,,,,,,,,,,,,,,,,,,,,0.74693,,1.102625,0.98405,,0.9325,0.8397100000000001,,,,,,,,,2.0563,,1.9841,1.6026,2.2315,1.7573,1.7573,,1.0768,,,,,,-0.39746,,0.7649699999999999,,0.8603299999999999,1.0802666666666667
1,612,2,1,-0.80916,,0.042125,,,,,,,,,,,,,,-0.30533699999999997,0.7891699999999999,,,,,2.4048499999999997,0.7891699999999999,,-0.5311899999999999,,-0.5311899999999999,,,,,-0.6701699999999999,-0.661485,,0.6067499999999999,-0.583305,,,,,-0.80047,,,,,,-0.72229,-0.60068,,,,,,,0.23323,,-0.2184699999999999,1.9879,,0.33747,,,0.9368449999999999,0.823895,0.823915
0,613,1,1,,,,,,-1.10925,-0.48765,1.001,-1.2637,0.92186,0.042897,0.4863399999999999,,0.57344,,,0.97729,0.589275,,0.38339,0.41111,0.126043,-0.293642,,,,0.39923,,-0.02837,,,2.1122913333333333,2.9015,4.5644,1.5949,-0.036291000000000004,-0.41638,-0.5272399999999999,,,,0.225025,,-0.5114,-0.37679,2.6243,,-0.51932,,,-0.27384,-0.30552,1.864185,,0.4388366666666667,-0.37679,,,1.0248,3.1786,0.9746666666666667,1.8443550000000002,,1.00896575,4.7069,-0.13923
0,37,1,1,-0.61102,,,0.27139,-0.7671399999999999,-0.40738,,-0.8870433333333333,,-1.0420500000000001,,,-0.76035,,-0.76035,-0.95719,,-0.6856800000000001,,-0.8259633333333333,-1.0522,,-0.54993,,,,,,,,0.86872,1.371,,0.00667,,,,,,1.0995,,,,,,,,-0.97077,-0.953795,-0.46169,,,,-0.8706475,,,,-1.0251,-0.8078649999999999,-0.851985,-1.018295,,-0.48205,-0.5533250000000001,-0.40398999999999996,
2,172,2,2,,-0.72045,-0.91431,,,,,,,,,,,,,,,,-0.61842,-0.62862,-0.751055,-0.95512,,-0.71024,-0.70004,-0.27151,,,,,-0.73065,0.7012133333333334,,0.87126,1.0583166666666666,0.99881,0.7590199999999999,-0.133762,,,2.1161,,0.7794300000000001,0.75902,,,0.95288,0.835543,,0.1842366666666667,0.47333000000000003,,,-0.09039775,,-0.29871333333333333,-0.10315350000000001,0.67485375,0.11621500000000001,0.17488125,,,,-0.50618,-0.266405,-0.35652999999999996
3,27,2,1,-0.2577,-0.22357,,,,0.08701,,-0.04267999999999998,,-0.032443,0.083598,,,0.35664,-0.31231,-0.19285,,-0.15531,-0.6240266666666666,-0.6604300000000001,,-0.42152,-0.48296,-0.022205000000000003,,,0.049468,0.6365,0.51363,0.49316,,0.34810749999999996,0.39418,0.4641475,0.42830999999999997,0.298615,0.22694,,,,,,,0.076772,,,0.1109,0.16551,0.284964,-0.1280099999999999,0.1109,0.21101666666666666,0.083598,0.056294,,,-0.087051,-0.11776799999999996,-0.08022499999999999,-0.09160333333333333,-0.030167,,0.049470000000000014,-0.40105,-0.3532666666666667,-0.29183
0,353,1,1,,,0.008867,,,1.3226,,-0.14993,1.6835,1.272,,,0.0738299999999999,0.48526,0.5068929999999999,2.0516,0.10992,1.5824,1.0699,1.5752,0.723455,,0.718638,0.61519,0.8630033333333333,0.68015,,,,2.8961,2.04435,1.847671,1.3731,1.752045,3.2642,0.39143,1.25037,2.5857,0.52135,-0.005569,-0.005569,0.13879,0.1243599999999999,-0.3448199999999999,,,,3.4410499999999997,2.4774333333333334,1.0103875,2.5316,2.2194175,-0.14271,0.2506750000000001,0.6910000000000001,1.228725,,0.27593999999999996,-0.415197,0.6729400000000001,0.4997,0.42271349999999996,0.330075,-0.4530899999999999,0.6873828571428572,1.53912
1,878,1,1,,,,,,,,,,,,,,,,,0.47231,,,0.41793,0.99435,,0.8094600000000001,,,0.8094600000000001,,0.49406,,0.40706,,,,,,,,,,0.74421,0.73333,,0.74421,,0.74421,1.3424,,,1.1901,,,2.1363,,2.0276,,1.6958000000000002,,2.28315,1.5599,,,,,,1.7883,
1,13,1,1,,,,,,,,,,,,,,,,,,,,2.3758,,,,,1.4742,0.9585,,,,,-0.29065,0.10664,,0.8859299999999999,0.404605,,0.10664,0.282375,,0.1754,0.973769,,0.27013999999999994,,-0.42817,,1.5659,0.96233,,1.161,2.0778,,0.8431556,0.22124,0.22124666666666662,0.42752500000000004,1.8257,,0.64909,0.29764,-0.1684,,,-0.14548,1.0311,0.366405
0,99,2,1,,,,-0.36941999999999997,,,,1.1938,-0.6837300000000001,-0.39836999999999995,-0.1461,-0.32807,-0.49624666666666667,,,-0.2205399999999999,,,,1.8361999999999998,2.7323,,,,0.9704949999999999,,,,,,,,0.184745,,,0.085491,0.23437,,,,,,,,,,0.14339,,,,,,,0.24264,1.19383,0.5011175,0.72237,,0.48251,,0.62312,,,,0.8188533333333333,0.33363
2,641,2,1,-0.87169,,,,,,,,,-0.98076,,1.1051,,,,-1.008,-0.61266,-0.23093,,0.11672000000000005,,-0.46951,-0.27864500000000003,-0.27183,,-0.39453,,,-0.65356,,,,,,,,,-0.29227999999999993,,,-0.7149099999999999,,-1.3489,-0.742175,-0.6399266666666666,-0.91259,,,,,0.43710333333333334,0.20534,,,,,,,0.81885,,,0.2189699999999999,,,0.3825699999999999,0.6007
0,158,2,1,,,,,-0.5494450000000001,-0.19677,-0.16441499999999995,,-0.57209,-0.37796,-0.49012000000000006,-0.31325,,1.1535,-0.4361999999999999,,,0.13972,0.64771,0.8838799999999999,-0.37795999999999996,-0.25501,0.34679,0.32414,-0.17089,0.13001500000000002,0.5926899999999999,-0.002644999999999953,,,0.57328,3.2264,-0.5915,-0.6303300000000001,-0.46531999999999996,-0.56562,-0.33050833333333335,0.72211,0.68975,-0.17736,,0.03294999999999998,-0.52032,-0.37796,,-0.81799,-0.71445,-0.523555,1.8481,1.05536,1.7807400000000002,2.9675,1.805985,,2.2428,-0.4815,1.06182,0.40824499999999997,-0.6756300000000001,,,2.7022,1.40932,1.152415,2.8348775,2.2816300000000003
2,117,1,1,-1.1614,,,,,-0.26408300000000007,,-0.029324999999999962,,-0.013674999999999993,0.34107,,,-0.5562199999999999,,,,-0.38929,,,,3.6694,2.33385,,-0.36493966666666666,,0.35497633333333334,0.048926,0.26803,0.1532599999999999,,0.12978499999999998,,0.8314566666666666,-0.39971500000000004,0.40367,0.033275,,,1.1445,1.4157,0.45583799999999997,,1.0714,,,0.5706100000000001,0.5706100000000001,,,0.4767,0.78971,,0.75841,3.2677,2.330366666666667,,,,0.4384433333333333,,,1.301,1.2488,3.3459,
1,189,2,1,0.19599,,,,-0.2305826666666667,0.0097019999999999,0.12039466666666665,,,0.11904400000000001,2.1479399999999997,0.90874,,,0.90874,,,-0.2272075,,-2.011125,,-0.038895,,,-0.46815500000000004,,,-0.8650399999999999,-0.93793,,,,-1.067515,-0.95413,-0.97843,-0.91364,-0.89472,0.017802,,,,,,,,,,,,,,,,,,,,,,,,,-0.059145,0.034,-0.46817,-0.49246
1,77,2,1,,,-0.7807,-0.9304,-0.95055,-0.8833799999999999,-0.95055,-0.58495,,,,,,,,,,,,,,,,,,-0.66267,,-0.6511600000000001,,,-0.737525,,-0.1358599999999999,,-0.092678,-0.46692,-0.19919299999999995,,,,-0.2107099999999999,-0.1761599999999999,,,-0.35896,,-0.49571,-0.2164599999999999,-0.54752,,,-0.44677,,-0.606535,,-0.587825,-0.54752,-0.7087333333333333,-0.77495,-0.54752,,,,-0.420855,-0.4623132,-0.631005
0,406,1,1,,,0.90685,,,,1.148,,1.4569,,0.73355,,,,,,,,,,,0.002695000000000003,,-0.66789,-0.97681,,,,,,-0.99188,-1.0106950000000001,-0.965495,-1.0558999999999998,-1.0823,-1.0420999999999998,,,-0.84872,-0.69049,-0.2384099999999999,,,,-0.701795,,,,,,,,,-0.13293,0.28147333333333335,0.5753199999999999,1.8863,0.925705,1.4569,1.6263999999999998,0.32668,-0.17814,2.0973,2.3384,1.5737,0.97088
2,569,2,1,-0.8680366666666668,-1.2879,,,-0.7098,,,,-1.3184,-1.05671,,0.33084,-1.4157,,-0.45015,-0.989725,-1.3427,-1.3062,-0.94106,-1.3548499999999999,-1.2819,-0.7848609999999999,0.5012399999999999,,-1.4888,,,0.53167,,0.38561,,-1.3549,-1.06278,-1.217955,-1.1966733333333333,,-1.4401,-0.636775,,-0.1621,,,-0.7463133333333333,-0.98974,,-0.016041,,,,-1.20885,,-0.69763,,,,-0.97757,,-0.92889,,,-0.989735,-0.63678,-0.81326,-1.02017,-1.0019,
1,663,1,1,,,,,,-0.054176,0.76093,,0.54745,,,0.1496,,,,,-0.10269,,-0.015361,,,,,-0.8983899999999999,,,,,,,,0.18842,0.29516,1.0035,,0.25634,,,,0.74152,,0.79975,,0.74152,,,,-0.26766,,0.7512300000000001,,,-0.26766,1.5145633333333333,0.21753,2.1583,,,-0.46173,,-0.6364,,,0.23208499999999996,1.4693,
3,853,2,1,-0.1794599999999999,,,,,0.28625,,,,,,,,,,,,,-1.2218,,,,,,,,,,,,,,,,,,,,,-0.21272,-0.67843,,-0.21272,-0.168365,,,,,-0.22380999999999998,,,,-0.12956,,0.020134,,,,-0.550915,,-0.284795,,-0.45111999999999997,,,
2,198,2,1,,,0.382949,,0.07062325,0.2105199999999999,,-0.18639,0.3797,0.838425,0.24956,,0.080385,,,,,1.34595,,1.3492,,,,,,-0.32954,,,0.58141,,2.1626,,2.3057,3.2687,1.7722,1.2234,0.3862,,3.4704199999999994,0.3797,0.5749,5.8779,4.6547,4.853759999999999,3.941498,0.19751,,,4.3163,,,0.0153169999999999,,0.4057199999999999,,,,,,2.2732,,,1.2364533333333334,1.0412333333333332,2.935795,4.220866666666667
3,353,2,1,-0.16885599999999998,0.43168,,,,-0.04875,-0.92953,-0.95622,-0.39573,0.2915649999999999,-0.5158216666666666,-0.7204533333333334,-0.25559999999999994,-0.90284,-0.98291,-0.39573,,,,-0.3023099999999999,,,,-0.3023099999999999,-1.05632,-1.04963,-1.103,-0.8761533333333333,-0.8561350000000001,-0.8628100000000001,,,,-0.8227700000000001,-0.4891399999999999,-0.5625399999999999,,,,-0.07544,-0.60925,-0.70267,0.004631,-0.76939,,,,,,,,,,,,,,,,,,,,,,
0,352,1,1,-0.23121,,,1.1009,,,0.34383,,0.16186,,,,,,,,,,,,,,,,,,-0.31856,,0.34383,,,0.0890649999999999,,,0.25648,0.45301499999999995,0.0890649999999999,0.68595,,,,0.038111,0.027191000000000003,,,,,,,,,,,,,,,,,0.030832,,0.7077899999999999,,0.04539,0.918855,1.9052
0,922,1,1,,1.6392,0.738,0.67655,,1.844,2.1103,,0.38468,,,1.8543,,0.15425,,,,1.3525,,,,0.6663100000000001,,,,,,,,,,2.2332,,2.2946,,,,2.2434,2.0898,,2.0489,,,,,,,,0.57414,,0.17474,,,0.27203,,,,,,,,,,,,
3,718,2,2,,,,,,,,,,,,,,,,,-0.38625,,,0.13563099999999995,-0.043094,-0.31476,0.32865,,,,,,,,,-0.7437,-1.144,-1.1726,-1.3084500000000001,-1.1726,-1.144,-1.4157,,,,,,,,,-0.2146699999999999,,,-0.12888,-0.64361,,-0.7294,-0.7961533333333334,,,,,-0.314756,-0.19085666666666667,-0.80806,,,,-1.2155,-0.6865100000000001
0,620,2,1,0.015969,,0.12889,,,,,,0.4676399999999999,-0.44276,,1.27575,,0.562912,0.02067366666666667,1.491,,,,,-0.040491,-0.047548,,,0.30532,0.2065199999999999,-0.68271,,,,0.2065199999999999,,,,,,,,,,,,0.27709,,,,,,,,,,,-0.35102,-0.49922,,-0.62625,,,,,-0.16752,-0.1110599999999999,,,
2,118,1,1,-0.28784,-0.38355,-0.82384,,-0.096407,-0.29741,-0.13469,0.018449999999999994,-0.36919500000000005,,,-1.01525,,,,,,-0.15384,0.35345,1.9519,,,0.5927399999999999,0.25774,-0.5367,,-0.038978,-0.55584,-0.038978,,-0.91956,,,1.08091,1.1383,,0.73632,,0.28645349999999997,-0.23041,-0.2591199999999999,-0.378765,-0.38355,-0.44576499999999997,-0.6802699999999999,,0.93732,0.750675,0.8224600000000001,,,,0.9373199999999999,2.4688,,0.65974,,0.29603,0.67889,1.1575,,0.3821699999999999,,,,
0,885,1,2,,,,,,,,,,,,,,,,,,,1.1907,,1.2444,1.2214,,1.7887,,,,,,2.977,,,,,,,,,0.99903,,1.367,,,,,,,0.37037,,,,,0.18638,,,,,,-0.29662,,1.6277,2.3637,1.6277,,1.942,2.321475
0,215,1,1,-0.3961,-1.0154,,,-0.5401199999999999,0.1176,-0.6049300000000001,2.8661,,-0.302479,0.108,,-0.76336,,,,0.0935966666666667,0.014378499999999999,-0.009626666666666636,1.7139,-0.014427,0.325476,,-0.49691,,,0.25922249999999997,,,,0.95775,0.21293428571428571,,0.04678499999999999,0.99376,0.11879999999999996,1.299815,,,,0.057586,0.6660950000000001,,0.522075,0.12960000000000002,,1.9275000000000002,1.9875500000000001,0.6913,,1.4042,0.9793649999999999,1.8579325,,2.40162,,,0.7057,,,0.7009033333333333,2.0596,0.18001,4.2343,,3.4962
2,516,2,1,-0.51937,,-0.5625600000000001,-0.55536,,,,,-0.72454,-0.9945,-0.9351149999999999,-0.962105,,-0.64895,-0.7785299999999999,,,-0.10903,-0.64895,,,-0.837925,-0.7461399999999999,,-0.38979,-0.90811,,,-0.80013,-0.8109266666666667,-1.0052999999999999,,,-0.254805,-0.2818,0.5928733333333334,,,,,,,,,,,,,-0.3196,,-0.24941,-0.325,-0.044237,,,,,,,-0.58416,-0.53017,,,-0.46538,0.3013099999999999,0.17443074999999997
2,584,2,1,-0.22812,,0.8241649999999999,-0.3821199999999999,,1.9022,0.2082,-0.18963,0.77713,,,,,-0.048462,0.5675266666666666,,0.10553,0.1696995,0.15258866666666668,,0.11837,0.06917433333333334,,,0.33011500000000005,0.59319,,,1.4145,0.96961,0.34080666666666665,0.9332449999999999,,1.4145,1.2477,1.145,1.2605,,,,,0.77285,,,2.2102,1.8252,,1.452986,0.8241800000000001,,0.97818,1.0295,0.5675233333333334,1.0423,0.3237,3.3523,1.5685,1.9406999999999999,1.6583,1.376,,0.3622,0.11837,1.21561,1.0295333333333334,1.7823666666666667
0,610,2,1,,-0.4313099999999999,-0.50054,-0.4936203333333333,,-0.96439,-0.61824,-0.5628549999999999,-0.83286,,,,,,,,,-0.19592,,,,0.32331,,0.23331,,,,,-0.46593,,,-0.4330425,,-0.03842749999999995,,-0.50747,,,,,-0.77055,,1.0295,0.35446500000000003,,,,-1.0059,,,-0.9644,1.0849,,,,,,2.4487,,,,0.10177,,0.4860300000000001,-0.99901,
2,199,2,2,,-0.426975,,,-0.8426100000000001,-0.8341366666666667,-0.6984066666666666,-0.54573,-1.0038,,,,-0.90199,-0.79172,,,-0.37607999999999997,0.23041000000000006,,,-0.5626899999999999,-0.380325,-0.23753599999999997,0.47216,,,,,,-0.58814,,-0.25223799999999996,-0.27429,,,-0.3676,-0.5118,,0.6418,-0.30256666666666665,-0.5542100000000001,-0.55421,-0.21774333333333332,,-0.265815,,0.62484,,,0.5315300000000001,,0.9004945,-0.28278,-0.11878333333333337,0.98111,0.5763598571428571,1.0235,0.17951299999999998,0.36868059999999997,0.30251,,0.94717,,0.1159,0.45519,1.445934
2,199,2,1,-0.93592,,-0.82565,,,-1.1593,-1.0377,-0.4439399999999999,,-0.80303,-0.6984100000000001,-0.19795,,-0.35064,,,,,,,,,,0.63332,0.77752,1.0659,1.4476149999999999,1.0659,,1.2356,,,0.55414,-0.41001,0.44671,0.294025,0.10458666666666667,-0.67297,,,,,,,,,1.40095,,1.753,1.6936,1.9616599999999997,,,4.5183,,,,,,,,,,0.8199299999999999,,3.933
3,455,2,1,0.12990999999999994,,,,,,,,,,,,,,,,,,,,,1.0794,,,,,,0.8283799999999999,,1.4941,0.5555399999999999,1.0139,,1.0139,1.0139,0.09171149999999996,0.337265,,,,,,,,,,,,,,,,0.99208,,,,,,,,,,,,,0.5337093333333334
0,116,1,1,,0.091638,0.1102,0.13805,,,,-0.48387499999999994,-0.5457633333333334,,,,,0.11949,,,,-0.74379,,,-0.46531,-0.766995,,,1.4469,,,,,,,-0.49315999999999993,,,-0.58599,-0.19148099999999998,-0.54886,,1.2148,-0.15899,0.662505,,,,0.848165,0.39796,0.47222,,2.0038,3.1642,3.1642,,2.4772,,,3.3149999999999995,2.3937,,,,,-0.001187,,2.8764,3.1502499999999998,
1,84,1,1,-0.81809,,,,,,-0.68288,-0.44627,-0.64908,-0.60176,-0.96005,,,,1.0275,0.1689,0.34467,0.1925655,0.25679,0.70972,0.22299,-0.436135,,0.067505,-1.014125,,,0.4077633333333333,-0.81133,,0.15538,-0.17587,,0.06750200000000002,-0.1353,-0.375295,-0.473315,-0.41923499999999997,,-0.595,-0.15559,-0.040662,,-0.5476800000000001,-0.0643225,0.51368,0.7840925,,1.0257675,0.1756599999999999,1.1390049999999998,0.7638,1.2397133999999999,,0.48438333333333333,-0.033902,,,3.0488,1.1018,1.1018,0.7502800000000001,0.7345100000000001,0.8111195,0.191888,0.023559666666666663
0,844,1,1,,,,,,,,,,,,,,,,,-0.38474,,,,,,,,,,,,,,,1.15305,0.60833,,0.72985,,0.034275,,,0.025894499999999997,-0.30932,,,0.20188,-0.0076269999999999,,1.0483,,0.4616699999999999,,,,0.5203399999999999,,,,,,0.2270199999999999,,,0.5007833333333332,,,,
0,310,1,1,-0.71335,,-1.0643,,-1.09125,0.37992,,,,-1.0778,,,,,,,-0.7066,-0.6256200000000001,-0.8550700000000001,,,-0.601985,-0.6020000000000001,,,,-0.8685700000000001,,,-0.24095,,,-1.3612,,,,-0.5243950000000001,-0.63237,,,-0.1802099999999999,,,-0.021618,,,1.6959,-0.018240000000000034,,-0.521015,,-0.099229,,0.595855,0.59588,-0.4096663333333333,-0.65936,-0.5626366666666667,0.09985299999999994,,-0.8483299999999999,-0.254449,-0.213955,-0.524395,-0.3174333333333333,-0.3174333333333333
1,36,1,1,,,0.7449100000000001,,,,,,,,,,,,,,,,,,,,,,,,,-0.15504,,-0.40274,-0.006425333333333357,,-0.56786,0.059624,-0.26238,,,,,,,,,,,,,,,,,,,,,,,,,,,,,,,
1,468,1,1,,,-0.11558500000000002,,-0.48616,-0.60968,-0.78468,,-0.35234,,,,-0.16706,0.7027370000000001,0.60497,0.6873199999999999,,,,0.95495,0.2241,,0.2241,,,,,0.12117,,-0.26999,-0.17735,1.4748,0.52262,0.79025,0.75937,0.52262,2.5505,0.028523,-0.45528,0.007936,0.285865,,0.11859499999999998,1.9431500000000002,-0.0744129999999999,0.04911499999999999,,0.16234,0.53806,,0.5535,1.2534999999999998,,0.661585,,,0.8520233333333334,0.72849,,0.8829,,0.069698,-0.465575,0.63585,0.5260533333333334,1.38728
1,718,1,1,,,,-0.6761349999999999,,,,,,,,,,,,,,,,,,,,,,,,-1.2165,,,-1.3132,0.2904400000000001,0.3827,0.54965,,,,,,-1.2868,,-1.1989,,,,,,,,,,,,,,,,,,,,,,,,
1,194,1,1,,,,,0.77689,2.2791,,,0.1509599999999999,,,,,,,,3.8873,,,,,,,,,,0.95986,,,,-0.46534,-0.5953425,,,,,-0.5809,-0.61942,,,,,,,,,,,0.93097,,,1.21505,,,0.579485,,,0.27615,1.8265,1.7350400000000001,,5.3029,0.5425733333333334,,,
0,544,1,2,,,,,,,,,,,,-0.88046,-0.92393,-0.65222,,,,,,,,-0.84785,-0.79351,,,,,,,,,-0.31531,,,0.054212,0.054212,,,,0.402,-0.05446999999999995,0.429165,,,,,5.4992,,4.7384,4.1624,,3.7494,,,,,,2.9126,,,3.6407499999999997,,2.217,8.4336,7.2381,
0,648,2,1,,,,,,,,,,,,,,,,,,,0.077386,,0.1716915,0.16819700000000004,-0.25093,0.4615899999999999,,,,,,,-0.09724999999999995,1.4885,0.57335,0.3009199999999999,0.8295,,,,,,,-0.2649,,-0.36968500000000004,-0.43255,-0.1880599999999999,,,,,,,,,,,,,,,,,,,,0.4126899999999999
1,826,1,1,,,,,,,-0.02065,-0.2302699999999999,-0.28744,,,-0.027001333333333336,0.084163,-0.16358,,,,,-0.4399,,,0.74639,,-0.78292,,,0.88457,,,,,,1.2466,0.52247,0.8083199999999999,,0.83691,,,,,,,1.4944,,0.48436,1.30855,,1.2116666666666667,0.92266,2.37095,,,0.56058,0.9703,1.5483500000000001,,0.4271899999999999,0.817855,,,1.8659666666666668,1.65637,0.4271899999999999,,2.0883
1,820,1,1,-0.25911,,,,,,-0.36657,,-0.25911,,-0.72802,,0.86433,,1.4993,,,,,,,0.40519,,,0.4345025,,,,0.39542,-0.14675999999999995,-0.49356,,,-0.28841,,-0.39587,-0.4056449999999999,0.007920000000000002,,,,0.5321899999999999,,-0.19072,,,0.712907,0.136542,0.62988,,,,0.7178100000000001,,,,,1.05485,0.20981,0.64942,,0.63965,0.5468474999999999,,0.69338,0.5321933333333333
1,94,1,1,,,-1.084175,-1.1344,-0.74703,0.02771,0.55855,-0.99093,-0.6728999999999999,0.19987333333333335,,0.21422,0.5848513333333334,,-0.36443999999999993,,,,,,,,,,,0.29313,,,,,-0.67529,-0.61073,-0.5676899999999999,,-0.37401,-0.59638,-0.5796433333333333,-0.266405,,,,,,0.62311,,,,,,,,-0.696815,2.1582,1.8139,,0.79705,1.06548,0.757974,-0.029677499999999996,,,,0.7378899999999999,1.3261,,1.032
2,210,2,1,-0.39221333333333336,,,-0.79487,,,,-0.8731700000000001,-1.1864,-0.89554,-1.1938,0.32363,,,,,0.77105,0.98355,1.4682199999999999,1.9455,1.0618,1.5764,,2.683666666666667,,,,,,,-0.257995,,0.004854999999999998,0.54733,0.61444,0.647995,,0.195,,1.49805,0.54733,,3.0863,,,,,,,,,,,,,-4.307,-4.307,-1.6822333333333337,3.69035,0.6106999999999999,2.885,,3.5002,1.3079,,1.604329
1,144,1,1,,,,,,,0.5846100000000001,-0.69357,,,0.11812,,,,-0.99212,,,,,,-0.385685,,,,,,,,,,,,,,,,-0.8055233333333334,,,-0.7091200000000001,,,-0.74022,-0.6469199999999999,-0.36703,,0.090134,,,,,,,0.29072499999999996,,,,-0.18043,,,,,,-0.021824,,0.10879
0,250,1,1,,,,-0.3919,0.4974566666666666,,,,-0.859015,,-1.144,,,-0.86693,,,,,-0.8431866666666666,,,-0.51066,,,,-1.4924,,,,-1.4766,-1.4686,,-1.5874,-1.1995,,,-1.2707,,,,,,,,,,,,,,,,,,,,,,,,,,,,,
